fecha,colcap_puntos,colcap_base100,fuente
2008-01-15,980.210000,110.587001,BanRep_serie_6_BVC
2008-01-16,958.990000,108.192967,BanRep_serie_6_BVC
2008-01-17,928.380000,104.739556,BanRep_serie_6_BVC
2008-01-18,903.490000,101.931473,BanRep_serie_6_BVC
2008-01-21,832.370000,93.907736,BanRep_serie_6_BVC
2008-01-22,879.670000,99.244108,BanRep_serie_6_BVC
2008-01-23,890.890000,100.509945,BanRep_serie_6_BVC
2008-01-24,933.790000,105.349910,BanRep_serie_6_BVC
2008-01-25,939.610000,106.006521,BanRep_serie_6_BVC
2008-01-28,930.970000,105.031759,BanRep_serie_6_BVC
2008-01-29,946.510000,106.784977,BanRep_serie_6_BVC
2008-01-30,936.550000,105.661293,BanRep_serie_6_BVC
2008-01-31,937.330000,105.749292,BanRep_serie_6_BVC
2008-02-01,938.160000,105.842932,BanRep_serie_6_BVC
2008-02-04,945.180000,106.634927,BanRep_serie_6_BVC
2008-02-05,920.470000,103.847152,BanRep_serie_6_BVC
2008-02-06,900.890000,101.638142,BanRep_serie_6_BVC
2008-02-07,891.300000,100.556201,BanRep_serie_6_BVC
2008-02-08,906.030000,102.218035,BanRep_serie_6_BVC
2008-02-11,920.780000,103.882126,BanRep_serie_6_BVC
2008-02-12,915.740000,103.313515,BanRep_serie_6_BVC
2008-02-13,918.850000,103.664384,BanRep_serie_6_BVC
2008-02-14,928.670000,104.772273,BanRep_serie_6_BVC
2008-02-15,929.630000,104.880580,BanRep_serie_6_BVC
2008-02-18,944.250000,106.530004,BanRep_serie_6_BVC
2008-02-19,945.400000,106.659747,BanRep_serie_6_BVC
2008-02-20,941.380000,106.206212,BanRep_serie_6_BVC
2008-02-21,944.380000,106.544671,BanRep_serie_6_BVC
2008-02-22,940.050000,106.056162,BanRep_serie_6_BVC
2008-02-25,938.490000,105.880163,BanRep_serie_6_BVC
2008-02-26,938.580000,105.890317,BanRep_serie_6_BVC
2008-02-27,935.150000,105.503345,BanRep_serie_6_BVC
2008-02-28,931.030000,105.038528,BanRep_serie_6_BVC
2008-02-29,914.900000,103.218746,BanRep_serie_6_BVC
2008-03-03,896.730000,101.168812,BanRep_serie_6_BVC
2008-03-04,859.790000,97.001252,BanRep_serie_6_BVC
2008-03-05,897.610000,101.268093,BanRep_serie_6_BVC
2008-03-06,889.830000,100.390356,BanRep_serie_6_BVC
2008-03-07,900.790000,101.626860,BanRep_serie_6_BVC
2008-03-10,907.830000,102.421111,BanRep_serie_6_BVC
2008-03-11,911.720000,102.859979,BanRep_serie_6_BVC
2008-03-12,914.890000,103.217618,BanRep_serie_6_BVC
2008-03-13,912.740000,102.975056,BanRep_serie_6_BVC
2008-03-14,902.130000,101.778039,BanRep_serie_6_BVC
2008-03-17,890.570000,100.473843,BanRep_serie_6_BVC
2008-03-18,899.670000,101.500502,BanRep_serie_6_BVC
2008-03-19,902.560000,101.826551,BanRep_serie_6_BVC
2008-03-25,895.080000,100.982660,BanRep_serie_6_BVC
2008-03-26,891.730000,100.604714,BanRep_serie_6_BVC
2008-03-27,887.890000,100.171486,BanRep_serie_6_BVC
2008-03-28,890.030000,100.412920,BanRep_serie_6_BVC
2008-03-31,889.280000,100.328305,BanRep_serie_6_BVC
2008-04-01,913.730000,103.086747,BanRep_serie_6_BVC
2008-04-02,919.300000,103.715153,BanRep_serie_6_BVC
2008-04-03,923.040000,104.137099,BanRep_serie_6_BVC
2008-04-04,922.000000,104.019766,BanRep_serie_6_BVC
2008-04-07,928.320000,104.732787,BanRep_serie_6_BVC
2008-04-08,930.570000,104.986631,BanRep_serie_6_BVC
2008-04-09,936.530000,105.659036,BanRep_serie_6_BVC
2008-04-10,922.050000,104.025407,BanRep_serie_6_BVC
2008-04-11,917.730000,103.538026,BanRep_serie_6_BVC
2008-04-14,917.570000,103.519975,BanRep_serie_6_BVC
2008-04-15,931.610000,105.103963,BanRep_serie_6_BVC
2008-04-16,936.550000,105.661293,BanRep_serie_6_BVC
2008-04-17,934.660000,105.448063,BanRep_serie_6_BVC
2008-04-18,952.820000,107.496869,BanRep_serie_6_BVC
2008-04-21,953.250000,107.545382,BanRep_serie_6_BVC
2008-04-22,950.970000,107.288153,BanRep_serie_6_BVC
2008-04-23,942.210000,106.299852,BanRep_serie_6_BVC
2008-04-24,949.520000,107.124564,BanRep_serie_6_BVC
2008-04-25,953.070000,107.525074,BanRep_serie_6_BVC
2008-04-28,962.400000,108.577682,BanRep_serie_6_BVC
2008-04-29,969.110000,109.334702,BanRep_serie_6_BVC
2008-04-30,985.950000,111.234586,BanRep_serie_6_BVC
2008-05-02,1012.310000,114.208513,BanRep_serie_6_BVC
2008-05-06,1032.080000,116.438959,BanRep_serie_6_BVC
2008-05-07,1010.960000,114.056207,BanRep_serie_6_BVC
2008-05-08,1001.240000,112.959599,BanRep_serie_6_BVC
2008-05-09,1008.490000,113.777542,BanRep_serie_6_BVC
2008-05-12,1010.270000,113.978361,BanRep_serie_6_BVC
2008-05-13,1015.630000,114.583075,BanRep_serie_6_BVC
2008-05-14,1027.740000,115.949321,BanRep_serie_6_BVC
2008-05-15,1024.580000,115.592811,BanRep_serie_6_BVC
2008-05-16,1016.110000,114.637228,BanRep_serie_6_BVC
2008-05-19,1016.100000,114.636100,BanRep_serie_6_BVC
2008-05-20,1009.480000,113.889234,BanRep_serie_6_BVC
2008-05-21,1015.600000,114.579690,BanRep_serie_6_BVC
2008-05-22,1008.670000,113.797850,BanRep_serie_6_BVC
2008-05-23,1003.070000,113.166059,BanRep_serie_6_BVC
2008-05-27,999.500000,112.763293,BanRep_serie_6_BVC
2008-05-28,1000.230000,112.845651,BanRep_serie_6_BVC
2008-05-29,1010.150000,113.964823,BanRep_serie_6_BVC
2008-05-30,1019.780000,115.051277,BanRep_serie_6_BVC
2008-06-03,1004.800000,113.361237,BanRep_serie_6_BVC
2008-06-04,1015.920000,114.615793,BanRep_serie_6_BVC
2008-06-05,1015.360000,114.552613,BanRep_serie_6_BVC
2008-06-06,1013.730000,114.368717,BanRep_serie_6_BVC
2008-06-09,1004.280000,113.302571,BanRep_serie_6_BVC
2008-06-10,990.500000,111.747916,BanRep_serie_6_BVC
2008-06-11,989.390000,111.622686,BanRep_serie_6_BVC
2008-06-12,990.290000,111.724224,BanRep_serie_6_BVC
2008-06-13,991.850000,111.900222,BanRep_serie_6_BVC
2008-06-16,991.660000,111.878787,BanRep_serie_6_BVC
2008-06-17,979.840000,110.545258,BanRep_serie_6_BVC
2008-06-18,972.130000,109.675418,BanRep_serie_6_BVC
2008-06-19,941.470000,106.216366,BanRep_serie_6_BVC
2008-06-20,959.270000,108.224556,BanRep_serie_6_BVC
2008-06-23,959.130000,108.208762,BanRep_serie_6_BVC
2008-06-24,956.220000,107.880456,BanRep_serie_6_BVC
2008-06-25,956.140000,107.871431,BanRep_serie_6_BVC
2008-06-26,942.990000,106.387852,BanRep_serie_6_BVC
2008-06-27,945.310000,106.649593,BanRep_serie_6_BVC
2008-07-01,924.700000,104.324379,BanRep_serie_6_BVC
2008-07-02,924.470000,104.298431,BanRep_serie_6_BVC
2008-07-03,938.440000,105.874522,BanRep_serie_6_BVC
2008-07-04,943.760000,106.474723,BanRep_serie_6_BVC
2008-07-07,936.940000,105.705292,BanRep_serie_6_BVC
2008-07-08,925.660000,104.432686,BanRep_serie_6_BVC
2008-07-09,932.350000,105.187450,BanRep_serie_6_BVC
2008-07-10,929.810000,104.900888,BanRep_serie_6_BVC
2008-07-11,917.540000,103.516590,BanRep_serie_6_BVC
2008-07-14,915.400000,103.275156,BanRep_serie_6_BVC
2008-07-15,901.610000,101.719372,BanRep_serie_6_BVC
2008-07-16,900.000000,101.537733,BanRep_serie_6_BVC
2008-07-17,909.830000,102.646750,BanRep_serie_6_BVC
2008-07-18,911.320000,102.814852,BanRep_serie_6_BVC
2008-07-21,919.190000,103.702743,BanRep_serie_6_BVC
2008-07-22,917.090000,103.465821,BanRep_serie_6_BVC
2008-07-23,922.510000,104.077304,BanRep_serie_6_BVC
2008-07-24,926.070000,104.478942,BanRep_serie_6_BVC
2008-07-25,932.590000,105.214527,BanRep_serie_6_BVC
2008-07-28,921.940000,104.012997,BanRep_serie_6_BVC
2008-07-29,923.170000,104.151765,BanRep_serie_6_BVC
2008-07-30,935.390000,105.530422,BanRep_serie_6_BVC
2008-07-31,944.870000,106.599953,BanRep_serie_6_BVC
2008-08-01,943.230000,106.414928,BanRep_serie_6_BVC
2008-08-04,935.980000,105.596985,BanRep_serie_6_BVC
2008-08-05,937.000000,105.712062,BanRep_serie_6_BVC
2008-08-06,931.610000,105.103963,BanRep_serie_6_BVC
2008-08-08,937.260000,105.741395,BanRep_serie_6_BVC
2008-08-11,937.960000,105.820368,BanRep_serie_6_BVC
2008-08-12,934.120000,105.387141,BanRep_serie_6_BVC
2008-08-13,939.690000,106.015547,BanRep_serie_6_BVC
2008-08-14,938.250000,105.853086,BanRep_serie_6_BVC
2008-08-15,944.900000,106.603337,BanRep_serie_6_BVC
2008-08-19,941.020000,106.165597,BanRep_serie_6_BVC
2008-08-20,948.720000,107.034308,BanRep_serie_6_BVC
2008-08-21,955.500000,107.799226,BanRep_serie_6_BVC
2008-08-22,955.720000,107.824046,BanRep_serie_6_BVC
2008-08-25,950.330000,107.215948,BanRep_serie_6_BVC
2008-08-26,952.620000,107.474305,BanRep_serie_6_BVC
2008-08-27,956.430000,107.904148,BanRep_serie_6_BVC
2008-08-28,978.390000,110.381669,BanRep_serie_6_BVC
2008-08-29,992.250000,111.945350,BanRep_serie_6_BVC
2008-09-01,1025.100000,115.651477,BanRep_serie_6_BVC
2008-09-02,1022.450000,115.352505,BanRep_serie_6_BVC
2008-09-03,1017.240000,114.764715,BanRep_serie_6_BVC
2008-09-04,1005.960000,113.492108,BanRep_serie_6_BVC
2008-09-05,998.950000,112.701242,BanRep_serie_6_BVC
2008-09-08,1010.740000,114.031386,BanRep_serie_6_BVC
2008-09-09,1010.520000,114.006566,BanRep_serie_6_BVC
2008-09-10,1012.760000,114.259282,BanRep_serie_6_BVC
2008-09-11,1025.820000,115.732708,BanRep_serie_6_BVC
2008-09-12,1023.760000,115.500299,BanRep_serie_6_BVC
2008-09-15,1003.920000,113.261956,BanRep_serie_6_BVC
2008-09-16,967.460000,109.148550,BanRep_serie_6_BVC
2008-09-17,950.390000,107.222717,BanRep_serie_6_BVC
2008-09-18,949.690000,107.143744,BanRep_serie_6_BVC
2008-09-19,985.090000,111.137561,BanRep_serie_6_BVC
2008-09-22,983.040000,110.906281,BanRep_serie_6_BVC
2008-09-23,963.830000,108.739014,BanRep_serie_6_BVC
2008-09-24,976.220000,110.136850,BanRep_serie_6_BVC
2008-09-25,989.680000,111.655403,BanRep_serie_6_BVC
2008-09-26,983.870000,110.999921,BanRep_serie_6_BVC
2008-09-29,960.910000,108.409581,BanRep_serie_6_BVC
2008-09-30,973.530000,109.833365,BanRep_serie_6_BVC
2008-10-01,975.830000,110.092851,BanRep_serie_6_BVC
2008-10-02,965.860000,108.968038,BanRep_serie_6_BVC
2008-10-03,966.140000,108.999628,BanRep_serie_6_BVC
2008-10-06,921.900000,104.008484,BanRep_serie_6_BVC
2008-10-07,915.050000,103.235669,BanRep_serie_6_BVC
2008-10-08,888.020000,100.186153,BanRep_serie_6_BVC
2008-10-09,868.420000,97.974886,BanRep_serie_6_BVC
2008-10-10,794.280000,89.610434,BanRep_serie_6_BVC
2008-10-14,866.750000,97.786477,BanRep_serie_6_BVC
2008-10-15,815.070000,91.955955,BanRep_serie_6_BVC
2008-10-16,782.850000,88.320904,BanRep_serie_6_BVC
2008-10-17,805.000000,90.819861,BanRep_serie_6_BVC
2008-10-20,811.150000,91.513702,BanRep_serie_6_BVC
2008-10-21,808.090000,91.168474,BanRep_serie_6_BVC
2008-10-22,766.030000,86.423277,BanRep_serie_6_BVC
2008-10-23,739.720000,83.454991,BanRep_serie_6_BVC
2008-10-24,706.580000,79.716146,BanRep_serie_6_BVC
2008-10-27,686.650000,77.467649,BanRep_serie_6_BVC
2008-10-28,714.550000,80.615319,BanRep_serie_6_BVC
2008-10-29,750.920000,84.718571,BanRep_serie_6_BVC
2008-10-30,778.190000,87.795165,BanRep_serie_6_BVC
2008-10-31,788.730000,88.984284,BanRep_serie_6_BVC
2008-11-04,803.110000,90.606632,BanRep_serie_6_BVC
2008-11-05,778.690000,87.851574,BanRep_serie_6_BVC
2008-11-06,744.270000,83.968320,BanRep_serie_6_BVC
2008-11-07,774.580000,87.387885,BanRep_serie_6_BVC
2008-11-10,774.070000,87.330347,BanRep_serie_6_BVC
2008-11-11,767.340000,86.571071,BanRep_serie_6_BVC
2008-11-12,754.760000,85.151799,BanRep_serie_6_BVC
2008-11-13,751.100000,84.738879,BanRep_serie_6_BVC
2008-11-14,776.940000,87.654140,BanRep_serie_6_BVC
2008-11-18,758.960000,85.625642,BanRep_serie_6_BVC
2008-11-19,758.740000,85.600821,BanRep_serie_6_BVC
2008-11-20,751.770000,84.814468,BanRep_serie_6_BVC
2008-11-21,746.140000,84.179293,BanRep_serie_6_BVC
2008-11-24,770.490000,86.926453,BanRep_serie_6_BVC
2008-11-25,774.570000,87.386757,BanRep_serie_6_BVC
2008-11-26,791.400000,89.285513,BanRep_serie_6_BVC
2008-11-27,803.860000,90.691246,BanRep_serie_6_BVC
2008-11-28,803.110000,90.606632,BanRep_serie_6_BVC
2008-12-01,789.270000,89.045207,BanRep_serie_6_BVC
2008-12-02,796.580000,89.869919,BanRep_serie_6_BVC
2008-12-03,816.160000,92.078929,BanRep_serie_6_BVC
2008-12-04,821.920000,92.728770,BanRep_serie_6_BVC
2008-12-05,816.870000,92.159031,BanRep_serie_6_BVC
2008-12-09,840.760000,94.854293,BanRep_serie_6_BVC
2008-12-10,859.490000,96.967406,BanRep_serie_6_BVC
2008-12-11,865.830000,97.682683,BanRep_serie_6_BVC
2008-12-12,861.740000,97.221251,BanRep_serie_6_BVC
2008-12-15,867.990000,97.926374,BanRep_serie_6_BVC
2008-12-16,866.410000,97.748119,BanRep_serie_6_BVC
2008-12-17,865.110000,97.601453,BanRep_serie_6_BVC
2008-12-18,856.540000,96.634588,BanRep_serie_6_BVC
2008-12-19,854.920000,96.451820,BanRep_serie_6_BVC
2008-12-22,856.970000,96.683101,BanRep_serie_6_BVC
2008-12-23,856.190000,96.595101,BanRep_serie_6_BVC
2008-12-24,851.170000,96.028746,BanRep_serie_6_BVC
2008-12-26,850.400000,95.941875,BanRep_serie_6_BVC
2008-12-29,845.090000,95.342803,BanRep_serie_6_BVC
2008-12-30,851.350000,96.049054,BanRep_serie_6_BVC
2009-01-02,861.170000,97.156943,BanRep_serie_6_BVC
2009-01-05,862.250000,97.278789,BanRep_serie_6_BVC
2009-01-06,882.450000,99.557747,BanRep_serie_6_BVC
2009-01-07,870.550000,98.215192,BanRep_serie_6_BVC
2009-01-08,873.310000,98.526575,BanRep_serie_6_BVC
2009-01-09,873.090000,98.501754,BanRep_serie_6_BVC
2009-01-13,871.840000,98.360730,BanRep_serie_6_BVC
2009-01-14,855.910000,96.563512,BanRep_serie_6_BVC
2009-01-15,844.780000,95.307829,BanRep_serie_6_BVC
2009-01-16,846.510000,95.503007,BanRep_serie_6_BVC
2009-01-19,849.060000,95.790697,BanRep_serie_6_BVC
2009-01-20,837.390000,94.474091,BanRep_serie_6_BVC
2009-01-21,832.920000,93.969787,BanRep_serie_6_BVC
2009-01-22,831.820000,93.845685,BanRep_serie_6_BVC
2009-01-23,833.910000,94.081478,BanRep_serie_6_BVC
2009-01-26,845.420000,95.380033,BanRep_serie_6_BVC
2009-01-27,849.950000,95.891106,BanRep_serie_6_BVC
2009-01-28,865.440000,97.638684,BanRep_serie_6_BVC
2009-01-29,862.400000,97.295712,BanRep_serie_6_BVC
2009-01-30,869.800000,98.130578,BanRep_serie_6_BVC
2009-02-02,861.600000,97.205456,BanRep_serie_6_BVC
2009-02-03,865.770000,97.675914,BanRep_serie_6_BVC
2009-02-04,871.250000,98.294166,BanRep_serie_6_BVC
2009-02-05,872.460000,98.430678,BanRep_serie_6_BVC
2009-02-06,884.270000,99.763079,BanRep_serie_6_BVC
2009-02-09,886.370000,100.000000,BanRep_serie_6_BVC
2009-02-10,879.720000,99.249749,BanRep_serie_6_BVC
2009-02-11,874.270000,98.634882,BanRep_serie_6_BVC
2009-02-12,865.270000,97.619504,BanRep_serie_6_BVC
2009-02-13,879.410000,99.214775,BanRep_serie_6_BVC
2009-02-16,875.430000,98.765752,BanRep_serie_6_BVC
2009-02-17,857.650000,96.759818,BanRep_serie_6_BVC
2009-02-18,848.070000,95.679005,BanRep_serie_6_BVC
2009-02-19,849.200000,95.806492,BanRep_serie_6_BVC
2009-02-20,834.240000,94.118709,BanRep_serie_6_BVC
2009-02-23,831.190000,93.774609,BanRep_serie_6_BVC
2009-02-24,825.170000,93.095434,BanRep_serie_6_BVC
2009-02-25,833.070000,93.986710,BanRep_serie_6_BVC
2009-02-26,845.420000,95.380033,BanRep_serie_6_BVC
2009-02-27,852.160000,96.140438,BanRep_serie_6_BVC
2009-03-02,831.950000,93.860352,BanRep_serie_6_BVC
2009-03-03,836.430000,94.365784,BanRep_serie_6_BVC
2009-03-04,847.720000,95.639518,BanRep_serie_6_BVC
2009-03-05,836.560000,94.380451,BanRep_serie_6_BVC
2009-03-06,839.260000,94.685064,BanRep_serie_6_BVC
2009-03-09,837.870000,94.528244,BanRep_serie_6_BVC
2009-03-10,849.640000,95.856132,BanRep_serie_6_BVC
2009-03-11,844.100000,95.231111,BanRep_serie_6_BVC
2009-03-12,849.280000,95.815517,BanRep_serie_6_BVC
2009-03-13,853.480000,96.289360,BanRep_serie_6_BVC
2009-03-16,860.680000,97.101662,BanRep_serie_6_BVC
2009-03-17,858.040000,96.803818,BanRep_serie_6_BVC
2009-03-18,861.290000,97.170482,BanRep_serie_6_BVC
2009-03-19,870.050000,98.158782,BanRep_serie_6_BVC
2009-03-20,865.590000,97.655607,BanRep_serie_6_BVC
2009-03-24,876.420000,98.877444,BanRep_serie_6_BVC
2009-03-25,876.510000,98.887598,BanRep_serie_6_BVC
2009-03-26,874.550000,98.666471,BanRep_serie_6_BVC
2009-03-27,873.160000,98.509652,BanRep_serie_6_BVC
2009-03-30,862.140000,97.266379,BanRep_serie_6_BVC
2009-03-31,874.210000,98.628112,BanRep_serie_6_BVC
2009-04-01,878.120000,99.069237,BanRep_serie_6_BVC
2009-04-02,891.090000,100.532509,BanRep_serie_6_BVC
2009-04-03,887.260000,100.100410,BanRep_serie_6_BVC
2009-04-06,886.410000,100.004513,BanRep_serie_6_BVC
2009-04-07,887.580000,100.136512,BanRep_serie_6_BVC
2009-04-08,882.870000,99.605131,BanRep_serie_6_BVC
2009-04-13,879.780000,99.256518,BanRep_serie_6_BVC
2009-04-14,884.570000,99.796925,BanRep_serie_6_BVC
2009-04-15,888.740000,100.267383,BanRep_serie_6_BVC
2009-04-16,889.610000,100.365536,BanRep_serie_6_BVC
2009-04-17,885.000000,99.845437,BanRep_serie_6_BVC
2009-04-20,878.580000,99.121135,BanRep_serie_6_BVC
2009-04-21,880.400000,99.326466,BanRep_serie_6_BVC
2009-04-22,881.550000,99.456209,BanRep_serie_6_BVC
2009-04-23,891.190000,100.543791,BanRep_serie_6_BVC
2009-04-24,914.930000,103.222131,BanRep_serie_6_BVC
2009-04-27,912.500000,102.947979,BanRep_serie_6_BVC
2009-04-28,918.250000,103.596692,BanRep_serie_6_BVC
2009-04-29,933.820000,105.353295,BanRep_serie_6_BVC
2009-04-30,931.930000,105.140066,BanRep_serie_6_BVC
2009-05-04,947.850000,106.936155,BanRep_serie_6_BVC
2009-05-05,953.110000,107.529587,BanRep_serie_6_BVC
2009-05-06,960.780000,108.394914,BanRep_serie_6_BVC
2009-05-07,973.070000,109.781468,BanRep_serie_6_BVC
2009-05-08,1004.960000,113.379289,BanRep_serie_6_BVC
2009-05-11,996.840000,112.463193,BanRep_serie_6_BVC
2009-05-12,1003.380000,113.201033,BanRep_serie_6_BVC
2009-05-13,989.000000,111.578686,BanRep_serie_6_BVC
2009-05-14,1001.370000,112.974266,BanRep_serie_6_BVC
2009-05-15,1001.450000,112.983291,BanRep_serie_6_BVC
2009-05-18,1012.190000,114.194975,BanRep_serie_6_BVC
2009-05-19,1022.410000,115.347992,BanRep_serie_6_BVC
2009-05-20,1024.780000,115.615375,BanRep_serie_6_BVC
2009-05-21,1007.560000,113.672620,BanRep_serie_6_BVC
2009-05-22,1008.430000,113.770773,BanRep_serie_6_BVC
2009-05-26,1016.430000,114.673331,BanRep_serie_6_BVC
2009-05-27,1012.490000,114.228821,BanRep_serie_6_BVC
2009-05-28,1024.050000,115.533017,BanRep_serie_6_BVC
2009-05-29,1031.530000,116.376908,BanRep_serie_6_BVC
2009-06-01,1054.150000,118.928890,BanRep_serie_6_BVC
2009-06-02,1049.710000,118.427970,BanRep_serie_6_BVC
2009-06-03,1042.320000,117.594233,BanRep_serie_6_BVC
2009-06-04,1052.390000,118.730327,BanRep_serie_6_BVC
2009-06-05,1052.930000,118.791250,BanRep_serie_6_BVC
2009-06-08,1048.860000,118.332074,BanRep_serie_6_BVC
2009-06-09,1051.360000,118.614123,BanRep_serie_6_BVC
2009-06-10,1056.770000,119.224477,BanRep_serie_6_BVC
2009-06-11,1074.780000,121.256360,BanRep_serie_6_BVC
2009-06-12,1076.810000,121.485384,BanRep_serie_6_BVC
2009-06-16,1066.410000,120.312059,BanRep_serie_6_BVC
2009-06-17,1072.410000,120.988978,BanRep_serie_6_BVC
2009-06-18,1079.220000,121.757280,BanRep_serie_6_BVC
2009-06-19,1090.730000,123.055834,BanRep_serie_6_BVC
2009-06-23,1089.320000,122.896759,BanRep_serie_6_BVC
2009-06-24,1090.370000,123.015219,BanRep_serie_6_BVC
2009-06-25,1098.870000,123.974187,BanRep_serie_6_BVC
2009-06-26,1094.950000,123.531934,BanRep_serie_6_BVC
2009-06-30,1102.730000,124.409671,BanRep_serie_6_BVC
2009-07-01,1119.350000,126.284734,BanRep_serie_6_BVC
2009-07-02,1119.530000,126.305042,BanRep_serie_6_BVC
2009-07-03,1116.980000,126.017352,BanRep_serie_6_BVC
2009-07-06,1110.830000,125.323510,BanRep_serie_6_BVC
2009-07-07,1113.670000,125.643918,BanRep_serie_6_BVC
2009-07-08,1103.930000,124.545055,BanRep_serie_6_BVC
2009-07-09,1085.580000,122.474813,BanRep_serie_6_BVC
2009-07-10,1083.010000,122.184866,BanRep_serie_6_BVC
2009-07-13,1082.690000,122.148764,BanRep_serie_6_BVC
2009-07-14,1089.240000,122.887733,BanRep_serie_6_BVC
2009-07-15,1090.850000,123.069373,BanRep_serie_6_BVC
2009-07-16,1092.880000,123.298397,BanRep_serie_6_BVC
2009-07-17,1104.860000,124.649977,BanRep_serie_6_BVC
2009-07-21,1113.970000,125.677764,BanRep_serie_6_BVC
2009-07-22,1120.170000,126.377247,BanRep_serie_6_BVC
2009-07-23,1141.900000,128.828819,BanRep_serie_6_BVC
2009-07-24,1146.580000,129.356815,BanRep_serie_6_BVC
2009-07-27,1143.370000,128.994664,BanRep_serie_6_BVC
2009-07-28,1126.750000,127.119600,BanRep_serie_6_BVC
2009-07-29,1122.620000,126.653655,BanRep_serie_6_BVC
2009-07-30,1147.570000,129.468506,BanRep_serie_6_BVC
2009-07-31,1156.220000,130.444397,BanRep_serie_6_BVC
2009-08-03,1165.420000,131.482338,BanRep_serie_6_BVC
2009-08-04,1168.200000,131.795977,BanRep_serie_6_BVC
2009-08-05,1162.950000,131.203673,BanRep_serie_6_BVC
2009-08-06,1169.260000,131.915566,BanRep_serie_6_BVC
2009-08-10,1174.710000,132.530433,BanRep_serie_6_BVC
2009-08-11,1162.530000,131.156289,BanRep_serie_6_BVC
2009-08-12,1171.320000,132.147974,BanRep_serie_6_BVC
2009-08-13,1179.380000,133.057301,BanRep_serie_6_BVC
2009-08-14,1180.480000,133.181403,BanRep_serie_6_BVC
2009-08-18,1176.170000,132.695150,BanRep_serie_6_BVC
2009-08-19,1181.110000,133.252479,BanRep_serie_6_BVC
2009-08-20,1192.340000,134.519444,BanRep_serie_6_BVC
2009-08-21,1202.280000,135.640872,BanRep_serie_6_BVC
2009-08-24,1229.850000,138.751312,BanRep_serie_6_BVC
2009-08-25,1227.180000,138.450083,BanRep_serie_6_BVC
2009-08-26,1218.390000,137.458398,BanRep_serie_6_BVC
2009-08-27,1210.090000,136.521994,BanRep_serie_6_BVC
2009-08-28,1214.380000,137.005991,BanRep_serie_6_BVC
2009-08-31,1209.090000,136.409174,BanRep_serie_6_BVC
2009-09-01,1178.870000,132.999763,BanRep_serie_6_BVC
2009-09-02,1182.830000,133.446529,BanRep_serie_6_BVC
2009-09-03,1173.660000,132.411972,BanRep_serie_6_BVC
2009-09-04,1192.550000,134.543137,BanRep_serie_6_BVC
2009-09-07,1200.040000,135.388156,BanRep_serie_6_BVC
2009-09-08,1219.620000,137.597166,BanRep_serie_6_BVC
2009-09-09,1219.900000,137.628755,BanRep_serie_6_BVC
2009-09-10,1218.360000,137.455013,BanRep_serie_6_BVC
2009-09-11,1216.220000,137.213579,BanRep_serie_6_BVC
2009-09-14,1212.530000,136.797274,BanRep_serie_6_BVC
2009-09-15,1244.750000,140.432325,BanRep_serie_6_BVC
2009-09-16,1248.690000,140.876835,BanRep_serie_6_BVC
2009-09-17,1245.880000,140.559811,BanRep_serie_6_BVC
2009-09-18,1269.970000,143.277638,BanRep_serie_6_BVC
2009-09-21,1266.910000,142.932410,BanRep_serie_6_BVC
2009-09-22,1276.570000,144.022248,BanRep_serie_6_BVC
2009-09-23,1288.140000,145.327572,BanRep_serie_6_BVC
2009-09-24,1290.810000,145.628801,BanRep_serie_6_BVC
2009-09-25,1305.320000,147.265815,BanRep_serie_6_BVC
2009-09-28,1331.900000,150.264562,BanRep_serie_6_BVC
2009-09-29,1321.320000,149.070930,BanRep_serie_6_BVC
2009-09-30,1328.930000,149.929488,BanRep_serie_6_BVC
2009-10-01,1315.150000,148.374832,BanRep_serie_6_BVC
2009-10-02,1318.920000,148.800162,BanRep_serie_6_BVC
2009-10-05,1335.490000,150.669585,BanRep_serie_6_BVC
2009-10-06,1356.570000,153.047824,BanRep_serie_6_BVC
2009-10-07,1355.560000,152.933876,BanRep_serie_6_BVC
2009-10-08,1346.830000,151.948960,BanRep_serie_6_BVC
2009-10-09,1333.440000,150.438305,BanRep_serie_6_BVC
2009-10-13,1303.030000,147.007457,BanRep_serie_6_BVC
2009-10-14,1294.390000,146.032695,BanRep_serie_6_BVC
2009-10-15,1294.110000,146.001106,BanRep_serie_6_BVC
2009-10-16,1301.690000,146.856279,BanRep_serie_6_BVC
2009-10-19,1330.800000,150.140461,BanRep_serie_6_BVC
2009-10-20,1315.970000,148.467344,BanRep_serie_6_BVC
2009-10-21,1317.070000,148.591446,BanRep_serie_6_BVC
2009-10-22,1308.640000,147.640376,BanRep_serie_6_BVC
2009-10-23,1303.290000,147.036791,BanRep_serie_6_BVC
2009-10-26,1288.810000,145.403161,BanRep_serie_6_BVC
2009-10-27,1277.910000,144.173426,BanRep_serie_6_BVC
2009-10-28,1279.220000,144.321220,BanRep_serie_6_BVC
2009-10-29,1289.970000,145.534032,BanRep_serie_6_BVC
2009-10-30,1257.170000,141.833546,BanRep_serie_6_BVC
2009-11-03,1240.950000,140.003610,BanRep_serie_6_BVC
2009-11-04,1262.500000,142.434875,BanRep_serie_6_BVC
2009-11-05,1280.400000,144.454348,BanRep_serie_6_BVC
2009-11-06,1279.750000,144.381015,BanRep_serie_6_BVC
2009-11-09,1303.000000,147.004073,BanRep_serie_6_BVC
2009-11-10,1304.060000,147.123662,BanRep_serie_6_BVC
2009-11-11,1303.860000,147.101098,BanRep_serie_6_BVC
2009-11-12,1308.450000,147.618940,BanRep_serie_6_BVC
2009-11-13,1311.430000,147.955143,BanRep_serie_6_BVC
2009-11-17,1314.810000,148.336473,BanRep_serie_6_BVC
2009-11-18,1299.420000,146.600178,BanRep_serie_6_BVC
2009-11-19,1301.120000,146.791972,BanRep_serie_6_BVC
2009-11-20,1301.850000,146.874330,BanRep_serie_6_BVC
2009-11-23,1305.650000,147.303045,BanRep_serie_6_BVC
2009-11-24,1312.260000,148.048783,BanRep_serie_6_BVC
2009-11-25,1327.170000,149.730925,BanRep_serie_6_BVC
2009-11-26,1316.160000,148.488780,BanRep_serie_6_BVC
2009-11-27,1328.310000,149.859539,BanRep_serie_6_BVC
2009-11-30,1318.050000,148.702009,BanRep_serie_6_BVC
2009-12-01,1335.210000,150.637995,BanRep_serie_6_BVC
2009-12-02,1337.220000,150.864763,BanRep_serie_6_BVC
2009-12-03,1356.570000,153.047824,BanRep_serie_6_BVC
2009-12-04,1353.580000,152.710493,BanRep_serie_6_BVC
2009-12-07,1358.310000,153.244131,BanRep_serie_6_BVC
2009-12-09,1357.770000,153.183208,BanRep_serie_6_BVC
2009-12-10,1351.020000,152.421675,BanRep_serie_6_BVC
2009-12-11,1366.340000,154.150073,BanRep_serie_6_BVC
2009-12-14,1366.460000,154.163611,BanRep_serie_6_BVC
2009-12-15,1368.480000,154.391507,BanRep_serie_6_BVC
2009-12-16,1379.580000,155.643806,BanRep_serie_6_BVC
2009-12-17,1382.630000,155.987906,BanRep_serie_6_BVC
2009-12-18,1370.340000,154.601352,BanRep_serie_6_BVC
2009-12-21,1369.560000,154.513352,BanRep_serie_6_BVC
2009-12-22,1365.230000,154.024843,BanRep_serie_6_BVC
2009-12-23,1364.130000,153.900741,BanRep_serie_6_BVC
2009-12-24,1372.720000,154.869862,BanRep_serie_6_BVC
2009-12-28,1365.060000,154.005664,BanRep_serie_6_BVC
2009-12-29,1366.350000,154.151201,BanRep_serie_6_BVC
2009-12-30,1366.850000,154.207611,BanRep_serie_6_BVC
2010-01-04,1374.280000,155.045861,BanRep_serie_6_BVC
2010-01-05,1373.230000,154.927401,BanRep_serie_6_BVC
2010-01-06,1373.890000,155.001862,BanRep_serie_6_BVC
2010-01-07,1368.910000,154.440019,BanRep_serie_6_BVC
2010-01-08,1374.720000,155.095502,BanRep_serie_6_BVC
2010-01-12,1369.530000,154.509968,BanRep_serie_6_BVC
2010-01-13,1379.910000,155.681036,BanRep_serie_6_BVC
2010-01-14,1386.910000,156.470774,BanRep_serie_6_BVC
2010-01-15,1382.660000,155.991290,BanRep_serie_6_BVC
2010-01-18,1382.070000,155.924727,BanRep_serie_6_BVC
2010-01-19,1386.010000,156.369236,BanRep_serie_6_BVC
2010-01-20,1381.800000,155.894265,BanRep_serie_6_BVC
2010-01-21,1355.280000,152.902287,BanRep_serie_6_BVC
2010-01-22,1364.330000,153.923305,BanRep_serie_6_BVC
2010-01-25,1345.310000,151.777474,BanRep_serie_6_BVC
2010-01-26,1357.800000,153.186593,BanRep_serie_6_BVC
2010-01-27,1355.800000,152.960953,BanRep_serie_6_BVC
2010-01-28,1353.570000,152.709365,BanRep_serie_6_BVC
2010-01-29,1363.670000,153.848844,BanRep_serie_6_BVC
2010-02-01,1358.490000,153.264438,BanRep_serie_6_BVC
2010-02-02,1363.850000,153.869152,BanRep_serie_6_BVC
2010-02-03,1359.430000,153.370489,BanRep_serie_6_BVC
2010-02-04,1334.800000,150.591739,BanRep_serie_6_BVC
2010-02-05,1326.080000,149.607952,BanRep_serie_6_BVC
2010-02-08,1327.030000,149.715130,BanRep_serie_6_BVC
2010-02-09,1345.540000,151.803423,BanRep_serie_6_BVC
2010-02-10,1353.700000,152.724032,BanRep_serie_6_BVC
2010-02-11,1358.210000,153.232849,BanRep_serie_6_BVC
2010-02-12,1355.840000,152.965466,BanRep_serie_6_BVC
2010-02-15,1357.590000,153.162900,BanRep_serie_6_BVC
2010-02-16,1364.530000,153.945869,BanRep_serie_6_BVC
2010-02-17,1366.110000,154.124124,BanRep_serie_6_BVC
2010-02-18,1359.640000,153.394181,BanRep_serie_6_BVC
2010-02-19,1372.510000,154.846170,BanRep_serie_6_BVC
2010-02-22,1372.840000,154.883401,BanRep_serie_6_BVC
2010-02-23,1379.750000,155.662985,BanRep_serie_6_BVC
2010-02-24,1398.470000,157.774970,BanRep_serie_6_BVC
2010-02-25,1385.850000,156.351185,BanRep_serie_6_BVC
2010-02-26,1391.020000,156.934463,BanRep_serie_6_BVC
2010-03-01,1392.910000,157.147692,BanRep_serie_6_BVC
2010-03-02,1391.360000,156.972822,BanRep_serie_6_BVC
2010-03-03,1401.530000,158.120198,BanRep_serie_6_BVC
2010-03-04,1398.810000,157.813329,BanRep_serie_6_BVC
2010-03-05,1399.630000,157.905841,BanRep_serie_6_BVC
2010-03-08,1408.350000,158.889628,BanRep_serie_6_BVC
2010-03-09,1403.170000,158.305222,BanRep_serie_6_BVC
2010-03-10,1403.820000,158.378555,BanRep_serie_6_BVC
2010-03-11,1405.260000,158.541016,BanRep_serie_6_BVC
2010-03-12,1406.490000,158.679784,BanRep_serie_6_BVC
2010-03-15,1404.420000,158.446247,BanRep_serie_6_BVC
2010-03-16,1411.710000,159.268703,BanRep_serie_6_BVC
2010-03-17,1429.400000,161.264483,BanRep_serie_6_BVC
2010-03-18,1432.300000,161.591660,BanRep_serie_6_BVC
2010-03-19,1414.100000,159.538342,BanRep_serie_6_BVC
2010-03-23,1426.740000,160.964383,BanRep_serie_6_BVC
2010-03-24,1422.690000,160.507463,BanRep_serie_6_BVC
2010-03-25,1427.240000,161.020793,BanRep_serie_6_BVC
2010-03-26,1423.020000,160.544694,BanRep_serie_6_BVC
2010-03-29,1429.290000,161.252073,BanRep_serie_6_BVC
2010-03-30,1430.710000,161.412277,BanRep_serie_6_BVC
2010-03-31,1440.580000,162.525808,BanRep_serie_6_BVC
2010-04-05,1450.930000,163.693491,BanRep_serie_6_BVC
2010-04-06,1460.300000,164.750612,BanRep_serie_6_BVC
2010-04-07,1472.190000,166.092038,BanRep_serie_6_BVC
2010-04-08,1472.760000,166.156346,BanRep_serie_6_BVC
2010-04-09,1468.950000,165.726502,BanRep_serie_6_BVC
2010-04-12,1470.700000,165.923937,BanRep_serie_6_BVC
2010-04-13,1470.910000,165.947629,BanRep_serie_6_BVC
2010-04-14,1478.470000,166.800546,BanRep_serie_6_BVC
2010-04-15,1481.140000,167.101775,BanRep_serie_6_BVC
2010-04-16,1463.270000,165.085687,BanRep_serie_6_BVC
2010-04-19,1453.140000,163.942823,BanRep_serie_6_BVC
2010-04-20,1467.760000,165.592247,BanRep_serie_6_BVC
2010-04-21,1475.060000,166.415831,BanRep_serie_6_BVC
2010-04-22,1478.510000,166.805059,BanRep_serie_6_BVC
2010-04-23,1488.050000,167.881359,BanRep_serie_6_BVC
2010-04-26,1484.440000,167.474080,BanRep_serie_6_BVC
2010-04-27,1472.110000,166.083013,BanRep_serie_6_BVC
2010-04-28,1457.280000,164.409897,BanRep_serie_6_BVC
2010-04-29,1469.220000,165.756964,BanRep_serie_6_BVC
2010-04-30,1467.260000,165.535837,BanRep_serie_6_BVC
2010-05-03,1490.160000,168.119408,BanRep_serie_6_BVC
2010-05-04,1481.630000,167.157056,BanRep_serie_6_BVC
2010-05-05,1446.550000,163.199341,BanRep_serie_6_BVC
2010-05-06,1403.060000,158.292812,BanRep_serie_6_BVC
2010-05-07,1412.800000,159.391676,BanRep_serie_6_BVC
2010-05-10,1438.180000,162.255040,BanRep_serie_6_BVC
2010-05-11,1442.630000,162.757088,BanRep_serie_6_BVC
2010-05-12,1451.060000,163.708158,BanRep_serie_6_BVC
2010-05-13,1454.930000,164.144770,BanRep_serie_6_BVC
2010-05-14,1444.270000,162.942112,BanRep_serie_6_BVC
2010-05-18,1424.490000,160.710538,BanRep_serie_6_BVC
2010-05-19,1406.370000,158.666245,BanRep_serie_6_BVC
2010-05-20,1395.990000,157.495177,BanRep_serie_6_BVC
2010-05-21,1397.390000,157.653125,BanRep_serie_6_BVC
2010-05-24,1410.930000,159.180703,BanRep_serie_6_BVC
2010-05-25,1399.250000,157.862969,BanRep_serie_6_BVC
2010-05-26,1432.820000,161.650327,BanRep_serie_6_BVC
2010-05-27,1428.470000,161.159561,BanRep_serie_6_BVC
2010-05-28,1446.480000,163.191444,BanRep_serie_6_BVC
2010-05-31,1444.540000,162.972574,BanRep_serie_6_BVC
2010-06-01,1447.260000,163.279443,BanRep_serie_6_BVC
2010-06-02,1451.910000,163.804055,BanRep_serie_6_BVC
2010-06-03,1453.360000,163.967643,BanRep_serie_6_BVC
2010-06-04,1438.300000,162.268579,BanRep_serie_6_BVC
2010-06-08,1433.270000,161.701095,BanRep_serie_6_BVC
2010-06-09,1445.530000,163.084265,BanRep_serie_6_BVC
2010-06-10,1446.340000,163.175649,BanRep_serie_6_BVC
2010-06-11,1448.080000,163.371955,BanRep_serie_6_BVC
2010-06-15,1450.710000,163.668671,BanRep_serie_6_BVC
2010-06-16,1461.390000,164.873586,BanRep_serie_6_BVC
2010-06-17,1460.560000,164.779945,BanRep_serie_6_BVC
2010-06-18,1472.410000,166.116859,BanRep_serie_6_BVC
2010-06-21,1466.780000,165.481684,BanRep_serie_6_BVC
2010-06-22,1467.670000,165.582093,BanRep_serie_6_BVC
2010-06-23,1471.950000,166.064962,BanRep_serie_6_BVC
2010-06-24,1468.730000,165.701682,BanRep_serie_6_BVC
2010-06-25,1475.040000,166.413574,BanRep_serie_6_BVC
2010-06-28,1472.020000,166.072859,BanRep_serie_6_BVC
2010-06-29,1453.600000,163.994720,BanRep_serie_6_BVC
2010-06-30,1466.780000,165.481684,BanRep_serie_6_BVC
2010-07-01,1459.010000,164.605075,BanRep_serie_6_BVC
2010-07-02,1455.040000,164.157180,BanRep_serie_6_BVC
2010-07-06,1463.820000,165.147737,BanRep_serie_6_BVC
2010-07-07,1462.810000,165.033790,BanRep_serie_6_BVC
2010-07-08,1474.590000,166.362806,BanRep_serie_6_BVC
2010-07-09,1478.490000,166.802802,BanRep_serie_6_BVC
2010-07-12,1496.790000,168.867403,BanRep_serie_6_BVC
2010-07-13,1507.160000,170.037343,BanRep_serie_6_BVC
2010-07-14,1521.170000,171.617947,BanRep_serie_6_BVC
2010-07-15,1532.450000,172.890554,BanRep_serie_6_BVC
2010-07-16,1526.670000,172.238456,BanRep_serie_6_BVC
2010-07-19,1528.750000,172.473121,BanRep_serie_6_BVC
2010-07-21,1565.500000,176.619245,BanRep_serie_6_BVC
2010-07-22,1566.330000,176.712885,BanRep_serie_6_BVC
2010-07-23,1569.860000,177.111139,BanRep_serie_6_BVC
2010-07-26,1596.490000,180.115527,BanRep_serie_6_BVC
2010-07-27,1602.610000,180.805984,BanRep_serie_6_BVC
2010-07-28,1591.330000,179.533378,BanRep_serie_6_BVC
2010-07-29,1562.050000,176.230017,BanRep_serie_6_BVC
2010-07-30,1571.620000,177.309701,BanRep_serie_6_BVC
2010-08-02,1575.010000,177.692160,BanRep_serie_6_BVC
2010-08-03,1586.920000,179.035843,BanRep_serie_6_BVC
2010-08-04,1595.440000,179.997067,BanRep_serie_6_BVC
2010-08-05,1601.010000,180.625472,BanRep_serie_6_BVC
2010-08-06,1580.410000,178.301387,BanRep_serie_6_BVC
2010-08-09,1582.510000,178.538308,BanRep_serie_6_BVC
2010-08-10,1577.340000,177.955030,BanRep_serie_6_BVC
2010-08-11,1558.120000,175.786635,BanRep_serie_6_BVC
2010-08-12,1557.420000,175.707662,BanRep_serie_6_BVC
2010-08-13,1567.780000,176.876474,BanRep_serie_6_BVC
2010-08-17,1575.020000,177.693288,BanRep_serie_6_BVC
2010-08-18,1581.480000,178.422104,BanRep_serie_6_BVC
2010-08-19,1586.730000,179.014407,BanRep_serie_6_BVC
2010-08-20,1585.600000,178.886921,BanRep_serie_6_BVC
2010-08-23,1606.820000,181.280955,BanRep_serie_6_BVC
2010-08-24,1605.580000,181.141058,BanRep_serie_6_BVC
2010-08-25,1602.950000,180.844343,BanRep_serie_6_BVC
2010-08-26,1616.930000,182.421562,BanRep_serie_6_BVC
2010-08-27,1639.890000,185.011902,BanRep_serie_6_BVC
2010-08-30,1642.910000,185.352618,BanRep_serie_6_BVC
2010-08-31,1664.180000,187.752293,BanRep_serie_6_BVC
2010-09-01,1713.810000,193.351535,BanRep_serie_6_BVC
2010-09-02,1681.030000,189.653305,BanRep_serie_6_BVC
2010-09-03,1687.240000,190.353915,BanRep_serie_6_BVC
2010-09-06,1719.620000,194.007017,BanRep_serie_6_BVC
2010-09-07,1715.270000,193.516252,BanRep_serie_6_BVC
2010-09-08,1735.680000,195.818902,BanRep_serie_6_BVC
2010-09-09,1730.150000,195.195009,BanRep_serie_6_BVC
2010-09-10,1699.910000,191.783341,BanRep_serie_6_BVC
2010-09-13,1695.470000,191.282422,BanRep_serie_6_BVC
2010-09-14,1703.110000,192.144364,BanRep_serie_6_BVC
2010-09-15,1693.440000,191.053398,BanRep_serie_6_BVC
2010-09-16,1691.320000,190.814220,BanRep_serie_6_BVC
2010-09-17,1691.240000,190.805194,BanRep_serie_6_BVC
2010-09-20,1709.460000,192.860769,BanRep_serie_6_BVC
2010-09-21,1716.150000,193.615533,BanRep_serie_6_BVC
2010-09-22,1707.340000,192.621591,BanRep_serie_6_BVC
2010-09-23,1693.470000,191.056782,BanRep_serie_6_BVC
2010-09-24,1697.260000,191.484369,BanRep_serie_6_BVC
2010-09-27,1711.460000,193.086409,BanRep_serie_6_BVC
2010-09-28,1744.840000,196.852330,BanRep_serie_6_BVC
2010-09-29,1766.220000,199.264416,BanRep_serie_6_BVC
2010-09-30,1769.500000,199.634464,BanRep_serie_6_BVC
2010-10-01,1766.790000,199.328723,BanRep_serie_6_BVC
2010-10-04,1766.420000,199.286979,BanRep_serie_6_BVC
2010-10-05,1794.730000,202.480905,BanRep_serie_6_BVC
2010-10-06,1825.050000,205.901599,BanRep_serie_6_BVC
2010-10-07,1808.890000,204.078432,BanRep_serie_6_BVC
2010-10-08,1826.380000,206.051649,BanRep_serie_6_BVC
2010-10-11,1845.910000,208.255018,BanRep_serie_6_BVC
2010-10-12,1842.540000,207.874815,BanRep_serie_6_BVC
2010-10-13,1873.500000,211.367713,BanRep_serie_6_BVC
2010-10-14,1855.430000,209.329061,BanRep_serie_6_BVC
2010-10-15,1833.590000,206.865079,BanRep_serie_6_BVC
2010-10-19,1857.750000,209.590803,BanRep_serie_6_BVC
2010-10-20,1860.520000,209.903314,BanRep_serie_6_BVC
2010-10-21,1877.980000,211.873146,BanRep_serie_6_BVC
2010-10-22,1906.660000,215.108815,BanRep_serie_6_BVC
2010-10-25,1900.100000,214.368717,BanRep_serie_6_BVC
2010-10-26,1870.750000,211.057459,BanRep_serie_6_BVC
2010-10-27,1862.840000,210.165055,BanRep_serie_6_BVC
2010-10-28,1871.210000,211.109356,BanRep_serie_6_BVC
2010-10-29,1901.830000,214.563895,BanRep_serie_6_BVC
2010-11-02,1913.880000,215.923373,BanRep_serie_6_BVC
2010-11-03,1923.280000,216.983878,BanRep_serie_6_BVC
2010-11-04,1942.370000,219.137606,BanRep_serie_6_BVC
2010-11-05,1940.380000,218.913095,BanRep_serie_6_BVC
2010-11-08,1939.960000,218.865711,BanRep_serie_6_BVC
2010-11-09,1938.490000,218.699866,BanRep_serie_6_BVC
2010-11-10,1889.620000,213.186367,BanRep_serie_6_BVC
2010-11-11,1841.690000,207.778919,BanRep_serie_6_BVC
2010-11-12,1795.090000,202.521520,BanRep_serie_6_BVC
2010-11-16,1729.160000,195.083317,BanRep_serie_6_BVC
2010-11-17,1786.890000,201.596399,BanRep_serie_6_BVC
2010-11-18,1814.130000,204.669608,BanRep_serie_6_BVC
2010-11-19,1778.830000,200.687072,BanRep_serie_6_BVC
2010-11-22,1775.450000,200.305741,BanRep_serie_6_BVC
2010-11-23,1750.360000,197.475095,BanRep_serie_6_BVC
2010-11-24,1790.150000,201.964191,BanRep_serie_6_BVC
2010-11-25,1784.800000,201.360606,BanRep_serie_6_BVC
2010-11-26,1770.590000,199.757438,BanRep_serie_6_BVC
2010-11-29,1762.110000,198.800727,BanRep_serie_6_BVC
2010-11-30,1779.940000,200.812302,BanRep_serie_6_BVC
2010-12-01,1793.550000,202.347778,BanRep_serie_6_BVC
2010-12-02,1825.550000,205.958009,BanRep_serie_6_BVC
2010-12-03,1830.260000,206.489389,BanRep_serie_6_BVC
2010-12-06,1840.290000,207.620971,BanRep_serie_6_BVC
2010-12-07,1837.180000,207.270102,BanRep_serie_6_BVC
2010-12-09,1826.700000,206.087751,BanRep_serie_6_BVC
2010-12-10,1830.860000,206.557081,BanRep_serie_6_BVC
2010-12-13,1841.240000,207.728150,BanRep_serie_6_BVC
2010-12-14,1845.710000,208.232454,BanRep_serie_6_BVC
2010-12-15,1823.610000,205.739138,BanRep_serie_6_BVC
2010-12-16,1826.740000,206.092264,BanRep_serie_6_BVC
2010-12-17,1823.100000,205.681600,BanRep_serie_6_BVC
2010-12-20,1815.550000,204.829811,BanRep_serie_6_BVC
2010-12-21,1824.820000,205.875650,BanRep_serie_6_BVC
2010-12-22,1839.590000,207.541997,BanRep_serie_6_BVC
2010-12-23,1846.500000,208.321581,BanRep_serie_6_BVC
2010-12-24,1853.240000,209.081986,BanRep_serie_6_BVC
2010-12-27,1866.120000,210.535104,BanRep_serie_6_BVC
2010-12-28,1849.510000,208.661169,BanRep_serie_6_BVC
2010-12-29,1839.720000,207.556664,BanRep_serie_6_BVC
2010-12-30,1823.700000,205.749292,BanRep_serie_6_BVC
2011-01-03,1795.400000,202.556494,BanRep_serie_6_BVC
2011-01-04,1786.160000,201.514040,BanRep_serie_6_BVC
2011-01-05,1798.900000,202.951363,BanRep_serie_6_BVC
2011-01-06,1769.770000,199.664925,BanRep_serie_6_BVC
2011-01-07,1760.500000,198.619087,BanRep_serie_6_BVC
2011-01-11,1756.710000,198.191500,BanRep_serie_6_BVC
2011-01-12,1785.150000,201.400093,BanRep_serie_6_BVC
2011-01-13,1798.430000,202.898338,BanRep_serie_6_BVC
2011-01-14,1797.660000,202.811467,BanRep_serie_6_BVC
2011-01-17,1796.870000,202.722339,BanRep_serie_6_BVC
2011-01-18,1792.910000,202.275573,BanRep_serie_6_BVC
2011-01-19,1766.430000,199.288108,BanRep_serie_6_BVC
2011-01-20,1739.880000,196.292745,BanRep_serie_6_BVC
2011-01-21,1762.480000,198.842470,BanRep_serie_6_BVC
2011-01-24,1759.560000,198.513036,BanRep_serie_6_BVC
2011-01-25,1758.520000,198.395704,BanRep_serie_6_BVC
2011-01-26,1768.810000,199.556619,BanRep_serie_6_BVC
2011-01-27,1771.510000,199.861232,BanRep_serie_6_BVC
2011-01-28,1760.540000,198.623600,BanRep_serie_6_BVC
2011-01-31,1774.890000,200.242562,BanRep_serie_6_BVC
2011-02-01,1763.980000,199.011699,BanRep_serie_6_BVC
2011-02-02,1752.420000,197.707504,BanRep_serie_6_BVC
2011-02-03,1740.590000,196.372847,BanRep_serie_6_BVC
2011-02-04,1718.060000,193.831019,BanRep_serie_6_BVC
2011-02-07,1688.200000,190.462222,BanRep_serie_6_BVC
2011-02-08,1693.720000,191.084987,BanRep_serie_6_BVC
2011-02-09,1706.280000,192.502003,BanRep_serie_6_BVC
2011-02-10,1684.940000,190.094430,BanRep_serie_6_BVC
2011-02-11,1695.930000,191.334319,BanRep_serie_6_BVC
2011-02-14,1703.890000,192.232363,BanRep_serie_6_BVC
2011-02-15,1696.370000,191.383959,BanRep_serie_6_BVC
2011-02-16,1689.950000,190.659657,BanRep_serie_6_BVC
2011-02-17,1666.930000,188.062547,BanRep_serie_6_BVC
2011-02-18,1644.660000,185.550052,BanRep_serie_6_BVC
2011-02-21,1658.330000,187.092298,BanRep_serie_6_BVC
2011-02-22,1661.430000,187.442039,BanRep_serie_6_BVC
2011-02-23,1698.630000,191.638932,BanRep_serie_6_BVC
2011-02-24,1699.170000,191.699854,BanRep_serie_6_BVC
2011-02-25,1713.400000,193.305279,BanRep_serie_6_BVC
2011-02-28,1750.970000,197.543915,BanRep_serie_6_BVC
2011-03-01,1762.020000,198.790573,BanRep_serie_6_BVC
2011-03-02,1760.130000,198.577344,BanRep_serie_6_BVC
2011-03-03,1782.060000,201.051480,BanRep_serie_6_BVC
2011-03-04,1788.140000,201.737423,BanRep_serie_6_BVC
2011-03-07,1778.920000,200.697226,BanRep_serie_6_BVC
2011-03-08,1757.980000,198.334781,BanRep_serie_6_BVC
2011-03-09,1765.670000,199.202365,BanRep_serie_6_BVC
2011-03-10,1728.540000,195.013369,BanRep_serie_6_BVC
2011-03-11,1699.010000,191.681803,BanRep_serie_6_BVC
2011-03-14,1685.540000,190.162122,BanRep_serie_6_BVC
2011-03-15,1645.960000,185.696718,BanRep_serie_6_BVC
2011-03-16,1638.580000,184.864109,BanRep_serie_6_BVC
2011-03-17,1708.980000,192.806616,BanRep_serie_6_BVC
2011-03-18,1739.160000,196.211514,BanRep_serie_6_BVC
2011-03-22,1740.980000,196.416846,BanRep_serie_6_BVC
2011-03-23,1743.020000,196.646998,BanRep_serie_6_BVC
2011-03-24,1742.050000,196.537563,BanRep_serie_6_BVC
2011-03-25,1727.790000,194.928754,BanRep_serie_6_BVC
2011-03-28,1721.700000,194.241682,BanRep_serie_6_BVC
2011-03-29,1708.760000,192.781795,BanRep_serie_6_BVC
2011-03-30,1703.930000,192.236876,BanRep_serie_6_BVC
2011-03-31,1718.450000,193.875018,BanRep_serie_6_BVC
2011-04-01,1708.590000,192.762616,BanRep_serie_6_BVC
2011-04-04,1707.140000,192.599027,BanRep_serie_6_BVC
2011-04-05,1719.390000,193.981069,BanRep_serie_6_BVC
2011-04-06,1724.420000,194.548552,BanRep_serie_6_BVC
2011-04-07,1723.940000,194.494399,BanRep_serie_6_BVC
2011-04-08,1708.660000,192.770513,BanRep_serie_6_BVC
2011-04-11,1703.100000,192.143236,BanRep_serie_6_BVC
2011-04-12,1676.580000,189.151257,BanRep_serie_6_BVC
2011-04-13,1682.540000,189.823663,BanRep_serie_6_BVC
2011-04-14,1670.120000,188.422442,BanRep_serie_6_BVC
2011-04-15,1670.180000,188.429211,BanRep_serie_6_BVC
2011-04-18,1653.760000,186.576712,BanRep_serie_6_BVC
2011-04-19,1661.230000,187.419475,BanRep_serie_6_BVC
2011-04-20,1691.730000,190.860476,BanRep_serie_6_BVC
2011-04-25,1689.110000,190.564888,BanRep_serie_6_BVC
2011-04-26,1697.390000,191.499035,BanRep_serie_6_BVC
2011-04-27,1690.590000,190.731861,BanRep_serie_6_BVC
2011-04-28,1697.390000,191.499035,BanRep_serie_6_BVC
2011-04-29,1700.680000,191.870212,BanRep_serie_6_BVC
2011-05-02,1692.140000,190.906732,BanRep_serie_6_BVC
2011-05-03,1671.950000,188.628902,BanRep_serie_6_BVC
2011-05-04,1675.380000,189.015874,BanRep_serie_6_BVC
2011-05-05,1643.300000,185.396618,BanRep_serie_6_BVC
2011-05-06,1652.880000,186.477430,BanRep_serie_6_BVC
2011-05-09,1670.420000,188.456288,BanRep_serie_6_BVC
2011-05-10,1692.770000,190.977808,BanRep_serie_6_BVC
2011-05-11,1697.550000,191.517087,BanRep_serie_6_BVC
2011-05-12,1703.030000,192.135339,BanRep_serie_6_BVC
2011-05-13,1706.760000,192.556156,BanRep_serie_6_BVC
2011-05-16,1700.030000,191.796879,BanRep_serie_6_BVC
2011-05-17,1713.150000,193.277074,BanRep_serie_6_BVC
2011-05-18,1710.670000,192.997281,BanRep_serie_6_BVC
2011-05-19,1706.130000,192.485080,BanRep_serie_6_BVC
2011-05-20,1710.500000,192.978102,BanRep_serie_6_BVC
2011-05-23,1709.070000,192.816770,BanRep_serie_6_BVC
2011-05-24,1721.440000,194.212349,BanRep_serie_6_BVC
2011-05-25,1717.920000,193.815224,BanRep_serie_6_BVC
2011-05-26,1733.200000,195.539109,BanRep_serie_6_BVC
2011-05-27,1732.020000,195.405982,BanRep_serie_6_BVC
2011-05-30,1737.870000,196.065977,BanRep_serie_6_BVC
2011-05-31,1760.400000,198.607805,BanRep_serie_6_BVC
2011-06-01,1753.640000,197.845144,BanRep_serie_6_BVC
2011-06-02,1752.740000,197.743606,BanRep_serie_6_BVC
2011-06-03,1753.310000,197.807913,BanRep_serie_6_BVC
2011-06-07,1750.150000,197.451403,BanRep_serie_6_BVC
2011-06-08,1755.850000,198.094475,BanRep_serie_6_BVC
2011-06-09,1753.200000,197.795503,BanRep_serie_6_BVC
2011-06-10,1751.770000,197.634171,BanRep_serie_6_BVC
2011-06-13,1730.000000,195.178086,BanRep_serie_6_BVC
2011-06-14,1729.690000,195.143112,BanRep_serie_6_BVC
2011-06-15,1701.980000,192.016878,BanRep_serie_6_BVC
2011-06-16,1701.450000,191.957083,BanRep_serie_6_BVC
2011-06-17,1702.440000,192.068775,BanRep_serie_6_BVC
2011-06-20,1697.000000,191.455036,BanRep_serie_6_BVC
2011-06-21,1709.270000,192.839333,BanRep_serie_6_BVC
2011-06-22,1721.610000,194.231529,BanRep_serie_6_BVC
2011-06-23,1712.980000,193.257895,BanRep_serie_6_BVC
2011-06-24,1710.150000,192.938615,BanRep_serie_6_BVC
2011-06-28,1711.420000,193.081896,BanRep_serie_6_BVC
2011-06-29,1718.910000,193.926915,BanRep_serie_6_BVC
2011-06-30,1700.430000,191.842007,BanRep_serie_6_BVC
2011-07-01,1707.030000,192.586617,BanRep_serie_6_BVC
2011-07-05,1716.020000,193.600866,BanRep_serie_6_BVC
2011-07-06,1677.400000,189.243770,BanRep_serie_6_BVC
2011-07-07,1673.860000,188.844388,BanRep_serie_6_BVC
2011-07-08,1656.360000,186.870043,BanRep_serie_6_BVC
2011-07-11,1612.670000,181.940950,BanRep_serie_6_BVC
2011-07-12,1597.890000,180.273475,BanRep_serie_6_BVC
2011-07-13,1610.840000,181.734490,BanRep_serie_6_BVC
2011-07-14,1585.160000,178.837280,BanRep_serie_6_BVC
2011-07-15,1584.070000,178.714307,BanRep_serie_6_BVC
2011-07-18,1589.300000,179.304354,BanRep_serie_6_BVC
2011-07-19,1628.200000,183.693040,BanRep_serie_6_BVC
2011-07-21,1644.740000,185.559078,BanRep_serie_6_BVC
2011-07-22,1645.710000,185.668513,BanRep_serie_6_BVC
2011-07-25,1655.680000,186.793326,BanRep_serie_6_BVC
2011-07-26,1664.250000,187.760190,BanRep_serie_6_BVC
2011-07-27,1652.590000,186.444713,BanRep_serie_6_BVC
2011-07-28,1671.320000,188.557826,BanRep_serie_6_BVC
2011-07-29,1659.390000,187.211887,BanRep_serie_6_BVC
2011-08-01,1669.630000,188.367160,BanRep_serie_6_BVC
2011-08-02,1658.980000,187.165631,BanRep_serie_6_BVC
2011-08-03,1651.570000,186.329637,BanRep_serie_6_BVC
2011-08-04,1601.410000,180.670600,BanRep_serie_6_BVC
2011-08-05,1588.100000,179.168970,BanRep_serie_6_BVC
2011-08-08,1535.480000,173.232397,BanRep_serie_6_BVC
2011-08-09,1578.060000,178.036260,BanRep_serie_6_BVC
2011-08-10,1582.200000,178.503334,BanRep_serie_6_BVC
2011-08-11,1600.320000,180.547627,BanRep_serie_6_BVC
2011-08-12,1611.130000,181.767208,BanRep_serie_6_BVC
2011-08-16,1620.630000,182.838995,BanRep_serie_6_BVC
2011-08-17,1624.140000,183.234992,BanRep_serie_6_BVC
2011-08-18,1581.300000,178.401796,BanRep_serie_6_BVC
2011-08-19,1573.100000,177.476675,BanRep_serie_6_BVC
2011-08-22,1572.630000,177.423649,BanRep_serie_6_BVC
2011-08-23,1594.980000,179.945170,BanRep_serie_6_BVC
2011-08-24,1606.580000,181.253878,BanRep_serie_6_BVC
2011-08-25,1597.830000,180.266706,BanRep_serie_6_BVC
2011-08-26,1598.550000,180.347936,BanRep_serie_6_BVC
2011-08-29,1621.760000,182.966481,BanRep_serie_6_BVC
2011-08-30,1642.790000,185.339080,BanRep_serie_6_BVC
2011-08-31,1642.530000,185.309746,BanRep_serie_6_BVC
2011-09-01,1642.900000,185.351490,BanRep_serie_6_BVC
2011-09-02,1642.540000,185.310875,BanRep_serie_6_BVC
2011-09-05,1610.980000,181.750285,BanRep_serie_6_BVC
2011-09-06,1634.330000,184.384625,BanRep_serie_6_BVC
2011-09-07,1646.880000,185.800512,BanRep_serie_6_BVC
2011-09-08,1645.060000,185.595180,BanRep_serie_6_BVC
2011-09-09,1631.870000,184.107088,BanRep_serie_6_BVC
2011-09-12,1629.900000,183.884834,BanRep_serie_6_BVC
2011-09-13,1634.160000,184.365446,BanRep_serie_6_BVC
2011-09-14,1640.370000,185.066056,BanRep_serie_6_BVC
2011-09-15,1659.030000,187.171272,BanRep_serie_6_BVC
2011-09-16,1684.370000,190.030123,BanRep_serie_6_BVC
2011-09-19,1680.370000,189.578844,BanRep_serie_6_BVC
2011-09-20,1676.510000,189.143360,BanRep_serie_6_BVC
2011-09-21,1656.330000,186.866658,BanRep_serie_6_BVC
2011-09-22,1607.910000,181.403928,BanRep_serie_6_BVC
2011-09-23,1593.690000,179.799632,BanRep_serie_6_BVC
2011-09-26,1584.300000,178.740255,BanRep_serie_6_BVC
2011-09-27,1593.650000,179.795119,BanRep_serie_6_BVC
2011-09-28,1586.550000,178.994100,BanRep_serie_6_BVC
2011-09-29,1602.970000,180.846599,BanRep_serie_6_BVC
2011-09-30,1584.750000,178.791024,BanRep_serie_6_BVC
2011-10-03,1550.950000,174.977718,BanRep_serie_6_BVC
2011-10-04,1567.690000,176.866320,BanRep_serie_6_BVC
2011-10-05,1578.700000,178.108465,BanRep_serie_6_BVC
2011-10-06,1589.680000,179.347225,BanRep_serie_6_BVC
2011-10-07,1583.860000,178.690615,BanRep_serie_6_BVC
2011-10-10,1602.250000,180.765369,BanRep_serie_6_BVC
2011-10-11,1596.700000,180.139220,BanRep_serie_6_BVC
2011-10-12,1610.920000,181.743516,BanRep_serie_6_BVC
2011-10-13,1612.340000,181.903720,BanRep_serie_6_BVC
2011-10-14,1618.420000,182.589663,BanRep_serie_6_BVC
2011-10-18,1627.690000,183.635502,BanRep_serie_6_BVC
2011-10-19,1615.590000,182.270384,BanRep_serie_6_BVC
2011-10-20,1619.150000,182.672022,BanRep_serie_6_BVC
2011-10-21,1627.270000,183.588118,BanRep_serie_6_BVC
2011-10-24,1634.430000,184.395907,BanRep_serie_6_BVC
2011-10-25,1620.980000,182.878482,BanRep_serie_6_BVC
2011-10-26,1623.330000,183.143608,BanRep_serie_6_BVC
2011-10-27,1639.950000,185.018672,BanRep_serie_6_BVC
2011-10-28,1636.500000,184.629444,BanRep_serie_6_BVC
2011-10-31,1622.230000,183.019507,BanRep_serie_6_BVC
2011-11-01,1597.170000,180.192245,BanRep_serie_6_BVC
2011-11-02,1595.200000,179.969990,BanRep_serie_6_BVC
2011-11-03,1609.710000,181.607004,BanRep_serie_6_BVC
2011-11-04,1600.140000,180.527319,BanRep_serie_6_BVC
2011-11-08,1606.910000,181.291109,BanRep_serie_6_BVC
2011-11-09,1581.370000,178.409693,BanRep_serie_6_BVC
2011-11-10,1573.500000,177.521802,BanRep_serie_6_BVC
2011-11-11,1582.140000,178.496565,BanRep_serie_6_BVC
2011-11-15,1579.390000,178.186310,BanRep_serie_6_BVC
2011-11-16,1571.960000,177.348060,BanRep_serie_6_BVC
2011-11-17,1570.150000,177.143856,BanRep_serie_6_BVC
2011-11-18,1562.550000,176.286427,BanRep_serie_6_BVC
2011-11-21,1545.320000,174.342543,BanRep_serie_6_BVC
2011-11-22,1544.240000,174.220698,BanRep_serie_6_BVC
2011-11-23,1496.650000,168.851608,BanRep_serie_6_BVC
2011-11-24,1492.300000,168.360843,BanRep_serie_6_BVC
2011-11-25,1482.590000,167.265363,BanRep_serie_6_BVC
2011-11-28,1512.950000,170.690569,BanRep_serie_6_BVC
2011-11-29,1525.050000,172.055688,BanRep_serie_6_BVC
2011-11-30,1561.070000,176.119454,BanRep_serie_6_BVC
2011-12-01,1575.560000,177.754211,BanRep_serie_6_BVC
2011-12-02,1586.850000,179.027945,BanRep_serie_6_BVC
2011-12-05,1574.810000,177.669596,BanRep_serie_6_BVC
2011-12-06,1544.210000,174.217313,BanRep_serie_6_BVC
2011-12-07,1576.490000,177.859133,BanRep_serie_6_BVC
2011-12-09,1577.860000,178.013696,BanRep_serie_6_BVC
2011-12-12,1572.060000,177.359342,BanRep_serie_6_BVC
2011-12-13,1568.090000,176.911448,BanRep_serie_6_BVC
2011-12-14,1546.370000,174.461004,BanRep_serie_6_BVC
2011-12-15,1541.900000,173.956700,BanRep_serie_6_BVC
2011-12-16,1571.890000,177.340163,BanRep_serie_6_BVC
2011-12-19,1561.060000,176.118325,BanRep_serie_6_BVC
2011-12-20,1579.470000,178.195336,BanRep_serie_6_BVC
2011-12-21,1586.410000,178.978305,BanRep_serie_6_BVC
2011-12-22,1599.740000,180.482191,BanRep_serie_6_BVC
2011-12-23,1600.400000,180.556652,BanRep_serie_6_BVC
2011-12-26,1592.110000,179.621377,BanRep_serie_6_BVC
2011-12-27,1584.910000,178.809075,BanRep_serie_6_BVC
2011-12-28,1589.380000,179.313379,BanRep_serie_6_BVC
2011-12-29,1571.550000,177.301804,BanRep_serie_6_BVC
2012-01-02,1577.710000,177.996773,BanRep_serie_6_BVC
2012-01-03,1601.870000,180.722497,BanRep_serie_6_BVC
2012-01-04,1606.480000,181.242596,BanRep_serie_6_BVC
2012-01-05,1606.090000,181.198597,BanRep_serie_6_BVC
2012-01-06,1599.690000,180.476550,BanRep_serie_6_BVC
2012-01-10,1618.880000,182.641561,BanRep_serie_6_BVC
2012-01-11,1609.940000,181.632952,BanRep_serie_6_BVC
2012-01-12,1585.810000,178.910613,BanRep_serie_6_BVC
2012-01-13,1592.820000,179.701479,BanRep_serie_6_BVC
2012-01-16,1578.220000,178.054311,BanRep_serie_6_BVC
2012-01-17,1597.950000,180.280244,BanRep_serie_6_BVC
2012-01-18,1613.670000,182.053770,BanRep_serie_6_BVC
2012-01-19,1606.490000,181.243724,BanRep_serie_6_BVC
2012-01-20,1607.260000,181.330596,BanRep_serie_6_BVC
2012-01-23,1609.920000,181.630696,BanRep_serie_6_BVC
2012-01-24,1605.290000,181.108341,BanRep_serie_6_BVC
2012-01-25,1602.730000,180.819522,BanRep_serie_6_BVC
2012-01-26,1601.270000,180.654806,BanRep_serie_6_BVC
2012-01-27,1595.770000,180.034297,BanRep_serie_6_BVC
2012-01-30,1614.010000,182.092129,BanRep_serie_6_BVC
2012-01-31,1633.620000,184.304523,BanRep_serie_6_BVC
2012-02-01,1634.000000,184.347394,BanRep_serie_6_BVC
2012-02-02,1642.730000,185.332310,BanRep_serie_6_BVC
2012-02-03,1643.430000,185.411284,BanRep_serie_6_BVC
2012-02-06,1642.150000,185.266875,BanRep_serie_6_BVC
2012-02-07,1649.710000,186.119792,BanRep_serie_6_BVC
2012-02-08,1655.430000,186.765121,BanRep_serie_6_BVC
2012-02-09,1658.670000,187.130656,BanRep_serie_6_BVC
2012-02-10,1657.280000,186.973837,BanRep_serie_6_BVC
2012-02-13,1669.470000,188.349109,BanRep_serie_6_BVC
2012-02-14,1674.220000,188.885003,BanRep_serie_6_BVC
2012-02-15,1677.160000,189.216693,BanRep_serie_6_BVC
2012-02-16,1705.020000,192.359850,BanRep_serie_6_BVC
2012-02-17,1710.760000,193.007435,BanRep_serie_6_BVC
2012-02-20,1714.260000,193.402304,BanRep_serie_6_BVC
2012-02-21,1700.220000,191.818315,BanRep_serie_6_BVC
2012-02-22,1703.290000,192.164672,BanRep_serie_6_BVC
2012-02-23,1720.510000,194.107427,BanRep_serie_6_BVC
2012-02-24,1718.510000,193.881788,BanRep_serie_6_BVC
2012-02-27,1706.700000,192.549387,BanRep_serie_6_BVC
2012-02-28,1698.810000,191.659239,BanRep_serie_6_BVC
2012-02-29,1730.460000,195.229983,BanRep_serie_6_BVC
2012-03-01,1740.640000,196.378488,BanRep_serie_6_BVC
2012-03-02,1739.940000,196.299514,BanRep_serie_6_BVC
2012-03-05,1735.250000,195.770389,BanRep_serie_6_BVC
2012-03-06,1707.850000,192.679129,BanRep_serie_6_BVC
2012-03-07,1712.590000,193.213895,BanRep_serie_6_BVC
2012-03-08,1724.740000,194.584654,BanRep_serie_6_BVC
2012-03-09,1724.620000,194.571116,BanRep_serie_6_BVC
2012-03-12,1718.860000,193.921274,BanRep_serie_6_BVC
2012-03-13,1747.230000,197.121969,BanRep_serie_6_BVC
2012-03-14,1740.550000,196.368334,BanRep_serie_6_BVC
2012-03-15,1739.080000,196.202489,BanRep_serie_6_BVC
2012-03-16,1705.000000,192.357593,BanRep_serie_6_BVC
2012-03-20,1713.250000,193.288356,BanRep_serie_6_BVC
2012-03-21,1714.280000,193.404560,BanRep_serie_6_BVC
2012-03-22,1706.080000,192.479439,BanRep_serie_6_BVC
2012-03-23,1732.230000,195.429674,BanRep_serie_6_BVC
2012-03-26,1747.800000,197.186277,BanRep_serie_6_BVC
2012-03-27,1736.810000,195.946388,BanRep_serie_6_BVC
2012-03-28,1737.360000,196.008439,BanRep_serie_6_BVC
2012-03-29,1751.470000,197.600325,BanRep_serie_6_BVC
2012-03-30,1743.630000,196.715818,BanRep_serie_6_BVC
2012-04-02,1741.760000,196.504846,BanRep_serie_6_BVC
2012-04-03,1741.870000,196.517256,BanRep_serie_6_BVC
2012-04-04,1742.900000,196.633460,BanRep_serie_6_BVC
2012-04-09,1744.020000,196.759818,BanRep_serie_6_BVC
2012-04-10,1739.480000,196.247617,BanRep_serie_6_BVC
2012-04-11,1755.430000,198.047091,BanRep_serie_6_BVC
2012-04-12,1756.270000,198.141859,BanRep_serie_6_BVC
2012-04-13,1748.700000,197.287814,BanRep_serie_6_BVC
2012-04-16,1761.030000,198.678881,BanRep_serie_6_BVC
2012-04-17,1765.550000,199.188826,BanRep_serie_6_BVC
2012-04-18,1762.930000,198.893239,BanRep_serie_6_BVC
2012-04-19,1750.700000,197.513454,BanRep_serie_6_BVC
2012-04-20,1754.560000,197.948938,BanRep_serie_6_BVC
2012-04-23,1746.290000,197.015919,BanRep_serie_6_BVC
2012-04-24,1736.950000,195.962183,BanRep_serie_6_BVC
2012-04-25,1749.430000,197.370173,BanRep_serie_6_BVC
2012-04-26,1759.620000,198.519805,BanRep_serie_6_BVC
2012-04-27,1769.490000,199.633336,BanRep_serie_6_BVC
2012-04-30,1785.660000,201.457631,BanRep_serie_6_BVC
2012-05-02,1814.120000,204.668479,BanRep_serie_6_BVC
2012-05-03,1812.080000,204.438327,BanRep_serie_6_BVC
2012-05-04,1799.250000,202.990850,BanRep_serie_6_BVC
2012-05-07,1802.340000,203.339463,BanRep_serie_6_BVC
2012-05-08,1796.450000,202.674955,BanRep_serie_6_BVC
2012-05-09,1793.630000,202.356804,BanRep_serie_6_BVC
2012-05-10,1779.530000,200.766046,BanRep_serie_6_BVC
2012-05-11,1775.800000,200.345228,BanRep_serie_6_BVC
2012-05-14,1740.030000,196.309668,BanRep_serie_6_BVC
2012-05-15,1733.670000,195.592134,BanRep_serie_6_BVC
2012-05-16,1737.270000,195.998285,BanRep_serie_6_BVC
2012-05-17,1707.100000,192.594515,BanRep_serie_6_BVC
2012-05-18,1715.450000,193.536559,BanRep_serie_6_BVC
2012-05-22,1732.770000,195.490596,BanRep_serie_6_BVC
2012-05-23,1727.340000,194.877985,BanRep_serie_6_BVC
2012-05-24,1720.080000,194.058914,BanRep_serie_6_BVC
2012-05-25,1713.330000,193.297381,BanRep_serie_6_BVC
2012-05-28,1701.090000,191.916468,BanRep_serie_6_BVC
2012-05-29,1712.030000,193.150716,BanRep_serie_6_BVC
2012-05-30,1693.060000,191.010526,BanRep_serie_6_BVC
2012-05-31,1726.550000,194.788858,BanRep_serie_6_BVC
2012-06-01,1680.440000,189.586741,BanRep_serie_6_BVC
2012-06-04,1664.040000,187.736498,BanRep_serie_6_BVC
2012-06-05,1660.650000,187.354040,BanRep_serie_6_BVC
2012-06-06,1673.340000,188.785722,BanRep_serie_6_BVC
2012-06-07,1676.440000,189.135463,BanRep_serie_6_BVC
2012-06-08,1672.840000,188.729312,BanRep_serie_6_BVC
2012-06-12,1656.570000,186.893735,BanRep_serie_6_BVC
2012-06-13,1653.020000,186.493225,BanRep_serie_6_BVC
2012-06-14,1665.180000,187.865113,BanRep_serie_6_BVC
2012-06-15,1649.500000,186.096100,BanRep_serie_6_BVC
2012-06-19,1676.530000,189.145616,BanRep_serie_6_BVC
2012-06-20,1686.600000,190.281711,BanRep_serie_6_BVC
2012-06-21,1638.930000,184.903596,BanRep_serie_6_BVC
2012-06-22,1633.510000,184.292113,BanRep_serie_6_BVC
2012-06-25,1593.970000,179.831222,BanRep_serie_6_BVC
2012-06-26,1595.320000,179.983528,BanRep_serie_6_BVC
2012-06-27,1626.870000,183.542990,BanRep_serie_6_BVC
2012-06-28,1610.490000,181.695003,BanRep_serie_6_BVC
2012-06-29,1640.010000,185.025441,BanRep_serie_6_BVC
2012-07-03,1669.720000,188.377314,BanRep_serie_6_BVC
2012-07-04,1666.750000,188.042240,BanRep_serie_6_BVC
2012-07-05,1673.300000,188.781209,BanRep_serie_6_BVC
2012-07-06,1667.440000,188.120085,BanRep_serie_6_BVC
2012-07-09,1660.330000,187.317937,BanRep_serie_6_BVC
2012-07-10,1654.130000,186.618455,BanRep_serie_6_BVC
2012-07-11,1666.080000,187.966650,BanRep_serie_6_BVC
2012-07-12,1644.650000,185.548924,BanRep_serie_6_BVC
2012-07-13,1657.840000,187.037016,BanRep_serie_6_BVC
2012-07-16,1655.100000,186.727890,BanRep_serie_6_BVC
2012-07-17,1660.460000,187.332604,BanRep_serie_6_BVC
2012-07-18,1665.540000,187.905728,BanRep_serie_6_BVC
2012-07-19,1671.020000,188.523980,BanRep_serie_6_BVC
2012-07-23,1658.120000,187.068606,BanRep_serie_6_BVC
2012-07-24,1658.800000,187.145323,BanRep_serie_6_BVC
2012-07-25,1642.760000,185.335695,BanRep_serie_6_BVC
2012-07-26,1650.020000,186.154766,BanRep_serie_6_BVC
2012-07-27,1684.970000,190.097815,BanRep_serie_6_BVC
2012-07-30,1683.090000,189.885714,BanRep_serie_6_BVC
2012-07-31,1673.870000,188.845516,BanRep_serie_6_BVC
2012-08-01,1668.160000,188.201315,BanRep_serie_6_BVC
2012-08-02,1651.660000,186.339790,BanRep_serie_6_BVC
2012-08-03,1644.620000,185.545540,BanRep_serie_6_BVC
2012-08-06,1638.690000,184.876519,BanRep_serie_6_BVC
2012-08-08,1612.620000,181.935309,BanRep_serie_6_BVC
2012-08-09,1652.220000,186.402969,BanRep_serie_6_BVC
2012-08-10,1661.680000,187.470244,BanRep_serie_6_BVC
2012-08-13,1656.320000,186.865530,BanRep_serie_6_BVC
2012-08-14,1667.120000,188.083983,BanRep_serie_6_BVC
2012-08-15,1678.450000,189.362230,BanRep_serie_6_BVC
2012-08-16,1684.470000,190.041405,BanRep_serie_6_BVC
2012-08-17,1686.750000,190.298634,BanRep_serie_6_BVC
2012-08-21,1673.750000,188.831978,BanRep_serie_6_BVC
2012-08-22,1677.780000,189.286641,BanRep_serie_6_BVC
2012-08-23,1679.000000,189.424281,BanRep_serie_6_BVC
2012-08-24,1672.590000,188.701107,BanRep_serie_6_BVC
2012-08-27,1675.660000,189.047463,BanRep_serie_6_BVC
2012-08-28,1683.200000,189.898124,BanRep_serie_6_BVC
2012-08-29,1675.200000,188.995566,BanRep_serie_6_BVC
2012-08-30,1667.960000,188.178752,BanRep_serie_6_BVC
2012-08-31,1668.500000,188.239674,BanRep_serie_6_BVC
2012-09-03,1667.100000,188.081727,BanRep_serie_6_BVC
2012-09-04,1655.200000,186.739172,BanRep_serie_6_BVC
2012-09-05,1650.160000,186.170561,BanRep_serie_6_BVC
2012-09-06,1680.960000,189.645408,BanRep_serie_6_BVC
2012-09-07,1689.540000,190.613401,BanRep_serie_6_BVC
2012-09-10,1683.060000,189.882329,BanRep_serie_6_BVC
2012-09-11,1685.200000,190.123763,BanRep_serie_6_BVC
2012-09-12,1683.190000,189.896996,BanRep_serie_6_BVC
2012-09-13,1695.770000,191.316267,BanRep_serie_6_BVC
2012-09-14,1708.520000,192.754719,BanRep_serie_6_BVC
2012-09-17,1681.370000,189.691664,BanRep_serie_6_BVC
2012-09-18,1688.660000,190.514119,BanRep_serie_6_BVC
2012-09-19,1705.100000,192.368875,BanRep_serie_6_BVC
2012-09-20,1703.790000,192.221081,BanRep_serie_6_BVC
2012-09-21,1709.380000,192.851744,BanRep_serie_6_BVC
2012-09-24,1696.130000,191.356883,BanRep_serie_6_BVC
2012-09-25,1686.100000,190.225301,BanRep_serie_6_BVC
2012-09-26,1683.520000,189.934226,BanRep_serie_6_BVC
2012-09-27,1695.750000,191.314011,BanRep_serie_6_BVC
2012-09-28,1681.080000,189.658946,BanRep_serie_6_BVC
2012-10-01,1683.400000,189.920688,BanRep_serie_6_BVC
2012-10-02,1695.460000,191.281293,BanRep_serie_6_BVC
2012-10-03,1692.750000,190.975552,BanRep_serie_6_BVC
2012-10-04,1703.700000,192.210928,BanRep_serie_6_BVC
2012-10-05,1704.620000,192.314722,BanRep_serie_6_BVC
2012-10-08,1702.030000,192.022519,BanRep_serie_6_BVC
2012-10-09,1695.890000,191.329806,BanRep_serie_6_BVC
2012-10-10,1698.160000,191.585907,BanRep_serie_6_BVC
2012-10-11,1700.280000,191.825084,BanRep_serie_6_BVC
2012-10-12,1706.500000,192.526823,BanRep_serie_6_BVC
2012-10-16,1721.620000,194.232657,BanRep_serie_6_BVC
2012-10-17,1753.630000,197.844015,BanRep_serie_6_BVC
2012-10-18,1775.300000,200.288818,BanRep_serie_6_BVC
2012-10-19,1780.110000,200.831481,BanRep_serie_6_BVC
2012-10-22,1795.740000,202.594853,BanRep_serie_6_BVC
2012-10-23,1790.490000,202.002550,BanRep_serie_6_BVC
2012-10-24,1795.580000,202.576802,BanRep_serie_6_BVC
2012-10-25,1832.140000,206.701490,BanRep_serie_6_BVC
2012-10-26,1830.060000,206.466825,BanRep_serie_6_BVC
2012-10-29,1835.820000,207.116667,BanRep_serie_6_BVC
2012-10-30,1813.400000,204.587249,BanRep_serie_6_BVC
2012-10-31,1809.930000,204.195765,BanRep_serie_6_BVC
2012-11-01,1771.460000,199.855591,BanRep_serie_6_BVC
2012-11-02,1754.390000,197.929758,BanRep_serie_6_BVC
2012-11-06,1732.640000,195.475930,BanRep_serie_6_BVC
2012-11-07,1699.730000,191.763033,BanRep_serie_6_BVC
2012-11-08,1739.430000,196.241976,BanRep_serie_6_BVC
2012-11-09,1747.730000,197.178379,BanRep_serie_6_BVC
2012-11-13,1737.210000,195.991516,BanRep_serie_6_BVC
2012-11-14,1728.710000,195.032548,BanRep_serie_6_BVC
2012-11-15,1740.010000,196.307411,BanRep_serie_6_BVC
2012-11-16,1738.390000,196.124643,BanRep_serie_6_BVC
2012-11-19,1748.170000,197.228020,BanRep_serie_6_BVC
2012-11-20,1752.210000,197.683812,BanRep_serie_6_BVC
2012-11-21,1744.350000,196.797049,BanRep_serie_6_BVC
2012-11-22,1739.910000,196.296129,BanRep_serie_6_BVC
2012-11-23,1746.280000,197.014791,BanRep_serie_6_BVC
2012-11-26,1737.340000,196.006183,BanRep_serie_6_BVC
2012-11-27,1733.540000,195.577468,BanRep_serie_6_BVC
2012-11-28,1735.310000,195.777159,BanRep_serie_6_BVC
2012-11-29,1744.200000,196.780126,BanRep_serie_6_BVC
2012-11-30,1754.750000,197.970374,BanRep_serie_6_BVC
2012-12-03,1761.230000,198.701445,BanRep_serie_6_BVC
2012-12-04,1777.560000,200.543791,BanRep_serie_6_BVC
2012-12-05,1796.540000,202.685109,BanRep_serie_6_BVC
2012-12-06,1797.960000,202.845313,BanRep_serie_6_BVC
2012-12-07,1795.670000,202.586956,BanRep_serie_6_BVC
2012-12-10,1801.070000,203.196182,BanRep_serie_6_BVC
2012-12-11,1809.280000,204.122432,BanRep_serie_6_BVC
2012-12-12,1820.160000,205.349910,BanRep_serie_6_BVC
2012-12-13,1809.080000,204.099868,BanRep_serie_6_BVC
2012-12-14,1804.740000,203.610230,BanRep_serie_6_BVC
2012-12-17,1804.270000,203.557205,BanRep_serie_6_BVC
2012-12-18,1809.560000,204.154021,BanRep_serie_6_BVC
2012-12-19,1813.100000,204.553403,BanRep_serie_6_BVC
2012-12-20,1811.520000,204.375148,BanRep_serie_6_BVC
2012-12-21,1808.260000,204.007356,BanRep_serie_6_BVC
2012-12-24,1824.110000,205.795548,BanRep_serie_6_BVC
2012-12-26,1817.990000,205.105092,BanRep_serie_6_BVC
2012-12-27,1823.540000,205.731241,BanRep_serie_6_BVC
2012-12-28,1823.230000,205.696267,BanRep_serie_6_BVC
2013-01-02,1828.670000,206.310006,BanRep_serie_6_BVC
2013-01-03,1832.310000,206.720670,BanRep_serie_6_BVC
2013-01-04,1830.020000,206.462313,BanRep_serie_6_BVC
2013-01-08,1832.040000,206.690208,BanRep_serie_6_BVC
2013-01-09,1844.330000,208.076763,BanRep_serie_6_BVC
2013-01-10,1837.770000,207.336665,BanRep_serie_6_BVC
2013-01-11,1837.010000,207.250922,BanRep_serie_6_BVC
2013-01-14,1833.950000,206.905694,BanRep_serie_6_BVC
2013-01-15,1832.450000,206.736464,BanRep_serie_6_BVC
2013-01-16,1834.610000,206.980155,BanRep_serie_6_BVC
2013-01-17,1839.830000,207.569074,BanRep_serie_6_BVC
2013-01-18,1843.400000,207.971840,BanRep_serie_6_BVC
2013-01-21,1842.130000,207.828559,BanRep_serie_6_BVC
2013-01-22,1850.750000,208.801065,BanRep_serie_6_BVC
2013-01-23,1857.440000,209.555829,BanRep_serie_6_BVC
2013-01-24,1861.340000,209.995826,BanRep_serie_6_BVC
2013-01-25,1867.010000,210.635513,BanRep_serie_6_BVC
2013-01-28,1855.050000,209.286190,BanRep_serie_6_BVC
2013-01-29,1860.290000,209.877365,BanRep_serie_6_BVC
2013-01-30,1867.570000,210.698692,BanRep_serie_6_BVC
2013-01-31,1863.780000,210.271106,BanRep_serie_6_BVC
2013-02-01,1874.600000,211.491815,BanRep_serie_6_BVC
2013-02-04,1877.860000,211.859607,BanRep_serie_6_BVC
2013-02-05,1889.470000,213.169444,BanRep_serie_6_BVC
2013-02-06,1878.140000,211.891197,BanRep_serie_6_BVC
2013-02-07,1869.310000,210.894999,BanRep_serie_6_BVC
2013-02-08,1871.590000,211.152228,BanRep_serie_6_BVC
2013-02-11,1857.630000,209.577265,BanRep_serie_6_BVC
2013-02-12,1864.470000,210.348951,BanRep_serie_6_BVC
2013-02-13,1868.190000,210.768641,BanRep_serie_6_BVC
2013-02-14,1869.990000,210.971716,BanRep_serie_6_BVC
2013-02-15,1857.860000,209.603213,BanRep_serie_6_BVC
2013-02-18,1855.070000,209.288446,BanRep_serie_6_BVC
2013-02-19,1842.930000,207.918815,BanRep_serie_6_BVC
2013-02-20,1835.660000,207.098616,BanRep_serie_6_BVC
2013-02-21,1836.830000,207.230615,BanRep_serie_6_BVC
2013-02-22,1851.500000,208.885680,BanRep_serie_6_BVC
2013-02-25,1857.030000,209.509573,BanRep_serie_6_BVC
2013-02-26,1846.750000,208.349786,BanRep_serie_6_BVC
2013-02-27,1845.410000,208.198608,BanRep_serie_6_BVC
2013-02-28,1844.490000,208.094814,BanRep_serie_6_BVC
2013-03-01,1839.740000,207.558920,BanRep_serie_6_BVC
2013-03-04,1822.460000,205.609396,BanRep_serie_6_BVC
2013-03-05,1815.270000,204.798222,BanRep_serie_6_BVC
2013-03-06,1806.970000,203.861818,BanRep_serie_6_BVC
2013-03-07,1790.980000,202.057831,BanRep_serie_6_BVC
2013-03-08,1792.260000,202.202241,BanRep_serie_6_BVC
2013-03-11,1793.990000,202.397419,BanRep_serie_6_BVC
2013-03-12,1800.660000,203.149926,BanRep_serie_6_BVC
2013-03-13,1790.100000,201.958550,BanRep_serie_6_BVC
2013-03-14,1789.810000,201.925832,BanRep_serie_6_BVC
2013-03-15,1806.670000,203.827973,BanRep_serie_6_BVC
2013-03-18,1796.570000,202.688494,BanRep_serie_6_BVC
2013-03-19,1760.230000,198.588626,BanRep_serie_6_BVC
2013-03-20,1759.560000,198.513036,BanRep_serie_6_BVC
2013-03-21,1758.440000,198.386678,BanRep_serie_6_BVC
2013-03-22,1760.050000,198.568318,BanRep_serie_6_BVC
2013-03-26,1773.980000,200.139896,BanRep_serie_6_BVC
2013-03-27,1774.860000,200.239178,BanRep_serie_6_BVC
2013-04-01,1770.090000,199.701028,BanRep_serie_6_BVC
2013-04-02,1769.610000,199.646874,BanRep_serie_6_BVC
2013-04-03,1746.900000,197.084739,BanRep_serie_6_BVC
2013-04-04,1756.970000,198.220833,BanRep_serie_6_BVC
2013-04-05,1758.880000,198.436319,BanRep_serie_6_BVC
2013-04-08,1745.890000,196.970791,BanRep_serie_6_BVC
2013-04-09,1739.580000,196.258899,BanRep_serie_6_BVC
2013-04-10,1742.180000,196.552230,BanRep_serie_6_BVC
2013-04-11,1750.720000,197.515710,BanRep_serie_6_BVC
2013-04-12,1733.900000,195.618083,BanRep_serie_6_BVC
2013-04-15,1682.200000,189.785304,BanRep_serie_6_BVC
2013-04-16,1705.480000,192.411747,BanRep_serie_6_BVC
2013-04-17,1699.940000,191.786726,BanRep_serie_6_BVC
2013-04-18,1703.490000,192.187236,BanRep_serie_6_BVC
2013-04-19,1705.980000,192.468157,BanRep_serie_6_BVC
2013-04-22,1713.680000,193.336868,BanRep_serie_6_BVC
2013-04-23,1713.350000,193.299638,BanRep_serie_6_BVC
2013-04-24,1715.770000,193.572662,BanRep_serie_6_BVC
2013-04-25,1715.960000,193.594097,BanRep_serie_6_BVC
2013-04-26,1705.110000,192.370003,BanRep_serie_6_BVC
2013-04-29,1700.130000,191.808161,BanRep_serie_6_BVC
2013-04-30,1684.880000,190.087661,BanRep_serie_6_BVC
2013-05-02,1695.640000,191.301601,BanRep_serie_6_BVC
2013-05-03,1698.540000,191.628778,BanRep_serie_6_BVC
2013-05-06,1686.810000,190.305403,BanRep_serie_6_BVC
2013-05-07,1688.350000,190.479145,BanRep_serie_6_BVC
2013-05-08,1674.300000,188.894028,BanRep_serie_6_BVC
2013-05-09,1674.210000,188.883875,BanRep_serie_6_BVC
2013-05-10,1654.770000,186.690660,BanRep_serie_6_BVC
2013-05-14,1663.530000,187.678960,BanRep_serie_6_BVC
2013-05-15,1677.530000,189.258436,BanRep_serie_6_BVC
2013-05-16,1686.640000,190.286224,BanRep_serie_6_BVC
2013-05-17,1689.890000,190.652888,BanRep_serie_6_BVC
2013-05-20,1681.810000,189.741304,BanRep_serie_6_BVC
2013-05-21,1690.570000,190.729605,BanRep_serie_6_BVC
2013-05-22,1694.680000,191.193294,BanRep_serie_6_BVC
2013-05-23,1699.530000,191.740470,BanRep_serie_6_BVC
2013-05-24,1704.660000,192.319235,BanRep_serie_6_BVC
2013-05-27,1704.200000,192.267338,BanRep_serie_6_BVC
2013-05-28,1716.230000,193.624559,BanRep_serie_6_BVC
2013-05-29,1708.440000,192.745693,BanRep_serie_6_BVC
2013-05-30,1702.680000,192.095852,BanRep_serie_6_BVC
2013-05-31,1666.250000,187.985830,BanRep_serie_6_BVC
2013-06-04,1685.120000,190.114738,BanRep_serie_6_BVC
2013-06-05,1682.020000,189.764997,BanRep_serie_6_BVC
2013-06-06,1677.520000,189.257308,BanRep_serie_6_BVC
2013-06-07,1672.830000,188.728183,BanRep_serie_6_BVC
2013-06-11,1653.520000,186.549635,BanRep_serie_6_BVC
2013-06-12,1629.700000,183.862270,BanRep_serie_6_BVC
2013-06-13,1629.590000,183.849860,BanRep_serie_6_BVC
2013-06-14,1636.900000,184.674572,BanRep_serie_6_BVC
2013-06-17,1635.230000,184.486163,BanRep_serie_6_BVC
2013-06-18,1655.850000,186.812505,BanRep_serie_6_BVC
2013-06-19,1650.730000,186.234868,BanRep_serie_6_BVC
2013-06-20,1614.170000,182.110180,BanRep_serie_6_BVC
2013-06-21,1595.350000,179.986913,BanRep_serie_6_BVC
2013-06-24,1570.660000,177.201394,BanRep_serie_6_BVC
2013-06-25,1557.290000,175.692995,BanRep_serie_6_BVC
2013-06-26,1574.500000,177.634622,BanRep_serie_6_BVC
2013-06-27,1577.390000,177.960671,BanRep_serie_6_BVC
2013-06-28,1615.840000,182.298589,BanRep_serie_6_BVC
2013-07-02,1613.050000,181.983822,BanRep_serie_6_BVC
2013-07-03,1607.030000,181.304647,BanRep_serie_6_BVC
2013-07-04,1610.450000,181.690490,BanRep_serie_6_BVC
2013-07-05,1597.410000,180.219322,BanRep_serie_6_BVC
2013-07-08,1586.140000,178.947843,BanRep_serie_6_BVC
2013-07-09,1575.680000,177.767749,BanRep_serie_6_BVC
2013-07-10,1550.700000,174.949513,BanRep_serie_6_BVC
2013-07-11,1584.430000,178.754922,BanRep_serie_6_BVC
2013-07-12,1604.240000,180.989880,BanRep_serie_6_BVC
2013-07-15,1634.750000,184.432009,BanRep_serie_6_BVC
2013-07-16,1644.740000,185.559078,BanRep_serie_6_BVC
2013-07-17,1666.870000,188.055778,BanRep_serie_6_BVC
2013-07-18,1680.110000,189.549511,BanRep_serie_6_BVC
2013-07-19,1685.630000,190.172276,BanRep_serie_6_BVC
2013-07-22,1666.290000,187.990343,BanRep_serie_6_BVC
2013-07-23,1694.590000,191.183140,BanRep_serie_6_BVC
2013-07-24,1704.860000,192.341799,BanRep_serie_6_BVC
2013-07-25,1701.290000,191.939032,BanRep_serie_6_BVC
2013-07-26,1694.340000,191.154935,BanRep_serie_6_BVC
2013-07-29,1689.530000,190.612273,BanRep_serie_6_BVC
2013-07-30,1694.900000,191.218114,BanRep_serie_6_BVC
2013-07-31,1680.700000,189.616075,BanRep_serie_6_BVC
2013-08-01,1706.000000,192.470413,BanRep_serie_6_BVC
2013-08-02,1721.950000,194.269887,BanRep_serie_6_BVC
2013-08-05,1718.450000,193.875018,BanRep_serie_6_BVC
2013-08-06,1720.030000,194.053273,BanRep_serie_6_BVC
2013-08-08,1716.400000,193.643738,BanRep_serie_6_BVC
2013-08-09,1720.670000,194.125478,BanRep_serie_6_BVC
2013-08-12,1722.910000,194.378194,BanRep_serie_6_BVC
2013-08-13,1736.350000,195.894491,BanRep_serie_6_BVC
2013-08-14,1747.110000,197.108431,BanRep_serie_6_BVC
2013-08-15,1730.410000,195.224342,BanRep_serie_6_BVC
2013-08-16,1727.740000,194.923113,BanRep_serie_6_BVC
2013-08-20,1725.640000,194.686192,BanRep_serie_6_BVC
2013-08-21,1723.340000,194.426707,BanRep_serie_6_BVC
2013-08-22,1722.350000,194.315015,BanRep_serie_6_BVC
2013-08-23,1720.680000,194.126606,BanRep_serie_6_BVC
2013-08-26,1714.150000,193.389894,BanRep_serie_6_BVC
2013-08-27,1714.140000,193.388765,BanRep_serie_6_BVC
2013-08-28,1734.000000,195.629365,BanRep_serie_6_BVC
2013-08-29,1721.940000,194.268759,BanRep_serie_6_BVC
2013-08-30,1729.620000,195.135214,BanRep_serie_6_BVC
2013-09-02,1732.650000,195.477058,BanRep_serie_6_BVC
2013-09-03,1737.620000,196.037772,BanRep_serie_6_BVC
2013-09-04,1746.900000,197.084739,BanRep_serie_6_BVC
2013-09-05,1746.750000,197.067816,BanRep_serie_6_BVC
2013-09-06,1736.540000,195.915927,BanRep_serie_6_BVC
2013-09-09,1752.760000,197.745862,BanRep_serie_6_BVC
2013-09-10,1765.980000,199.237339,BanRep_serie_6_BVC
2013-09-11,1770.010000,199.692002,BanRep_serie_6_BVC
2013-09-12,1768.040000,199.469747,BanRep_serie_6_BVC
2013-09-13,1761.310000,198.710471,BanRep_serie_6_BVC
2013-09-16,1758.740000,198.420524,BanRep_serie_6_BVC
2013-09-17,1766.950000,199.346774,BanRep_serie_6_BVC
2013-09-18,1766.000000,199.239595,BanRep_serie_6_BVC
2013-09-19,1765.990000,199.238467,BanRep_serie_6_BVC
2013-09-20,1767.500000,199.408825,BanRep_serie_6_BVC
2013-09-23,1773.480000,200.083487,BanRep_serie_6_BVC
2013-09-24,1775.350000,200.294459,BanRep_serie_6_BVC
2013-09-25,1777.000000,200.480612,BanRep_serie_6_BVC
2013-09-26,1765.510000,199.184314,BanRep_serie_6_BVC
2013-09-27,1768.520000,199.523901,BanRep_serie_6_BVC
2013-09-30,1752.260000,197.689452,BanRep_serie_6_BVC
2013-10-01,1757.920000,198.328012,BanRep_serie_6_BVC
2013-10-02,1756.970000,198.220833,BanRep_serie_6_BVC
2013-10-03,1754.750000,197.970374,BanRep_serie_6_BVC
2013-10-04,1751.710000,197.627402,BanRep_serie_6_BVC
2013-10-07,1753.600000,197.840631,BanRep_serie_6_BVC
2013-10-08,1757.290000,198.256936,BanRep_serie_6_BVC
2013-10-09,1751.060000,197.554069,BanRep_serie_6_BVC
2013-10-10,1756.770000,198.198269,BanRep_serie_6_BVC
2013-10-11,1763.110000,198.913546,BanRep_serie_6_BVC
2013-10-15,1766.440000,199.289236,BanRep_serie_6_BVC
2013-10-16,1770.060000,199.697643,BanRep_serie_6_BVC
2013-10-17,1772.170000,199.935693,BanRep_serie_6_BVC
2013-10-18,1781.000000,200.931891,BanRep_serie_6_BVC
2013-10-21,1779.670000,200.781841,BanRep_serie_6_BVC
2013-10-22,1773.520000,200.087999,BanRep_serie_6_BVC
2013-10-23,1771.250000,199.831899,BanRep_serie_6_BVC
2013-10-24,1775.050000,200.260614,BanRep_serie_6_BVC
2013-10-25,1773.840000,200.124102,BanRep_serie_6_BVC
2013-10-28,1763.160000,198.919187,BanRep_serie_6_BVC
2013-10-29,1763.010000,198.902264,BanRep_serie_6_BVC
2013-10-30,1758.370000,198.378781,BanRep_serie_6_BVC
2013-10-31,1742.940000,196.637973,BanRep_serie_6_BVC
2013-11-01,1752.970000,197.769554,BanRep_serie_6_BVC
2013-11-05,1734.760000,195.715108,BanRep_serie_6_BVC
2013-11-06,1736.780000,195.943003,BanRep_serie_6_BVC
2013-11-07,1713.840000,193.354920,BanRep_serie_6_BVC
2013-11-08,1678.180000,189.331769,BanRep_serie_6_BVC
2013-11-12,1626.070000,183.452734,BanRep_serie_6_BVC
2013-11-13,1663.000000,187.619166,BanRep_serie_6_BVC
2013-11-14,1672.180000,188.654851,BanRep_serie_6_BVC
2013-11-15,1672.100000,188.645825,BanRep_serie_6_BVC
2013-11-18,1670.990000,188.520595,BanRep_serie_6_BVC
2013-11-19,1666.260000,187.986958,BanRep_serie_6_BVC
2013-11-20,1662.730000,187.588704,BanRep_serie_6_BVC
2013-11-21,1659.550000,187.229938,BanRep_serie_6_BVC
2013-11-22,1655.240000,186.743685,BanRep_serie_6_BVC
2013-11-25,1635.500000,184.516624,BanRep_serie_6_BVC
2013-11-26,1625.620000,183.401965,BanRep_serie_6_BVC
2013-11-27,1622.530000,183.053352,BanRep_serie_6_BVC
2013-11-28,1627.070000,183.565554,BanRep_serie_6_BVC
2013-11-29,1630.190000,183.917551,BanRep_serie_6_BVC
2013-12-02,1625.930000,183.436939,BanRep_serie_6_BVC
2013-12-03,1626.990000,183.556528,BanRep_serie_6_BVC
2013-12-04,1587.370000,179.086612,BanRep_serie_6_BVC
2013-12-05,1610.280000,181.671311,BanRep_serie_6_BVC
2013-12-06,1599.520000,180.457371,BanRep_serie_6_BVC
2013-12-09,1614.630000,182.162077,BanRep_serie_6_BVC
2013-12-10,1624.000000,183.219197,BanRep_serie_6_BVC
2013-12-11,1630.840000,183.990884,BanRep_serie_6_BVC
2013-12-12,1646.730000,185.783589,BanRep_serie_6_BVC
2013-12-13,1638.200000,184.821237,BanRep_serie_6_BVC
2013-12-16,1606.980000,181.299006,BanRep_serie_6_BVC
2013-12-17,1616.450000,182.367409,BanRep_serie_6_BVC
2013-12-18,1600.130000,180.526191,BanRep_serie_6_BVC
2013-12-19,1607.440000,181.350903,BanRep_serie_6_BVC
2013-12-20,1630.430000,183.944628,BanRep_serie_6_BVC
2013-12-23,1602.600000,180.804856,BanRep_serie_6_BVC
2013-12-24,1613.810000,182.069565,BanRep_serie_6_BVC
2013-12-26,1602.720000,180.818394,BanRep_serie_6_BVC
2013-12-27,1601.500000,180.680754,BanRep_serie_6_BVC
2013-12-30,1606.330000,181.225673,BanRep_serie_6_BVC
2014-01-02,1611.770000,181.839412,BanRep_serie_6_BVC
2014-01-03,1601.290000,180.657062,BanRep_serie_6_BVC
2014-01-07,1575.610000,177.759852,BanRep_serie_6_BVC
2014-01-08,1566.280000,176.707244,BanRep_serie_6_BVC
2014-01-09,1563.400000,176.382323,BanRep_serie_6_BVC
2014-01-10,1542.070000,173.975879,BanRep_serie_6_BVC
2014-01-13,1539.480000,173.683676,BanRep_serie_6_BVC
2014-01-14,1542.300000,174.001828,BanRep_serie_6_BVC
2014-01-15,1548.290000,174.677618,BanRep_serie_6_BVC
2014-01-16,1535.340000,173.216603,BanRep_serie_6_BVC
2014-01-17,1536.080000,173.300089,BanRep_serie_6_BVC
2014-01-20,1537.990000,173.515575,BanRep_serie_6_BVC
2014-01-21,1533.290000,172.985322,BanRep_serie_6_BVC
2014-01-22,1541.940000,173.961213,BanRep_serie_6_BVC
2014-01-23,1516.200000,171.057233,BanRep_serie_6_BVC
2014-01-24,1494.770000,168.639507,BanRep_serie_6_BVC
2014-01-27,1473.270000,166.213884,BanRep_serie_6_BVC
2014-01-28,1461.000000,164.829586,BanRep_serie_6_BVC
2014-01-29,1452.680000,163.890926,BanRep_serie_6_BVC
2014-01-30,1453.560000,163.990207,BanRep_serie_6_BVC
2014-01-31,1460.040000,164.721279,BanRep_serie_6_BVC
2014-02-03,1448.560000,163.426109,BanRep_serie_6_BVC
2014-02-04,1451.760000,163.787132,BanRep_serie_6_BVC
2014-02-05,1465.760000,165.366608,BanRep_serie_6_BVC
2014-02-06,1487.610000,167.831718,BanRep_serie_6_BVC
2014-02-07,1499.570000,169.181042,BanRep_serie_6_BVC
2014-02-10,1484.520000,167.483105,BanRep_serie_6_BVC
2014-02-11,1497.940000,168.997146,BanRep_serie_6_BVC
2014-02-12,1515.400000,170.966978,BanRep_serie_6_BVC
2014-02-13,1520.230000,171.511897,BanRep_serie_6_BVC
2014-02-14,1527.350000,172.315173,BanRep_serie_6_BVC
2014-02-17,1524.790000,172.026355,BanRep_serie_6_BVC
2014-02-18,1534.930000,173.170346,BanRep_serie_6_BVC
2014-02-19,1546.070000,174.427158,BanRep_serie_6_BVC
2014-02-20,1525.210000,172.073739,BanRep_serie_6_BVC
2014-02-21,1520.600000,171.553640,BanRep_serie_6_BVC
2014-02-24,1535.110000,173.190654,BanRep_serie_6_BVC
2014-02-25,1501.400000,169.387502,BanRep_serie_6_BVC
2014-02-26,1488.440000,167.925358,BanRep_serie_6_BVC
2014-02-27,1495.010000,168.666584,BanRep_serie_6_BVC
2014-02-28,1520.740000,171.569435,BanRep_serie_6_BVC
2014-03-03,1504.110000,169.693243,BanRep_serie_6_BVC
2014-03-04,1539.330000,173.666753,BanRep_serie_6_BVC
2014-03-05,1563.410000,176.383452,BanRep_serie_6_BVC
2014-03-06,1588.910000,179.260354,BanRep_serie_6_BVC
2014-03-07,1571.840000,177.334522,BanRep_serie_6_BVC
2014-03-10,1571.440000,177.289394,BanRep_serie_6_BVC
2014-03-11,1586.040000,178.936561,BanRep_serie_6_BVC
2014-03-12,1584.930000,178.811332,BanRep_serie_6_BVC
2014-03-13,1597.850000,180.268962,BanRep_serie_6_BVC
2014-03-14,1589.850000,179.366405,BanRep_serie_6_BVC
2014-03-17,1596.760000,180.145989,BanRep_serie_6_BVC
2014-03-18,1592.490000,179.664249,BanRep_serie_6_BVC
2014-03-19,1595.180000,179.967734,BanRep_serie_6_BVC
2014-03-20,1608.990000,181.525774,BanRep_serie_6_BVC
2014-03-21,1607.950000,181.408441,BanRep_serie_6_BVC
2014-03-25,1639.020000,184.913749,BanRep_serie_6_BVC
2014-03-26,1646.010000,185.702359,BanRep_serie_6_BVC
2014-03-27,1663.840000,187.713934,BanRep_serie_6_BVC
2014-03-28,1673.720000,188.828593,BanRep_serie_6_BVC
2014-03-31,1688.300000,190.473504,BanRep_serie_6_BVC
2014-04-01,1691.880000,190.877399,BanRep_serie_6_BVC
2014-04-02,1707.220000,192.608053,BanRep_serie_6_BVC
2014-04-03,1713.010000,193.261279,BanRep_serie_6_BVC
2014-04-04,1703.120000,192.145492,BanRep_serie_6_BVC
2014-04-07,1682.990000,189.874432,BanRep_serie_6_BVC
2014-04-08,1673.080000,188.756388,BanRep_serie_6_BVC
2014-04-09,1668.970000,188.292699,BanRep_serie_6_BVC
2014-04-10,1681.420000,189.697305,BanRep_serie_6_BVC
2014-04-11,1676.800000,189.176078,BanRep_serie_6_BVC
2014-04-14,1688.170000,190.458838,BanRep_serie_6_BVC
2014-04-15,1669.240000,188.323161,BanRep_serie_6_BVC
2014-04-16,1677.730000,189.281000,BanRep_serie_6_BVC
2014-04-21,1668.850000,188.279161,BanRep_serie_6_BVC
2014-04-22,1654.780000,186.691788,BanRep_serie_6_BVC
2014-04-23,1649.670000,186.115279,BanRep_serie_6_BVC
2014-04-24,1634.540000,184.408317,BanRep_serie_6_BVC
2014-04-25,1641.460000,185.189029,BanRep_serie_6_BVC
2014-04-28,1642.100000,185.261234,BanRep_serie_6_BVC
2014-04-29,1653.620000,186.560917,BanRep_serie_6_BVC
2014-04-30,1672.470000,188.687568,BanRep_serie_6_BVC
2014-05-02,1659.540000,187.228810,BanRep_serie_6_BVC
2014-05-05,1650.360000,186.193125,BanRep_serie_6_BVC
2014-05-06,1651.950000,186.372508,BanRep_serie_6_BVC
2014-05-07,1663.760000,187.704909,BanRep_serie_6_BVC
2014-05-08,1674.280000,188.891772,BanRep_serie_6_BVC
2014-05-09,1674.220000,188.885003,BanRep_serie_6_BVC
2014-05-12,1686.470000,190.267044,BanRep_serie_6_BVC
2014-05-13,1688.910000,190.542324,BanRep_serie_6_BVC
2014-05-14,1689.490000,190.607760,BanRep_serie_6_BVC
2014-05-15,1676.770000,189.172693,BanRep_serie_6_BVC
2014-05-16,1685.110000,190.113609,BanRep_serie_6_BVC
2014-05-19,1683.190000,189.896996,BanRep_serie_6_BVC
2014-05-20,1662.450000,187.557115,BanRep_serie_6_BVC
2014-05-21,1673.480000,188.801516,BanRep_serie_6_BVC
2014-05-22,1664.570000,187.796293,BanRep_serie_6_BVC
2014-05-23,1666.790000,188.046752,BanRep_serie_6_BVC
2014-05-26,1663.960000,187.727473,BanRep_serie_6_BVC
2014-05-27,1663.460000,187.671063,BanRep_serie_6_BVC
2014-05-28,1661.550000,187.455577,BanRep_serie_6_BVC
2014-05-29,1662.860000,187.603371,BanRep_serie_6_BVC
2014-05-30,1659.050000,187.173528,BanRep_serie_6_BVC
2014-06-03,1678.970000,189.420896,BanRep_serie_6_BVC
2014-06-04,1675.340000,189.011361,BanRep_serie_6_BVC
2014-06-05,1682.810000,189.854124,BanRep_serie_6_BVC
2014-06-06,1676.840000,189.180590,BanRep_serie_6_BVC
2014-06-09,1683.870000,189.973713,BanRep_serie_6_BVC
2014-06-10,1714.030000,193.376355,BanRep_serie_6_BVC
2014-06-11,1720.600000,194.117581,BanRep_serie_6_BVC
2014-06-12,1714.840000,193.467739,BanRep_serie_6_BVC
2014-06-13,1716.810000,193.689994,BanRep_serie_6_BVC
2014-06-16,1728.280000,194.984036,BanRep_serie_6_BVC
2014-06-17,1719.060000,193.943838,BanRep_serie_6_BVC
2014-06-18,1722.240000,194.302605,BanRep_serie_6_BVC
2014-06-19,1720.160000,194.067940,BanRep_serie_6_BVC
2014-06-20,1725.130000,194.628654,BanRep_serie_6_BVC
2014-06-24,1723.700000,194.467322,BanRep_serie_6_BVC
2014-06-25,1717.650000,193.784763,BanRep_serie_6_BVC
2014-06-26,1710.670000,192.997281,BanRep_serie_6_BVC
2014-06-27,1705.990000,192.469285,BanRep_serie_6_BVC
2014-07-01,1705.140000,192.373388,BanRep_serie_6_BVC
2014-07-02,1703.390000,192.175954,BanRep_serie_6_BVC
2014-07-03,1705.490000,192.412875,BanRep_serie_6_BVC
2014-07-04,1704.320000,192.280876,BanRep_serie_6_BVC
2014-07-07,1701.440000,191.955955,BanRep_serie_6_BVC
2014-07-08,1695.600000,191.297088,BanRep_serie_6_BVC
2014-07-09,1684.340000,190.026738,BanRep_serie_6_BVC
2014-07-10,1674.480000,188.914336,BanRep_serie_6_BVC
2014-07-11,1684.250000,190.016584,BanRep_serie_6_BVC
2014-07-14,1673.990000,188.859054,BanRep_serie_6_BVC
2014-07-15,1680.120000,189.550639,BanRep_serie_6_BVC
2014-07-16,1687.000000,190.326839,BanRep_serie_6_BVC
2014-07-17,1688.550000,190.501709,BanRep_serie_6_BVC
2014-07-18,1689.550000,190.614529,BanRep_serie_6_BVC
2014-07-21,1689.250000,190.580683,BanRep_serie_6_BVC
2014-07-22,1697.120000,191.468574,BanRep_serie_6_BVC
2014-07-23,1695.550000,191.291447,BanRep_serie_6_BVC
2014-07-24,1693.630000,191.074833,BanRep_serie_6_BVC
2014-07-25,1700.910000,191.896161,BanRep_serie_6_BVC
2014-07-28,1714.940000,193.479021,BanRep_serie_6_BVC
2014-07-29,1706.940000,192.576464,BanRep_serie_6_BVC
2014-07-30,1710.590000,192.988255,BanRep_serie_6_BVC
2014-07-31,1694.590000,191.183140,BanRep_serie_6_BVC
2014-08-01,1693.060000,191.010526,BanRep_serie_6_BVC
2014-08-04,1712.970000,193.256766,BanRep_serie_6_BVC
2014-08-05,1724.240000,194.528244,BanRep_serie_6_BVC
2014-08-06,1720.240000,194.076966,BanRep_serie_6_BVC
2014-08-08,1719.880000,194.036351,BanRep_serie_6_BVC
2014-08-11,1740.830000,196.399923,BanRep_serie_6_BVC
2014-08-12,1720.340000,194.088248,BanRep_serie_6_BVC
2014-08-13,1726.320000,194.762909,BanRep_serie_6_BVC
2014-08-14,1723.150000,194.405271,BanRep_serie_6_BVC
2014-08-15,1722.540000,194.336451,BanRep_serie_6_BVC
2014-08-19,1731.950000,195.398084,BanRep_serie_6_BVC
2014-08-20,1750.670000,197.510069,BanRep_serie_6_BVC
2014-08-21,1755.260000,198.027912,BanRep_serie_6_BVC
2014-08-22,1747.130000,197.110687,BanRep_serie_6_BVC
2014-08-25,1749.930000,197.426583,BanRep_serie_6_BVC
2014-08-26,1754.190000,197.907195,BanRep_serie_6_BVC
2014-08-27,1764.100000,199.025238,BanRep_serie_6_BVC
2014-08-28,1763.510000,198.958674,BanRep_serie_6_BVC
2014-08-29,1771.180000,199.824001,BanRep_serie_6_BVC
2014-09-01,1776.760000,200.453535,BanRep_serie_6_BVC
2014-09-02,1777.530000,200.540406,BanRep_serie_6_BVC
2014-09-03,1780.250000,200.847276,BanRep_serie_6_BVC
2014-09-04,1769.380000,199.620926,BanRep_serie_6_BVC
2014-09-05,1761.690000,198.753342,BanRep_serie_6_BVC
2014-09-08,1749.840000,197.416429,BanRep_serie_6_BVC
2014-09-09,1741.590000,196.485666,BanRep_serie_6_BVC
2014-09-10,1744.090000,196.767716,BanRep_serie_6_BVC
2014-09-11,1733.520000,195.575211,BanRep_serie_6_BVC
2014-09-12,1734.980000,195.739928,BanRep_serie_6_BVC
2014-09-15,1732.930000,195.508648,BanRep_serie_6_BVC
2014-09-16,1728.090000,194.962600,BanRep_serie_6_BVC
2014-09-17,1735.420000,195.789569,BanRep_serie_6_BVC
2014-09-18,1741.580000,196.484538,BanRep_serie_6_BVC
2014-09-19,1739.410000,196.239719,BanRep_serie_6_BVC
2014-09-22,1730.800000,195.268342,BanRep_serie_6_BVC
2014-09-23,1696.340000,191.380575,BanRep_serie_6_BVC
2014-09-24,1688.370000,190.481402,BanRep_serie_6_BVC
2014-09-25,1675.140000,188.988797,BanRep_serie_6_BVC
2014-09-26,1678.000000,189.311461,BanRep_serie_6_BVC
2014-09-29,1678.480000,189.365615,BanRep_serie_6_BVC
2014-09-30,1665.700000,187.923779,BanRep_serie_6_BVC
2014-10-01,1635.430000,184.508727,BanRep_serie_6_BVC
2014-10-02,1629.090000,183.793450,BanRep_serie_6_BVC
2014-10-03,1654.230000,186.629737,BanRep_serie_6_BVC
2014-10-06,1669.030000,188.299469,BanRep_serie_6_BVC
2014-10-07,1655.850000,186.812505,BanRep_serie_6_BVC
2014-10-08,1643.310000,185.397746,BanRep_serie_6_BVC
2014-10-09,1640.360000,185.064928,BanRep_serie_6_BVC
2014-10-10,1601.800000,180.714600,BanRep_serie_6_BVC
2014-10-14,1590.300000,179.417173,BanRep_serie_6_BVC
2014-10-15,1580.260000,178.284464,BanRep_serie_6_BVC
2014-10-16,1603.090000,180.860137,BanRep_serie_6_BVC
2014-10-17,1617.000000,182.429459,BanRep_serie_6_BVC
2014-10-20,1617.070000,182.437357,BanRep_serie_6_BVC
2014-10-21,1626.330000,183.482067,BanRep_serie_6_BVC
2014-10-22,1613.100000,181.989463,BanRep_serie_6_BVC
2014-10-23,1624.990000,183.330889,BanRep_serie_6_BVC
2014-10-24,1624.170000,183.238377,BanRep_serie_6_BVC
2014-10-27,1608.760000,181.499825,BanRep_serie_6_BVC
2014-10-28,1610.340000,181.678080,BanRep_serie_6_BVC
2014-10-29,1615.050000,182.209461,BanRep_serie_6_BVC
2014-10-30,1626.220000,183.469657,BanRep_serie_6_BVC
2014-10-31,1634.880000,184.446676,BanRep_serie_6_BVC
2014-11-04,1625.320000,183.368119,BanRep_serie_6_BVC
2014-11-05,1633.610000,184.303395,BanRep_serie_6_BVC
2014-11-06,1640.470000,185.077338,BanRep_serie_6_BVC
2014-11-07,1638.790000,184.887801,BanRep_serie_6_BVC
2014-11-10,1635.710000,184.540316,BanRep_serie_6_BVC
2014-11-11,1620.880000,182.867200,BanRep_serie_6_BVC
2014-11-12,1623.630000,183.177454,BanRep_serie_6_BVC
2014-11-13,1606.430000,181.236955,BanRep_serie_6_BVC
2014-11-14,1603.880000,180.949265,BanRep_serie_6_BVC
2014-11-18,1593.060000,179.728556,BanRep_serie_6_BVC
2014-11-19,1592.310000,179.643941,BanRep_serie_6_BVC
2014-11-20,1590.120000,179.396866,BanRep_serie_6_BVC
2014-11-21,1598.590000,180.352449,BanRep_serie_6_BVC
2014-11-24,1584.420000,178.753794,BanRep_serie_6_BVC
2014-11-25,1572.950000,177.459752,BanRep_serie_6_BVC
2014-11-26,1551.890000,175.083769,BanRep_serie_6_BVC
2014-11-27,1532.870000,172.937938,BanRep_serie_6_BVC
2014-11-28,1525.680000,172.126764,BanRep_serie_6_BVC
2014-12-01,1510.060000,170.364520,BanRep_serie_6_BVC
2014-12-02,1497.590000,168.957659,BanRep_serie_6_BVC
2014-12-03,1515.620000,170.991798,BanRep_serie_6_BVC
2014-12-04,1495.970000,168.774891,BanRep_serie_6_BVC
2014-12-05,1500.510000,169.287092,BanRep_serie_6_BVC
2014-12-09,1488.400000,167.920846,BanRep_serie_6_BVC
2014-12-10,1444.010000,162.912779,BanRep_serie_6_BVC
2014-12-11,1410.950000,159.182960,BanRep_serie_6_BVC
2014-12-12,1382.750000,156.001444,BanRep_serie_6_BVC
2014-12-15,1348.380000,152.123831,BanRep_serie_6_BVC
2014-12-16,1373.030000,154.904837,BanRep_serie_6_BVC
2014-12-17,1428.400000,161.151664,BanRep_serie_6_BVC
2014-12-18,1433.690000,161.748480,BanRep_serie_6_BVC
2014-12-19,1462.060000,164.949175,BanRep_serie_6_BVC
2014-12-22,1525.010000,172.051175,BanRep_serie_6_BVC
2014-12-23,1537.380000,173.446755,BanRep_serie_6_BVC
2014-12-24,1538.880000,173.615984,BanRep_serie_6_BVC
2014-12-26,1517.250000,171.175694,BanRep_serie_6_BVC
2014-12-29,1507.530000,170.079087,BanRep_serie_6_BVC
2014-12-30,1512.980000,170.693954,BanRep_serie_6_BVC
2015-01-02,1483.890000,167.412029,BanRep_serie_6_BVC
2015-01-05,1418.740000,160.061825,BanRep_serie_6_BVC
2015-01-06,1419.920000,160.194952,BanRep_serie_6_BVC
2015-01-07,1422.200000,160.452181,BanRep_serie_6_BVC
2015-01-08,1433.370000,161.712377,BanRep_serie_6_BVC
2015-01-09,1426.770000,160.967767,BanRep_serie_6_BVC
2015-01-13,1412.200000,159.323984,BanRep_serie_6_BVC
2015-01-14,1387.560000,156.544107,BanRep_serie_6_BVC
2015-01-15,1380.650000,155.764523,BanRep_serie_6_BVC
2015-01-16,1376.300000,155.273757,BanRep_serie_6_BVC
2015-01-19,1376.170000,155.259090,BanRep_serie_6_BVC
2015-01-20,1377.290000,155.385449,BanRep_serie_6_BVC
2015-01-21,1388.170000,156.612927,BanRep_serie_6_BVC
2015-01-22,1411.780000,159.276600,BanRep_serie_6_BVC
2015-01-23,1423.280000,160.574027,BanRep_serie_6_BVC
2015-01-26,1426.480000,160.935050,BanRep_serie_6_BVC
2015-01-27,1423.890000,160.642847,BanRep_serie_6_BVC
2015-01-28,1407.790000,158.826449,BanRep_serie_6_BVC
2015-01-29,1407.920000,158.841116,BanRep_serie_6_BVC
2015-01-30,1389.000000,156.706567,BanRep_serie_6_BVC
2015-02-02,1408.200000,158.872706,BanRep_serie_6_BVC
2015-02-03,1436.190000,162.030529,BanRep_serie_6_BVC
2015-02-04,1428.450000,161.157305,BanRep_serie_6_BVC
2015-02-05,1434.460000,161.835351,BanRep_serie_6_BVC
2015-02-06,1437.030000,162.125298,BanRep_serie_6_BVC
2015-02-09,1425.570000,160.832384,BanRep_serie_6_BVC
2015-02-10,1402.650000,158.246556,BanRep_serie_6_BVC
2015-02-11,1381.740000,155.887496,BanRep_serie_6_BVC
2015-02-12,1381.460000,155.855907,BanRep_serie_6_BVC
2015-02-13,1397.810000,157.700509,BanRep_serie_6_BVC
2015-02-16,1398.970000,157.831380,BanRep_serie_6_BVC
2015-02-17,1397.200000,157.631689,BanRep_serie_6_BVC
2015-02-18,1397.930000,157.714047,BanRep_serie_6_BVC
2015-02-19,1386.780000,156.456107,BanRep_serie_6_BVC
2015-02-20,1368.850000,154.433250,BanRep_serie_6_BVC
2015-02-23,1375.860000,155.224116,BanRep_serie_6_BVC
2015-02-24,1365.360000,154.039509,BanRep_serie_6_BVC
2015-02-25,1362.710000,153.740537,BanRep_serie_6_BVC
2015-02-26,1361.950000,153.654794,BanRep_serie_6_BVC
2015-02-27,1367.580000,154.289969,BanRep_serie_6_BVC
2015-03-02,1342.890000,151.504451,BanRep_serie_6_BVC
2015-03-03,1317.120000,148.597087,BanRep_serie_6_BVC
2015-03-04,1321.630000,149.105904,BanRep_serie_6_BVC
2015-03-05,1311.620000,147.976579,BanRep_serie_6_BVC
2015-03-06,1280.430000,144.457732,BanRep_serie_6_BVC
2015-03-09,1257.870000,141.912520,BanRep_serie_6_BVC
2015-03-10,1249.940000,141.017859,BanRep_serie_6_BVC
2015-03-11,1249.830000,141.005449,BanRep_serie_6_BVC
2015-03-12,1269.880000,143.267484,BanRep_serie_6_BVC
2015-03-13,1281.950000,144.629218,BanRep_serie_6_BVC
2015-03-16,1288.160000,145.329828,BanRep_serie_6_BVC
2015-03-17,1288.600000,145.379469,BanRep_serie_6_BVC
2015-03-18,1304.890000,147.217302,BanRep_serie_6_BVC
2015-03-19,1297.340000,146.365513,BanRep_serie_6_BVC
2015-03-20,1292.360000,145.803671,BanRep_serie_6_BVC
2015-03-24,1284.870000,144.958652,BanRep_serie_6_BVC
2015-03-25,1297.880000,146.426436,BanRep_serie_6_BVC
2015-03-26,1300.040000,146.670126,BanRep_serie_6_BVC
2015-03-27,1294.900000,146.090233,BanRep_serie_6_BVC
2015-03-30,1297.140000,146.342949,BanRep_serie_6_BVC
2015-03-31,1304.620000,147.186841,BanRep_serie_6_BVC
2015-04-01,1329.800000,150.027641,BanRep_serie_6_BVC
2015-04-06,1350.520000,152.365265,BanRep_serie_6_BVC
2015-04-07,1355.850000,152.966594,BanRep_serie_6_BVC
2015-04-08,1344.580000,151.695116,BanRep_serie_6_BVC
2015-04-09,1350.770000,152.393470,BanRep_serie_6_BVC
2015-04-10,1347.800000,152.058395,BanRep_serie_6_BVC
2015-04-13,1357.470000,153.149362,BanRep_serie_6_BVC
2015-04-14,1358.760000,153.294899,BanRep_serie_6_BVC
2015-04-15,1362.530000,153.720230,BanRep_serie_6_BVC
2015-04-16,1367.140000,154.240329,BanRep_serie_6_BVC
2015-04-17,1363.890000,153.873664,BanRep_serie_6_BVC
2015-04-20,1347.890000,152.068549,BanRep_serie_6_BVC
2015-04-21,1330.310000,150.085179,BanRep_serie_6_BVC
2015-04-22,1346.530000,151.915114,BanRep_serie_6_BVC
2015-04-23,1357.850000,153.192233,BanRep_serie_6_BVC
2015-04-24,1374.490000,155.069553,BanRep_serie_6_BVC
2015-04-27,1392.290000,157.077744,BanRep_serie_6_BVC
2015-04-28,1411.620000,159.258549,BanRep_serie_6_BVC
2015-04-29,1405.710000,158.591784,BanRep_serie_6_BVC
2015-04-30,1396.350000,157.535792,BanRep_serie_6_BVC
2015-05-04,1401.160000,158.078455,BanRep_serie_6_BVC
2015-05-05,1418.060000,159.985108,BanRep_serie_6_BVC
2015-05-06,1411.220000,159.213421,BanRep_serie_6_BVC
2015-05-07,1378.040000,155.470063,BanRep_serie_6_BVC
2015-05-08,1367.280000,154.256123,BanRep_serie_6_BVC
2015-05-11,1366.060000,154.118483,BanRep_serie_6_BVC
2015-05-12,1361.800000,153.637871,BanRep_serie_6_BVC
2015-05-13,1358.350000,153.248643,BanRep_serie_6_BVC
2015-05-14,1360.760000,153.520539,BanRep_serie_6_BVC
2015-05-15,1357.000000,153.096337,BanRep_serie_6_BVC
2015-05-19,1368.580000,154.402789,BanRep_serie_6_BVC
2015-05-20,1363.420000,153.820639,BanRep_serie_6_BVC
2015-05-21,1356.610000,153.052337,BanRep_serie_6_BVC
2015-05-22,1353.620000,152.715006,BanRep_serie_6_BVC
2015-05-25,1347.770000,152.055011,BanRep_serie_6_BVC
2015-05-26,1336.890000,150.827533,BanRep_serie_6_BVC
2015-05-27,1310.790000,147.882938,BanRep_serie_6_BVC
2015-05-28,1307.170000,147.474531,BanRep_serie_6_BVC
2015-05-29,1306.620000,147.412480,BanRep_serie_6_BVC
2015-06-01,1301.170000,146.797613,BanRep_serie_6_BVC
2015-06-02,1309.260000,147.710324,BanRep_serie_6_BVC
2015-06-03,1311.780000,147.994630,BanRep_serie_6_BVC
2015-06-04,1309.090000,147.691145,BanRep_serie_6_BVC
2015-06-05,1320.310000,148.956982,BanRep_serie_6_BVC
2015-06-09,1319.230000,148.835137,BanRep_serie_6_BVC
2015-06-10,1323.540000,149.321389,BanRep_serie_6_BVC
2015-06-11,1333.750000,150.473279,BanRep_serie_6_BVC
2015-06-12,1330.180000,150.070512,BanRep_serie_6_BVC
2015-06-16,1321.100000,149.046109,BanRep_serie_6_BVC
2015-06-17,1320.690000,148.999853,BanRep_serie_6_BVC
2015-06-18,1325.800000,149.576362,BanRep_serie_6_BVC
2015-06-19,1307.510000,147.512890,BanRep_serie_6_BVC
2015-06-22,1313.330000,148.169500,BanRep_serie_6_BVC
2015-06-23,1332.080000,150.284870,BanRep_serie_6_BVC
2015-06-24,1329.420000,149.984769,BanRep_serie_6_BVC
2015-06-25,1313.830000,148.225910,BanRep_serie_6_BVC
2015-06-26,1321.820000,149.127340,BanRep_serie_6_BVC
2015-06-30,1331.350000,150.202511,BanRep_serie_6_BVC
2015-07-01,1313.530000,148.192064,BanRep_serie_6_BVC
2015-07-02,1320.060000,148.928777,BanRep_serie_6_BVC
2015-07-03,1312.670000,148.095039,BanRep_serie_6_BVC
2015-07-06,1309.680000,147.757708,BanRep_serie_6_BVC
2015-07-07,1305.920000,147.333506,BanRep_serie_6_BVC
2015-07-08,1295.540000,146.162438,BanRep_serie_6_BVC
2015-07-09,1300.570000,146.729921,BanRep_serie_6_BVC
2015-07-10,1310.590000,147.860374,BanRep_serie_6_BVC
2015-07-13,1314.020000,148.247346,BanRep_serie_6_BVC
2015-07-14,1325.390000,149.530106,BanRep_serie_6_BVC
2015-07-15,1324.370000,149.415030,BanRep_serie_6_BVC
2015-07-16,1326.440000,149.648567,BanRep_serie_6_BVC
2015-07-17,1309.450000,147.731760,BanRep_serie_6_BVC
2015-07-21,1300.580000,146.731049,BanRep_serie_6_BVC
2015-07-22,1306.330000,147.379762,BanRep_serie_6_BVC
2015-07-23,1307.400000,147.500479,BanRep_serie_6_BVC
2015-07-24,1303.250000,147.032278,BanRep_serie_6_BVC
2015-07-27,1293.070000,145.883773,BanRep_serie_6_BVC
2015-07-28,1297.620000,146.397103,BanRep_serie_6_BVC
2015-07-29,1325.320000,149.522209,BanRep_serie_6_BVC
2015-07-30,1321.960000,149.143134,BanRep_serie_6_BVC
2015-07-31,1317.240000,148.610625,BanRep_serie_6_BVC
2015-08-03,1298.760000,146.525717,BanRep_serie_6_BVC
2015-08-04,1297.640000,146.399359,BanRep_serie_6_BVC
2015-08-05,1288.670000,145.387366,BanRep_serie_6_BVC
2015-08-06,1290.790000,145.626544,BanRep_serie_6_BVC
2015-08-10,1285.350000,145.012805,BanRep_serie_6_BVC
2015-08-11,1271.620000,143.463791,BanRep_serie_6_BVC
2015-08-12,1281.040000,144.526552,BanRep_serie_6_BVC
2015-08-13,1272.490000,143.561944,BanRep_serie_6_BVC
2015-08-14,1269.220000,143.193023,BanRep_serie_6_BVC
2015-08-18,1260.950000,142.260004,BanRep_serie_6_BVC
2015-08-19,1240.350000,139.935918,BanRep_serie_6_BVC
2015-08-20,1228.870000,138.640748,BanRep_serie_6_BVC
2015-08-21,1192.750000,134.565701,BanRep_serie_6_BVC
2015-08-24,1150.780000,129.830658,BanRep_serie_6_BVC
2015-08-25,1149.530000,129.689633,BanRep_serie_6_BVC
2015-08-26,1152.870000,130.066451,BanRep_serie_6_BVC
2015-08-27,1198.780000,135.246003,BanRep_serie_6_BVC
2015-08-28,1217.950000,137.408757,BanRep_serie_6_BVC
2015-08-31,1246.590000,140.639913,BanRep_serie_6_BVC
2015-09-01,1210.780000,136.599840,BanRep_serie_6_BVC
2015-09-02,1218.880000,137.513679,BanRep_serie_6_BVC
2015-09-03,1238.950000,139.777971,BanRep_serie_6_BVC
2015-09-04,1235.970000,139.441768,BanRep_serie_6_BVC
2015-09-07,1241.610000,140.078071,BanRep_serie_6_BVC
2015-09-08,1244.630000,140.418787,BanRep_serie_6_BVC
2015-09-09,1233.840000,139.201462,BanRep_serie_6_BVC
2015-09-10,1255.390000,141.632727,BanRep_serie_6_BVC
2015-09-11,1249.580000,140.977244,BanRep_serie_6_BVC
2015-09-14,1250.320000,141.060731,BanRep_serie_6_BVC
2015-09-15,1253.600000,141.430779,BanRep_serie_6_BVC
2015-09-16,1265.280000,142.748514,BanRep_serie_6_BVC
2015-09-17,1264.140000,142.619899,BanRep_serie_6_BVC
2015-09-18,1248.580000,140.864425,BanRep_serie_6_BVC
2015-09-21,1233.980000,139.217257,BanRep_serie_6_BVC
2015-09-22,1215.450000,137.126708,BanRep_serie_6_BVC
2015-09-23,1208.770000,136.373072,BanRep_serie_6_BVC
2015-09-24,1219.380000,137.570089,BanRep_serie_6_BVC
2015-09-25,1215.270000,137.106400,BanRep_serie_6_BVC
2015-09-28,1203.120000,135.735641,BanRep_serie_6_BVC
2015-09-29,1202.270000,135.639744,BanRep_serie_6_BVC
2015-09-30,1218.820000,137.506910,BanRep_serie_6_BVC
2015-10-01,1210.190000,136.533276,BanRep_serie_6_BVC
2015-10-02,1218.080000,137.423424,BanRep_serie_6_BVC
2015-10-05,1237.750000,139.642587,BanRep_serie_6_BVC
2015-10-06,1254.980000,141.586471,BanRep_serie_6_BVC
2015-10-07,1274.330000,143.769532,BanRep_serie_6_BVC
2015-10-08,1280.550000,144.471270,BanRep_serie_6_BVC
2015-10-09,1280.180000,144.429527,BanRep_serie_6_BVC
2015-10-13,1274.280000,143.763891,BanRep_serie_6_BVC
2015-10-14,1258.680000,142.003904,BanRep_serie_6_BVC
2015-10-15,1251.020000,141.139705,BanRep_serie_6_BVC
2015-10-16,1251.590000,141.204012,BanRep_serie_6_BVC
2015-10-19,1246.600000,140.641042,BanRep_serie_6_BVC
2015-10-20,1245.970000,140.569965,BanRep_serie_6_BVC
2015-10-21,1245.110000,140.472940,BanRep_serie_6_BVC
2015-10-22,1248.610000,140.867809,BanRep_serie_6_BVC
2015-10-23,1249.120000,140.925347,BanRep_serie_6_BVC
2015-10-26,1248.490000,140.854271,BanRep_serie_6_BVC
2015-10-27,1238.470000,139.723817,BanRep_serie_6_BVC
2015-10-28,1228.930000,138.647517,BanRep_serie_6_BVC
2015-10-29,1219.480000,137.581371,BanRep_serie_6_BVC
2015-10-30,1218.130000,137.429065,BanRep_serie_6_BVC
2015-11-03,1217.930000,137.406501,BanRep_serie_6_BVC
2015-11-04,1218.390000,137.458398,BanRep_serie_6_BVC
2015-11-05,1225.680000,138.280853,BanRep_serie_6_BVC
2015-11-06,1222.870000,137.963830,BanRep_serie_6_BVC
2015-11-09,1217.490000,137.356860,BanRep_serie_6_BVC
2015-11-10,1213.440000,136.899940,BanRep_serie_6_BVC
2015-11-11,1204.620000,135.904870,BanRep_serie_6_BVC
2015-11-12,1182.470000,133.405914,BanRep_serie_6_BVC
2015-11-13,1152.130000,129.982964,BanRep_serie_6_BVC
2015-11-17,1112.050000,125.461151,BanRep_serie_6_BVC
2015-11-18,1125.570000,126.986473,BanRep_serie_6_BVC
2015-11-19,1120.450000,126.408836,BanRep_serie_6_BVC
2015-11-20,1139.170000,128.520821,BanRep_serie_6_BVC
2015-11-23,1140.280000,128.646051,BanRep_serie_6_BVC
2015-11-24,1124.600000,126.877038,BanRep_serie_6_BVC
2015-11-25,1108.530000,125.064025,BanRep_serie_6_BVC
2015-11-26,1104.060000,124.559721,BanRep_serie_6_BVC
2015-11-27,1092.950000,123.306294,BanRep_serie_6_BVC
2015-11-30,1114.360000,125.721764,BanRep_serie_6_BVC
2015-12-01,1109.450000,125.167819,BanRep_serie_6_BVC
2015-12-02,1091.470000,123.139321,BanRep_serie_6_BVC
2015-12-03,1081.210000,121.981791,BanRep_serie_6_BVC
2015-12-04,1070.930000,120.822004,BanRep_serie_6_BVC
2015-12-07,1051.250000,118.601713,BanRep_serie_6_BVC
2015-12-09,1062.020000,119.816781,BanRep_serie_6_BVC
2015-12-10,1080.060000,121.852048,BanRep_serie_6_BVC
2015-12-11,1074.880000,121.267642,BanRep_serie_6_BVC
2015-12-14,1074.260000,121.197694,BanRep_serie_6_BVC
2015-12-15,1101.240000,124.241570,BanRep_serie_6_BVC
2015-12-16,1129.780000,127.461444,BanRep_serie_6_BVC
2015-12-17,1140.850000,128.710358,BanRep_serie_6_BVC
2015-12-18,1139.990000,128.613333,BanRep_serie_6_BVC
2015-12-21,1131.270000,127.629545,BanRep_serie_6_BVC
2015-12-22,1128.730000,127.342983,BanRep_serie_6_BVC
2015-12-23,1161.020000,130.985931,BanRep_serie_6_BVC
2015-12-24,1154.770000,130.280808,BanRep_serie_6_BVC
2015-12-28,1152.220000,129.993118,BanRep_serie_6_BVC
2015-12-29,1148.250000,129.545224,BanRep_serie_6_BVC
2015-12-30,1153.710000,130.161219,BanRep_serie_6_BVC
2016-01-04,1129.710000,127.453546,BanRep_serie_6_BVC
2016-01-05,1142.400000,128.885229,BanRep_serie_6_BVC
2016-01-06,1129.320000,127.409547,BanRep_serie_6_BVC
2016-01-07,1105.730000,124.748130,BanRep_serie_6_BVC
2016-01-08,1098.320000,123.912136,BanRep_serie_6_BVC
2016-01-12,1079.280000,121.764049,BanRep_serie_6_BVC
2016-01-13,1096.680000,123.727112,BanRep_serie_6_BVC
2016-01-14,1128.650000,127.333958,BanRep_serie_6_BVC
2016-01-15,1103.260000,124.469465,BanRep_serie_6_BVC
2016-01-18,1078.690000,121.697485,BanRep_serie_6_BVC
2016-01-19,1100.300000,124.135519,BanRep_serie_6_BVC
2016-01-20,1109.330000,125.154281,BanRep_serie_6_BVC
2016-01-21,1124.790000,126.898474,BanRep_serie_6_BVC
2016-01-22,1151.620000,129.925426,BanRep_serie_6_BVC
2016-01-25,1139.320000,128.537744,BanRep_serie_6_BVC
2016-01-26,1146.360000,129.331995,BanRep_serie_6_BVC
2016-01-27,1153.460000,130.133014,BanRep_serie_6_BVC
2016-01-28,1165.380000,131.477825,BanRep_serie_6_BVC
2016-01-29,1175.090000,132.573305,BanRep_serie_6_BVC
2016-02-01,1180.720000,133.208480,BanRep_serie_6_BVC
2016-02-02,1165.770000,131.521825,BanRep_serie_6_BVC
2016-02-03,1180.660000,133.201710,BanRep_serie_6_BVC
2016-02-04,1188.730000,134.112165,BanRep_serie_6_BVC
2016-02-05,1195.110000,134.831955,BanRep_serie_6_BVC
2016-02-08,1192.980000,134.591649,BanRep_serie_6_BVC
2016-02-09,1196.900000,135.033902,BanRep_serie_6_BVC
2016-02-10,1200.420000,135.431028,BanRep_serie_6_BVC
2016-02-11,1198.510000,135.215542,BanRep_serie_6_BVC
2016-02-12,1209.030000,136.402405,BanRep_serie_6_BVC
2016-02-15,1209.880000,136.498302,BanRep_serie_6_BVC
2016-02-16,1199.980000,135.381387,BanRep_serie_6_BVC
2016-02-17,1233.340000,139.145052,BanRep_serie_6_BVC
2016-02-18,1235.890000,139.432743,BanRep_serie_6_BVC
2016-02-19,1234.930000,139.324436,BanRep_serie_6_BVC
2016-02-22,1236.370000,139.486896,BanRep_serie_6_BVC
2016-02-23,1229.650000,138.728748,BanRep_serie_6_BVC
2016-02-24,1228.180000,138.562903,BanRep_serie_6_BVC
2016-02-25,1240.130000,139.911098,BanRep_serie_6_BVC
2016-02-26,1246.680000,140.650067,BanRep_serie_6_BVC
2016-02-29,1244.170000,140.366890,BanRep_serie_6_BVC
2016-03-01,1255.540000,141.649650,BanRep_serie_6_BVC
2016-03-02,1276.630000,144.029017,BanRep_serie_6_BVC
2016-03-03,1295.430000,146.150028,BanRep_serie_6_BVC
2016-03-04,1294.860000,146.085720,BanRep_serie_6_BVC
2016-03-07,1307.170000,147.474531,BanRep_serie_6_BVC
2016-03-08,1294.630000,146.059772,BanRep_serie_6_BVC
2016-03-09,1296.270000,146.244796,BanRep_serie_6_BVC
2016-03-10,1299.450000,146.603563,BanRep_serie_6_BVC
2016-03-11,1302.710000,146.971355,BanRep_serie_6_BVC
2016-03-14,1298.480000,146.494128,BanRep_serie_6_BVC
2016-03-15,1285.340000,145.011677,BanRep_serie_6_BVC
2016-03-16,1284.400000,144.905626,BanRep_serie_6_BVC
2016-03-17,1295.890000,146.201925,BanRep_serie_6_BVC
2016-03-18,1309.810000,147.772375,BanRep_serie_6_BVC
2016-03-22,1316.920000,148.574523,BanRep_serie_6_BVC
2016-03-23,1321.050000,149.040468,BanRep_serie_6_BVC
2016-03-28,1305.410000,147.275968,BanRep_serie_6_BVC
2016-03-29,1299.650000,146.626127,BanRep_serie_6_BVC
2016-03-30,1319.770000,148.896059,BanRep_serie_6_BVC
2016-03-31,1336.270000,150.757584,BanRep_serie_6_BVC
2016-04-01,1333.630000,150.459740,BanRep_serie_6_BVC
2016-04-04,1337.580000,150.905378,BanRep_serie_6_BVC
2016-04-05,1313.190000,148.153706,BanRep_serie_6_BVC
2016-04-06,1321.500000,149.091237,BanRep_serie_6_BVC
2016-04-07,1316.110000,148.483139,BanRep_serie_6_BVC
2016-04-08,1326.570000,149.663233,BanRep_serie_6_BVC
2016-04-11,1336.370000,150.768866,BanRep_serie_6_BVC
2016-04-12,1364.130000,153.900741,BanRep_serie_6_BVC
2016-04-13,1370.620000,154.632941,BanRep_serie_6_BVC
2016-04-14,1364.970000,153.995510,BanRep_serie_6_BVC
2016-04-15,1355.200000,152.893261,BanRep_serie_6_BVC
2016-04-18,1354.760000,152.843621,BanRep_serie_6_BVC
2016-04-19,1362.840000,153.755204,BanRep_serie_6_BVC
2016-04-20,1376.610000,155.308731,BanRep_serie_6_BVC
2016-04-21,1375.950000,155.234270,BanRep_serie_6_BVC
2016-04-22,1374.410000,155.060528,BanRep_serie_6_BVC
2016-04-25,1359.250000,153.350181,BanRep_serie_6_BVC
2016-04-26,1365.200000,154.021458,BanRep_serie_6_BVC
2016-04-27,1361.980000,153.658179,BanRep_serie_6_BVC
2016-04-28,1362.020000,153.662692,BanRep_serie_6_BVC
2016-04-29,1342.420000,151.451425,BanRep_serie_6_BVC
2016-05-02,1342.500000,151.460451,BanRep_serie_6_BVC
2016-05-03,1320.180000,148.942315,BanRep_serie_6_BVC
2016-05-04,1311.830000,148.000271,BanRep_serie_6_BVC
2016-05-05,1291.140000,145.666031,BanRep_serie_6_BVC
2016-05-06,1293.030000,145.879260,BanRep_serie_6_BVC
2016-05-10,1328.600000,149.892257,BanRep_serie_6_BVC
2016-05-11,1336.350000,150.766610,BanRep_serie_6_BVC
2016-05-12,1351.390000,152.463418,BanRep_serie_6_BVC
2016-05-13,1350.360000,152.347214,BanRep_serie_6_BVC
2016-05-16,1357.570000,153.160644,BanRep_serie_6_BVC
2016-05-17,1343.880000,151.616142,BanRep_serie_6_BVC
2016-05-18,1327.740000,149.795232,BanRep_serie_6_BVC
2016-05-19,1323.210000,149.284159,BanRep_serie_6_BVC
2016-05-20,1322.440000,149.197288,BanRep_serie_6_BVC
2016-05-23,1325.360000,149.526721,BanRep_serie_6_BVC
2016-05-24,1319.440000,148.858829,BanRep_serie_6_BVC
2016-05-25,1306.650000,147.415865,BanRep_serie_6_BVC
2016-05-26,1302.130000,146.905920,BanRep_serie_6_BVC
2016-05-27,1302.360000,146.931868,BanRep_serie_6_BVC
2016-05-31,1292.510000,145.820594,BanRep_serie_6_BVC
2016-06-01,1301.180000,146.798741,BanRep_serie_6_BVC
2016-06-02,1303.000000,147.004073,BanRep_serie_6_BVC
2016-06-03,1307.830000,147.548992,BanRep_serie_6_BVC
2016-06-07,1315.860000,148.454934,BanRep_serie_6_BVC
2016-06-08,1333.460000,150.440561,BanRep_serie_6_BVC
2016-06-09,1333.480000,150.442817,BanRep_serie_6_BVC
2016-06-10,1320.480000,148.976161,BanRep_serie_6_BVC
2016-06-13,1315.230000,148.383858,BanRep_serie_6_BVC
2016-06-14,1303.330000,147.041303,BanRep_serie_6_BVC
2016-06-15,1303.830000,147.097713,BanRep_serie_6_BVC
2016-06-16,1307.770000,147.542223,BanRep_serie_6_BVC
2016-06-17,1308.410000,147.614427,BanRep_serie_6_BVC
2016-06-20,1316.200000,148.493293,BanRep_serie_6_BVC
2016-06-21,1323.650000,149.333800,BanRep_serie_6_BVC
2016-06-22,1326.250000,149.627131,BanRep_serie_6_BVC
2016-06-23,1329.580000,150.002820,BanRep_serie_6_BVC
2016-06-24,1317.710000,148.663651,BanRep_serie_6_BVC
2016-06-27,1302.390000,146.935253,BanRep_serie_6_BVC
2016-06-28,1303.280000,147.035662,BanRep_serie_6_BVC
2016-06-29,1311.520000,147.965297,BanRep_serie_6_BVC
2016-06-30,1313.180000,148.152577,BanRep_serie_6_BVC
2016-07-01,1312.980000,148.130013,BanRep_serie_6_BVC
2016-07-05,1303.460000,147.055970,BanRep_serie_6_BVC
2016-07-06,1310.000000,147.793811,BanRep_serie_6_BVC
2016-07-07,1301.760000,146.864176,BanRep_serie_6_BVC
2016-07-08,1297.640000,146.399359,BanRep_serie_6_BVC
2016-07-11,1306.760000,147.428275,BanRep_serie_6_BVC
2016-07-12,1320.300000,148.955854,BanRep_serie_6_BVC
2016-07-13,1325.790000,149.575234,BanRep_serie_6_BVC
2016-07-14,1332.850000,150.371741,BanRep_serie_6_BVC
2016-07-15,1339.600000,151.133274,BanRep_serie_6_BVC
2016-07-18,1339.000000,151.065582,BanRep_serie_6_BVC
2016-07-19,1337.800000,150.930198,BanRep_serie_6_BVC
2016-07-21,1328.610000,149.893385,BanRep_serie_6_BVC
2016-07-22,1332.850000,150.371741,BanRep_serie_6_BVC
2016-07-25,1323.410000,149.306723,BanRep_serie_6_BVC
2016-07-26,1315.690000,148.435755,BanRep_serie_6_BVC
2016-07-27,1321.650000,149.108160,BanRep_serie_6_BVC
2016-07-28,1317.440000,148.633189,BanRep_serie_6_BVC
2016-07-29,1308.220000,147.592992,BanRep_serie_6_BVC
2016-08-01,1306.020000,147.344788,BanRep_serie_6_BVC
2016-08-02,1303.350000,147.043560,BanRep_serie_6_BVC
2016-08-03,1304.620000,147.186841,BanRep_serie_6_BVC
2016-08-04,1307.590000,147.521915,BanRep_serie_6_BVC
2016-08-05,1309.480000,147.735144,BanRep_serie_6_BVC
2016-08-08,1314.340000,148.283448,BanRep_serie_6_BVC
2016-08-09,1323.930000,149.365389,BanRep_serie_6_BVC
2016-08-10,1322.330000,149.184878,BanRep_serie_6_BVC
2016-08-11,1327.890000,149.812155,BanRep_serie_6_BVC
2016-08-12,1323.660000,149.334928,BanRep_serie_6_BVC
2016-08-16,1342.690000,151.481887,BanRep_serie_6_BVC
2016-08-17,1348.890000,152.181369,BanRep_serie_6_BVC
2016-08-18,1348.010000,152.082088,BanRep_serie_6_BVC
2016-08-19,1349.790000,152.282907,BanRep_serie_6_BVC
2016-08-22,1349.210000,152.217471,BanRep_serie_6_BVC
2016-08-23,1358.620000,153.279105,BanRep_serie_6_BVC
2016-08-24,1369.650000,154.523506,BanRep_serie_6_BVC
2016-08-25,1370.820000,154.655505,BanRep_serie_6_BVC
2016-08-26,1373.420000,154.948836,BanRep_serie_6_BVC
2016-08-29,1371.990000,154.787504,BanRep_serie_6_BVC
2016-08-30,1373.850000,154.997349,BanRep_serie_6_BVC
2016-08-31,1380.180000,155.711497,BanRep_serie_6_BVC
2016-09-01,1379.410000,155.624626,BanRep_serie_6_BVC
2016-09-02,1394.380000,157.313537,BanRep_serie_6_BVC
2016-09-05,1397.920000,157.712919,BanRep_serie_6_BVC
2016-09-06,1402.830000,158.266864,BanRep_serie_6_BVC
2016-09-07,1417.570000,159.929826,BanRep_serie_6_BVC
2016-09-08,1416.160000,159.770750,BanRep_serie_6_BVC
2016-09-09,1397.900000,157.710663,BanRep_serie_6_BVC
2016-09-12,1386.730000,156.450467,BanRep_serie_6_BVC
2016-09-13,1367.180000,154.244841,BanRep_serie_6_BVC
2016-09-14,1373.220000,154.926272,BanRep_serie_6_BVC
2016-09-15,1373.440000,154.951093,BanRep_serie_6_BVC
2016-09-16,1354.630000,152.828954,BanRep_serie_6_BVC
2016-09-19,1354.670000,152.833467,BanRep_serie_6_BVC
2016-09-20,1341.360000,151.331837,BanRep_serie_6_BVC
2016-09-21,1341.290000,151.323939,BanRep_serie_6_BVC
2016-09-22,1358.030000,153.212541,BanRep_serie_6_BVC
2016-09-23,1351.600000,152.487110,BanRep_serie_6_BVC
2016-09-26,1346.670000,151.930909,BanRep_serie_6_BVC
2016-09-27,1333.850000,150.484561,BanRep_serie_6_BVC
2016-09-28,1354.980000,152.868441,BanRep_serie_6_BVC
2016-09-29,1345.000000,151.742500,BanRep_serie_6_BVC
2016-09-30,1338.830000,151.046403,BanRep_serie_6_BVC
2016-10-03,1330.570000,150.114512,BanRep_serie_6_BVC
2016-10-04,1335.100000,150.625585,BanRep_serie_6_BVC
2016-10-05,1341.330000,151.328452,BanRep_serie_6_BVC
2016-10-06,1343.440000,151.566502,BanRep_serie_6_BVC
2016-10-07,1348.200000,152.103523,BanRep_serie_6_BVC
2016-10-10,1350.330000,152.343829,BanRep_serie_6_BVC
2016-10-11,1358.070000,153.217054,BanRep_serie_6_BVC
2016-10-12,1354.610000,152.826698,BanRep_serie_6_BVC
2016-10-13,1354.400000,152.803006,BanRep_serie_6_BVC
2016-10-14,1346.070000,151.863217,BanRep_serie_6_BVC
2016-10-18,1355.720000,152.951928,BanRep_serie_6_BVC
2016-10-19,1364.020000,153.888331,BanRep_serie_6_BVC
2016-10-20,1361.150000,153.564539,BanRep_serie_6_BVC
2016-10-21,1362.970000,153.769870,BanRep_serie_6_BVC
2016-10-24,1359.200000,153.344540,BanRep_serie_6_BVC
2016-10-25,1356.980000,153.094080,BanRep_serie_6_BVC
2016-10-26,1357.490000,153.151618,BanRep_serie_6_BVC
2016-10-27,1359.700000,153.400950,BanRep_serie_6_BVC
2016-10-28,1360.960000,153.543103,BanRep_serie_6_BVC
2016-10-31,1365.530000,154.058689,BanRep_serie_6_BVC
2016-11-01,1370.750000,154.647608,BanRep_serie_6_BVC
2016-11-02,1368.450000,154.388122,BanRep_serie_6_BVC
2016-11-03,1356.010000,152.984645,BanRep_serie_6_BVC
2016-11-04,1345.660000,151.816961,BanRep_serie_6_BVC
2016-11-08,1354.910000,152.860544,BanRep_serie_6_BVC
2016-11-09,1354.680000,152.834595,BanRep_serie_6_BVC
2016-11-10,1319.510000,148.866726,BanRep_serie_6_BVC
2016-11-11,1299.030000,146.556179,BanRep_serie_6_BVC
2016-11-15,1297.070000,146.335052,BanRep_serie_6_BVC
2016-11-16,1300.090000,146.675767,BanRep_serie_6_BVC
2016-11-17,1305.810000,147.321096,BanRep_serie_6_BVC
2016-11-18,1307.440000,147.504992,BanRep_serie_6_BVC
2016-11-21,1312.870000,148.117603,BanRep_serie_6_BVC
2016-11-22,1307.210000,147.479044,BanRep_serie_6_BVC
2016-11-23,1308.870000,147.666324,BanRep_serie_6_BVC
2016-11-24,1308.940000,147.674222,BanRep_serie_6_BVC
2016-11-25,1295.670000,146.177104,BanRep_serie_6_BVC
2016-11-28,1289.970000,145.534032,BanRep_serie_6_BVC
2016-11-29,1271.110000,143.406252,BanRep_serie_6_BVC
2016-11-30,1286.070000,145.094035,BanRep_serie_6_BVC
2016-12-01,1297.330000,146.364385,BanRep_serie_6_BVC
2016-12-02,1306.560000,147.405711,BanRep_serie_6_BVC
2016-12-05,1314.740000,148.328576,BanRep_serie_6_BVC
2016-12-06,1316.820000,148.563241,BanRep_serie_6_BVC
2016-12-07,1314.380000,148.287961,BanRep_serie_6_BVC
2016-12-09,1324.800000,149.463542,BanRep_serie_6_BVC
2016-12-12,1323.190000,149.281903,BanRep_serie_6_BVC
2016-12-13,1335.460000,150.666200,BanRep_serie_6_BVC
2016-12-14,1325.780000,149.574106,BanRep_serie_6_BVC
2016-12-15,1339.890000,151.165992,BanRep_serie_6_BVC
2016-12-16,1341.580000,151.356657,BanRep_serie_6_BVC
2016-12-19,1340.080000,151.187427,BanRep_serie_6_BVC
2016-12-20,1345.870000,151.840653,BanRep_serie_6_BVC
2016-12-21,1342.250000,151.432246,BanRep_serie_6_BVC
2016-12-22,1340.060000,151.185171,BanRep_serie_6_BVC
2016-12-23,1330.310000,150.085179,BanRep_serie_6_BVC
2016-12-26,1341.310000,151.326196,BanRep_serie_6_BVC
2016-12-27,1339.060000,151.072351,BanRep_serie_6_BVC
2016-12-28,1353.650000,152.718391,BanRep_serie_6_BVC
2016-12-29,1351.680000,152.496136,BanRep_serie_6_BVC
2017-01-02,1345.890000,151.842910,BanRep_serie_6_BVC
2017-01-03,1354.820000,152.850390,BanRep_serie_6_BVC
2017-01-04,1373.040000,154.905965,BanRep_serie_6_BVC
2017-01-05,1377.880000,155.452012,BanRep_serie_6_BVC
2017-01-06,1374.080000,155.023297,BanRep_serie_6_BVC
2017-01-10,1372.500000,154.845042,BanRep_serie_6_BVC
2017-01-11,1375.140000,155.142886,BanRep_serie_6_BVC
2017-01-12,1369.640000,154.522378,BanRep_serie_6_BVC
2017-01-13,1369.620000,154.520121,BanRep_serie_6_BVC
2017-01-16,1361.050000,153.553257,BanRep_serie_6_BVC
2017-01-17,1361.480000,153.601769,BanRep_serie_6_BVC
2017-01-18,1360.540000,153.495718,BanRep_serie_6_BVC
2017-01-19,1359.600000,153.389668,BanRep_serie_6_BVC
2017-01-20,1354.350000,152.797365,BanRep_serie_6_BVC
2017-01-23,1355.430000,152.919210,BanRep_serie_6_BVC
2017-01-24,1366.910000,154.214380,BanRep_serie_6_BVC
2017-01-25,1365.240000,154.025971,BanRep_serie_6_BVC
2017-01-26,1371.380000,154.718684,BanRep_serie_6_BVC
2017-01-27,1372.590000,154.855196,BanRep_serie_6_BVC
2017-01-30,1364.900000,153.987612,BanRep_serie_6_BVC
2017-01-31,1357.470000,153.149362,BanRep_serie_6_BVC
2017-02-01,1357.830000,153.189977,BanRep_serie_6_BVC
2017-02-02,1366.790000,154.200842,BanRep_serie_6_BVC
2017-02-03,1369.790000,154.539301,BanRep_serie_6_BVC
2017-02-06,1367.920000,154.328328,BanRep_serie_6_BVC
2017-02-07,1360.650000,153.508129,BanRep_serie_6_BVC
2017-02-08,1350.270000,152.337060,BanRep_serie_6_BVC
2017-02-09,1345.970000,151.851935,BanRep_serie_6_BVC
2017-02-10,1347.400000,152.013268,BanRep_serie_6_BVC
2017-02-13,1351.360000,152.460034,BanRep_serie_6_BVC
2017-02-14,1320.970000,149.031443,BanRep_serie_6_BVC
2017-02-15,1334.880000,150.600765,BanRep_serie_6_BVC
2017-02-16,1344.460000,151.681578,BanRep_serie_6_BVC
2017-02-17,1341.830000,151.384862,BanRep_serie_6_BVC
2017-02-20,1340.990000,151.290093,BanRep_serie_6_BVC
2017-02-21,1336.520000,150.785789,BanRep_serie_6_BVC
2017-02-22,1331.200000,150.185588,BanRep_serie_6_BVC
2017-02-23,1341.650000,151.364554,BanRep_serie_6_BVC
2017-02-24,1333.570000,150.452971,BanRep_serie_6_BVC
2017-02-27,1334.450000,150.552252,BanRep_serie_6_BVC
2017-02-28,1326.310000,149.633900,BanRep_serie_6_BVC
2017-03-01,1328.630000,149.895642,BanRep_serie_6_BVC
2017-03-02,1326.810000,149.690310,BanRep_serie_6_BVC
2017-03-03,1329.580000,150.002820,BanRep_serie_6_BVC
2017-03-06,1334.020000,150.503740,BanRep_serie_6_BVC
2017-03-07,1332.810000,150.367228,BanRep_serie_6_BVC
2017-03-08,1324.540000,149.434209,BanRep_serie_6_BVC
2017-03-09,1330.350000,150.089692,BanRep_serie_6_BVC
2017-03-10,1335.670000,150.689892,BanRep_serie_6_BVC
2017-03-13,1342.420000,151.451425,BanRep_serie_6_BVC
2017-03-14,1317.980000,148.694112,BanRep_serie_6_BVC
2017-03-15,1329.960000,150.045692,BanRep_serie_6_BVC
2017-03-16,1342.210000,151.427733,BanRep_serie_6_BVC
2017-03-17,1337.290000,150.872660,BanRep_serie_6_BVC
2017-03-21,1343.970000,151.626296,BanRep_serie_6_BVC
2017-03-22,1351.160000,152.437470,BanRep_serie_6_BVC
2017-03-23,1359.190000,153.343412,BanRep_serie_6_BVC
2017-03-24,1355.530000,152.930492,BanRep_serie_6_BVC
2017-03-27,1356.010000,152.984645,BanRep_serie_6_BVC
2017-03-28,1363.610000,153.842075,BanRep_serie_6_BVC
2017-03-29,1364.610000,153.954895,BanRep_serie_6_BVC
2017-03-30,1369.880000,154.549455,BanRep_serie_6_BVC
2017-03-31,1365.610000,154.067714,BanRep_serie_6_BVC
2017-04-03,1368.390000,154.381353,BanRep_serie_6_BVC
2017-04-04,1368.120000,154.350892,BanRep_serie_6_BVC
2017-04-05,1371.460000,154.727710,BanRep_serie_6_BVC
2017-04-06,1370.050000,154.568634,BanRep_serie_6_BVC
2017-04-07,1368.980000,154.447917,BanRep_serie_6_BVC
2017-04-10,1375.900000,155.228629,BanRep_serie_6_BVC
2017-04-11,1374.430000,155.062784,BanRep_serie_6_BVC
2017-04-12,1378.280000,155.497140,BanRep_serie_6_BVC
2017-04-17,1371.980000,154.786376,BanRep_serie_6_BVC
2017-04-18,1371.750000,154.760427,BanRep_serie_6_BVC
2017-04-19,1363.440000,153.822896,BanRep_serie_6_BVC
2017-04-20,1363.340000,153.811614,BanRep_serie_6_BVC
2017-04-21,1362.330000,153.697666,BanRep_serie_6_BVC
2017-04-24,1366.490000,154.166996,BanRep_serie_6_BVC
2017-04-25,1372.420000,154.836017,BanRep_serie_6_BVC
2017-04-26,1374.660000,155.088733,BanRep_serie_6_BVC
2017-04-27,1362.450000,153.711204,BanRep_serie_6_BVC
2017-04-28,1371.540000,154.736735,BanRep_serie_6_BVC
2017-05-02,1373.170000,154.920631,BanRep_serie_6_BVC
2017-05-03,1370.130000,154.577659,BanRep_serie_6_BVC
2017-05-04,1376.630000,155.310988,BanRep_serie_6_BVC
2017-05-05,1384.920000,156.246263,BanRep_serie_6_BVC
2017-05-08,1403.190000,158.307479,BanRep_serie_6_BVC
2017-05-09,1407.130000,158.751988,BanRep_serie_6_BVC
2017-05-10,1414.840000,159.621828,BanRep_serie_6_BVC
2017-05-11,1421.840000,160.411566,BanRep_serie_6_BVC
2017-05-12,1443.560000,162.862010,BanRep_serie_6_BVC
2017-05-15,1458.090000,164.501281,BanRep_serie_6_BVC
2017-05-16,1449.370000,163.517493,BanRep_serie_6_BVC
2017-05-17,1437.840000,162.216682,BanRep_serie_6_BVC
2017-05-18,1429.410000,161.265611,BanRep_serie_6_BVC
2017-05-19,1436.190000,162.030529,BanRep_serie_6_BVC
2017-05-22,1436.810000,162.100477,BanRep_serie_6_BVC
2017-05-23,1444.140000,162.927446,BanRep_serie_6_BVC
2017-05-24,1446.190000,163.158726,BanRep_serie_6_BVC
2017-05-25,1444.390000,162.955651,BanRep_serie_6_BVC
2017-05-26,1448.930000,163.467852,BanRep_serie_6_BVC
2017-05-30,1444.090000,162.921805,BanRep_serie_6_BVC
2017-05-31,1439.480000,162.401706,BanRep_serie_6_BVC
2017-06-01,1442.830000,162.779652,BanRep_serie_6_BVC
2017-06-02,1441.810000,162.664576,BanRep_serie_6_BVC
2017-06-05,1445.060000,163.031240,BanRep_serie_6_BVC
2017-06-06,1456.530000,164.325282,BanRep_serie_6_BVC
2017-06-07,1451.370000,163.743132,BanRep_serie_6_BVC
2017-06-08,1450.260000,163.617902,BanRep_serie_6_BVC
2017-06-09,1450.450000,163.639338,BanRep_serie_6_BVC
2017-06-12,1446.910000,163.239956,BanRep_serie_6_BVC
2017-06-13,1450.430000,163.637082,BanRep_serie_6_BVC
2017-06-14,1456.730000,164.347846,BanRep_serie_6_BVC
2017-06-15,1456.390000,164.309487,BanRep_serie_6_BVC
2017-06-16,1464.770000,165.254916,BanRep_serie_6_BVC
2017-06-20,1450.820000,163.681081,BanRep_serie_6_BVC
2017-06-21,1436.700000,162.088067,BanRep_serie_6_BVC
2017-06-22,1435.570000,161.960581,BanRep_serie_6_BVC
2017-06-23,1435.120000,161.909812,BanRep_serie_6_BVC
2017-06-27,1437.720000,162.203143,BanRep_serie_6_BVC
2017-06-28,1449.220000,163.500570,BanRep_serie_6_BVC
2017-06-29,1458.710000,164.571229,BanRep_serie_6_BVC
2017-06-30,1462.900000,165.043943,BanRep_serie_6_BVC
2017-07-04,1475.150000,166.425985,BanRep_serie_6_BVC
2017-07-05,1480.520000,167.031826,BanRep_serie_6_BVC
2017-07-06,1481.320000,167.122082,BanRep_serie_6_BVC
2017-07-07,1470.320000,165.881065,BanRep_serie_6_BVC
2017-07-10,1467.370000,165.548247,BanRep_serie_6_BVC
2017-07-11,1474.700000,166.375216,BanRep_serie_6_BVC
2017-07-12,1490.010000,168.102485,BanRep_serie_6_BVC
2017-07-13,1492.090000,168.337150,BanRep_serie_6_BVC
2017-07-14,1487.800000,167.853154,BanRep_serie_6_BVC
2017-07-17,1487.540000,167.823821,BanRep_serie_6_BVC
2017-07-18,1479.950000,166.967519,BanRep_serie_6_BVC
2017-07-19,1468.630000,165.690400,BanRep_serie_6_BVC
2017-07-21,1471.340000,165.996142,BanRep_serie_6_BVC
2017-07-24,1475.840000,166.503830,BanRep_serie_6_BVC
2017-07-25,1476.100000,166.533163,BanRep_serie_6_BVC
2017-07-26,1473.630000,166.254499,BanRep_serie_6_BVC
2017-07-27,1479.750000,166.944955,BanRep_serie_6_BVC
2017-07-28,1486.790000,167.739206,BanRep_serie_6_BVC
2017-07-31,1481.370000,167.127723,BanRep_serie_6_BVC
2017-08-01,1478.090000,166.757675,BanRep_serie_6_BVC
2017-08-02,1481.050000,167.091621,BanRep_serie_6_BVC
2017-08-03,1477.950000,166.741880,BanRep_serie_6_BVC
2017-08-04,1476.470000,166.574907,BanRep_serie_6_BVC
2017-08-08,1469.790000,165.821271,BanRep_serie_6_BVC
2017-08-09,1470.320000,165.881065,BanRep_serie_6_BVC
2017-08-10,1463.540000,165.116148,BanRep_serie_6_BVC
2017-08-11,1463.070000,165.063123,BanRep_serie_6_BVC
2017-08-14,1462.440000,164.992046,BanRep_serie_6_BVC
2017-08-15,1452.910000,163.916874,BanRep_serie_6_BVC
2017-08-16,1468.300000,165.653170,BanRep_serie_6_BVC
2017-08-17,1470.690000,165.922809,BanRep_serie_6_BVC
2017-08-18,1477.210000,166.658393,BanRep_serie_6_BVC
2017-08-22,1482.770000,167.285671,BanRep_serie_6_BVC
2017-08-23,1481.240000,167.113057,BanRep_serie_6_BVC
2017-08-24,1477.410000,166.680957,BanRep_serie_6_BVC
2017-08-25,1475.170000,166.428241,BanRep_serie_6_BVC
2017-08-28,1475.670000,166.484651,BanRep_serie_6_BVC
2017-08-29,1477.890000,166.735111,BanRep_serie_6_BVC
2017-08-30,1471.160000,165.975834,BanRep_serie_6_BVC
2017-08-31,1482.270000,167.229261,BanRep_serie_6_BVC
2017-09-01,1494.170000,168.571815,BanRep_serie_6_BVC
2017-09-04,1501.380000,169.385245,BanRep_serie_6_BVC
2017-09-05,1505.230000,169.819601,BanRep_serie_6_BVC
2017-09-06,1507.420000,170.066676,BanRep_serie_6_BVC
2017-09-07,1503.450000,169.618782,BanRep_serie_6_BVC
2017-09-08,1499.580000,169.182170,BanRep_serie_6_BVC
2017-09-11,1505.090000,169.803807,BanRep_serie_6_BVC
2017-09-12,1493.780000,168.527816,BanRep_serie_6_BVC
2017-09-13,1491.960000,168.322484,BanRep_serie_6_BVC
2017-09-14,1491.480000,168.268330,BanRep_serie_6_BVC
2017-09-15,1492.960000,168.435304,BanRep_serie_6_BVC
2017-09-18,1496.870000,168.876429,BanRep_serie_6_BVC
2017-09-19,1495.480000,168.719609,BanRep_serie_6_BVC
2017-09-20,1486.490000,167.705360,BanRep_serie_6_BVC
2017-09-21,1483.900000,167.413157,BanRep_serie_6_BVC
2017-09-22,1486.150000,167.667001,BanRep_serie_6_BVC
2017-09-25,1482.800000,167.289055,BanRep_serie_6_BVC
2017-09-26,1481.210000,167.109672,BanRep_serie_6_BVC
2017-09-27,1487.260000,167.792231,BanRep_serie_6_BVC
2017-09-28,1486.620000,167.720027,BanRep_serie_6_BVC
2017-09-29,1487.520000,167.821564,BanRep_serie_6_BVC
2017-10-02,1487.540000,167.823821,BanRep_serie_6_BVC
2017-10-03,1487.920000,167.866692,BanRep_serie_6_BVC
2017-10-04,1484.120000,167.437977,BanRep_serie_6_BVC
2017-10-05,1486.710000,167.730180,BanRep_serie_6_BVC
2017-10-06,1491.470000,168.267202,BanRep_serie_6_BVC
2017-10-09,1484.050000,167.430080,BanRep_serie_6_BVC
2017-10-10,1486.060000,167.656848,BanRep_serie_6_BVC
2017-10-11,1483.700000,167.390593,BanRep_serie_6_BVC
2017-10-12,1484.690000,167.502285,BanRep_serie_6_BVC
2017-10-13,1486.350000,167.689565,BanRep_serie_6_BVC
2017-10-17,1480.990000,167.084852,BanRep_serie_6_BVC
2017-10-18,1478.760000,166.833264,BanRep_serie_6_BVC
2017-10-19,1469.150000,165.749066,BanRep_serie_6_BVC
2017-10-20,1464.990000,165.279736,BanRep_serie_6_BVC
2017-10-23,1460.360000,164.757381,BanRep_serie_6_BVC
2017-10-24,1460.350000,164.756253,BanRep_serie_6_BVC
2017-10-25,1469.710000,165.812245,BanRep_serie_6_BVC
2017-10-26,1471.170000,165.976962,BanRep_serie_6_BVC
2017-10-27,1445.070000,163.032368,BanRep_serie_6_BVC
2017-10-30,1437.160000,162.139964,BanRep_serie_6_BVC
2017-10-31,1424.580000,160.720692,BanRep_serie_6_BVC
2017-11-01,1439.810000,162.438936,BanRep_serie_6_BVC
2017-11-02,1425.880000,160.867358,BanRep_serie_6_BVC
2017-11-03,1418.580000,160.043774,BanRep_serie_6_BVC
2017-11-07,1435.120000,161.909812,BanRep_serie_6_BVC
2017-11-08,1434.780000,161.871453,BanRep_serie_6_BVC
2017-11-09,1440.380000,162.503244,BanRep_serie_6_BVC
2017-11-10,1434.360000,161.824069,BanRep_serie_6_BVC
2017-11-14,1425.180000,160.788384,BanRep_serie_6_BVC
2017-11-15,1430.640000,161.404380,BanRep_serie_6_BVC
2017-11-16,1436.590000,162.075657,BanRep_serie_6_BVC
2017-11-17,1443.550000,162.860882,BanRep_serie_6_BVC
2017-11-20,1446.280000,163.168880,BanRep_serie_6_BVC
2017-11-21,1448.480000,163.417083,BanRep_serie_6_BVC
2017-11-22,1451.490000,163.756670,BanRep_serie_6_BVC
2017-11-23,1450.920000,163.692363,BanRep_serie_6_BVC
2017-11-24,1449.660000,163.550210,BanRep_serie_6_BVC
2017-11-27,1446.350000,163.176777,BanRep_serie_6_BVC
2017-11-28,1446.910000,163.239956,BanRep_serie_6_BVC
2017-11-29,1449.520000,163.534416,BanRep_serie_6_BVC
2017-11-30,1445.230000,163.050419,BanRep_serie_6_BVC
2017-12-01,1449.850000,163.571646,BanRep_serie_6_BVC
2017-12-04,1443.470000,162.851856,BanRep_serie_6_BVC
2017-12-05,1447.470000,163.303135,BanRep_serie_6_BVC
2017-12-06,1446.210000,163.160982,BanRep_serie_6_BVC
2017-12-07,1449.350000,163.515236,BanRep_serie_6_BVC
2017-12-11,1470.120000,165.858502,BanRep_serie_6_BVC
2017-12-12,1470.100000,165.856245,BanRep_serie_6_BVC
2017-12-13,1472.750000,166.155217,BanRep_serie_6_BVC
2017-12-14,1475.390000,166.453061,BanRep_serie_6_BVC
2017-12-15,1465.020000,165.283121,BanRep_serie_6_BVC
2017-12-18,1474.590000,166.362806,BanRep_serie_6_BVC
2017-12-19,1475.940000,166.515112,BanRep_serie_6_BVC
2017-12-20,1481.490000,167.141262,BanRep_serie_6_BVC
2017-12-21,1488.320000,167.911820,BanRep_serie_6_BVC
2017-12-22,1493.930000,168.544739,BanRep_serie_6_BVC
2017-12-26,1493.500000,168.496226,BanRep_serie_6_BVC
2017-12-27,1505.000000,169.793653,BanRep_serie_6_BVC
2017-12-28,1513.650000,170.769543,BanRep_serie_6_BVC
2018-01-02,1516.680000,171.111387,BanRep_serie_6_BVC
2018-01-03,1515.840000,171.016618,BanRep_serie_6_BVC
2018-01-04,1531.680000,172.803682,BanRep_serie_6_BVC
2018-01-05,1545.570000,174.370748,BanRep_serie_6_BVC
2018-01-09,1547.310000,174.567054,BanRep_serie_6_BVC
2018-01-10,1537.700000,173.482857,BanRep_serie_6_BVC
2018-01-11,1523.330000,171.861638,BanRep_serie_6_BVC
2018-01-12,1521.410000,171.645024,BanRep_serie_6_BVC
2018-01-15,1513.760000,170.781953,BanRep_serie_6_BVC
2018-01-16,1539.100000,173.640805,BanRep_serie_6_BVC
2018-01-17,1543.540000,174.141724,BanRep_serie_6_BVC
2018-01-18,1548.070000,174.652797,BanRep_serie_6_BVC
2018-01-19,1551.040000,174.987872,BanRep_serie_6_BVC
2018-01-22,1557.860000,175.757302,BanRep_serie_6_BVC
2018-01-23,1570.340000,177.165292,BanRep_serie_6_BVC
2018-01-24,1589.600000,179.338200,BanRep_serie_6_BVC
2018-01-25,1588.970000,179.267123,BanRep_serie_6_BVC
2018-01-26,1592.820000,179.701479,BanRep_serie_6_BVC
2018-01-29,1598.400000,180.331013,BanRep_serie_6_BVC
2018-01-30,1582.980000,178.591333,BanRep_serie_6_BVC
2018-01-31,1558.180000,175.793405,BanRep_serie_6_BVC
2018-02-01,1580.970000,178.364566,BanRep_serie_6_BVC
2018-02-02,1567.740000,176.871961,BanRep_serie_6_BVC
2018-02-05,1523.070000,171.832305,BanRep_serie_6_BVC
2018-02-06,1526.830000,172.256507,BanRep_serie_6_BVC
2018-02-07,1526.870000,172.261020,BanRep_serie_6_BVC
2018-02-08,1504.770000,169.767704,BanRep_serie_6_BVC
2018-02-09,1500.990000,169.341246,BanRep_serie_6_BVC
2018-02-12,1509.480000,170.299085,BanRep_serie_6_BVC
2018-02-13,1504.980000,169.791396,BanRep_serie_6_BVC
2018-02-14,1518.780000,171.348308,BanRep_serie_6_BVC
2018-02-15,1514.360000,170.849645,BanRep_serie_6_BVC
2018-02-16,1520.710000,171.566050,BanRep_serie_6_BVC
2018-02-19,1515.700000,171.000824,BanRep_serie_6_BVC
2018-02-20,1517.390000,171.191489,BanRep_serie_6_BVC
2018-02-21,1525.240000,172.077124,BanRep_serie_6_BVC
2018-02-22,1532.200000,172.862349,BanRep_serie_6_BVC
2018-02-23,1532.600000,172.907477,BanRep_serie_6_BVC
2018-02-26,1524.900000,172.038765,BanRep_serie_6_BVC
2018-02-27,1516.530000,171.094464,BanRep_serie_6_BVC
2018-02-28,1478.330000,166.784751,BanRep_serie_6_BVC
2018-03-01,1466.280000,165.425274,BanRep_serie_6_BVC
2018-03-02,1456.380000,164.308359,BanRep_serie_6_BVC
2018-03-05,1469.830000,165.825784,BanRep_serie_6_BVC
2018-03-06,1475.530000,166.468856,BanRep_serie_6_BVC
2018-03-07,1473.760000,166.269165,BanRep_serie_6_BVC
2018-03-08,1474.310000,166.331216,BanRep_serie_6_BVC
2018-03-09,1482.100000,167.210082,BanRep_serie_6_BVC
2018-03-12,1478.880000,166.846802,BanRep_serie_6_BVC
2018-03-13,1467.600000,165.574196,BanRep_serie_6_BVC
2018-03-14,1463.780000,165.143225,BanRep_serie_6_BVC
2018-03-15,1467.220000,165.531324,BanRep_serie_6_BVC
2018-03-16,1475.750000,166.493676,BanRep_serie_6_BVC
2018-03-20,1476.890000,166.622291,BanRep_serie_6_BVC
2018-03-21,1486.030000,167.653463,BanRep_serie_6_BVC
2018-03-22,1468.440000,165.668964,BanRep_serie_6_BVC
2018-03-23,1459.060000,164.610716,BanRep_serie_6_BVC
2018-03-26,1469.040000,165.736656,BanRep_serie_6_BVC
2018-03-27,1450.000000,163.588569,BanRep_serie_6_BVC
2018-03-28,1455.520000,164.211334,BanRep_serie_6_BVC
2018-04-02,1470.880000,165.944245,BanRep_serie_6_BVC
2018-04-03,1492.840000,168.421765,BanRep_serie_6_BVC
2018-04-04,1497.590000,168.957659,BanRep_serie_6_BVC
2018-04-05,1514.840000,170.903799,BanRep_serie_6_BVC
2018-04-06,1520.760000,171.571691,BanRep_serie_6_BVC
2018-04-09,1531.720000,172.808195,BanRep_serie_6_BVC
2018-04-10,1548.010000,174.646028,BanRep_serie_6_BVC
2018-04-11,1560.080000,176.007762,BanRep_serie_6_BVC
2018-04-12,1555.870000,175.532791,BanRep_serie_6_BVC
2018-04-13,1538.440000,173.566344,BanRep_serie_6_BVC
2018-04-16,1530.000000,172.614145,BanRep_serie_6_BVC
2018-04-17,1552.160000,175.114230,BanRep_serie_6_BVC
2018-04-18,1562.160000,176.242427,BanRep_serie_6_BVC
2018-04-19,1572.450000,177.403342,BanRep_serie_6_BVC
2018-04-20,1561.450000,176.162325,BanRep_serie_6_BVC
2018-04-23,1576.650000,177.877184,BanRep_serie_6_BVC
2018-04-24,1562.550000,176.286427,BanRep_serie_6_BVC
2018-04-25,1558.050000,175.778738,BanRep_serie_6_BVC
2018-04-26,1553.340000,175.247357,BanRep_serie_6_BVC
2018-04-27,1566.450000,176.726424,BanRep_serie_6_BVC
2018-04-30,1565.560000,176.626014,BanRep_serie_6_BVC
2018-05-02,1565.670000,176.638424,BanRep_serie_6_BVC
2018-05-03,1553.030000,175.212383,BanRep_serie_6_BVC
2018-05-04,1547.040000,174.536593,BanRep_serie_6_BVC
2018-05-07,1544.260000,174.222954,BanRep_serie_6_BVC
2018-05-08,1546.450000,174.470029,BanRep_serie_6_BVC
2018-05-09,1558.460000,175.824994,BanRep_serie_6_BVC
2018-05-10,1552.640000,175.168383,BanRep_serie_6_BVC
2018-05-11,1550.080000,174.879565,BanRep_serie_6_BVC
2018-05-15,1571.470000,177.292778,BanRep_serie_6_BVC
2018-05-16,1547.370000,174.573824,BanRep_serie_6_BVC
2018-05-17,1525.540000,172.110969,BanRep_serie_6_BVC
2018-05-18,1520.520000,171.544615,BanRep_serie_6_BVC
2018-05-21,1516.710000,171.114771,BanRep_serie_6_BVC
2018-05-22,1524.840000,172.031996,BanRep_serie_6_BVC
2018-05-23,1523.170000,171.843587,BanRep_serie_6_BVC
2018-05-24,1528.320000,172.424608,BanRep_serie_6_BVC
2018-05-25,1526.360000,172.203482,BanRep_serie_6_BVC
2018-05-28,1524.440000,171.986868,BanRep_serie_6_BVC
2018-05-29,1539.190000,173.650958,BanRep_serie_6_BVC
2018-05-30,1546.030000,174.422645,BanRep_serie_6_BVC
2018-05-31,1546.710000,174.499363,BanRep_serie_6_BVC
2018-06-01,1564.470000,176.503040,BanRep_serie_6_BVC
2018-06-05,1559.670000,175.961506,BanRep_serie_6_BVC
2018-06-06,1554.590000,175.388382,BanRep_serie_6_BVC
2018-06-07,1549.530000,174.817514,BanRep_serie_6_BVC
2018-06-08,1547.960000,174.640387,BanRep_serie_6_BVC
2018-06-12,1550.560000,174.933718,BanRep_serie_6_BVC
2018-06-13,1553.180000,175.229306,BanRep_serie_6_BVC
2018-06-14,1550.940000,174.976590,BanRep_serie_6_BVC
2018-06-15,1541.230000,173.881111,BanRep_serie_6_BVC
2018-06-18,1555.540000,175.495561,BanRep_serie_6_BVC
2018-06-19,1537.500000,173.460293,BanRep_serie_6_BVC
2018-06-20,1532.260000,172.869118,BanRep_serie_6_BVC
2018-06-21,1534.390000,173.109424,BanRep_serie_6_BVC
2018-06-22,1522.790000,171.800715,BanRep_serie_6_BVC
2018-06-25,1522.660000,171.786049,BanRep_serie_6_BVC
2018-06-26,1543.800000,174.171057,BanRep_serie_6_BVC
2018-06-27,1550.350000,174.910026,BanRep_serie_6_BVC
2018-06-28,1555.610000,175.503458,BanRep_serie_6_BVC
2018-06-29,1577.010000,177.917800,BanRep_serie_6_BVC
2018-07-03,1561.270000,176.142017,BanRep_serie_6_BVC
2018-07-04,1570.900000,177.228471,BanRep_serie_6_BVC
2018-07-05,1566.950000,176.782833,BanRep_serie_6_BVC
2018-07-06,1557.590000,175.726841,BanRep_serie_6_BVC
2018-07-09,1555.390000,175.478638,BanRep_serie_6_BVC
2018-07-10,1561.160000,176.129607,BanRep_serie_6_BVC
2018-07-11,1554.150000,175.338741,BanRep_serie_6_BVC
2018-07-12,1545.520000,174.365107,BanRep_serie_6_BVC
2018-07-13,1546.750000,174.503875,BanRep_serie_6_BVC
2018-07-16,1551.330000,175.020590,BanRep_serie_6_BVC
2018-07-17,1549.970000,174.867155,BanRep_serie_6_BVC
2018-07-18,1552.150000,175.113102,BanRep_serie_6_BVC
2018-07-19,1547.340000,174.570439,BanRep_serie_6_BVC
2018-07-23,1549.190000,174.779155,BanRep_serie_6_BVC
2018-07-24,1545.030000,174.309825,BanRep_serie_6_BVC
2018-07-25,1527.400000,172.320814,BanRep_serie_6_BVC
2018-07-26,1537.360000,173.444498,BanRep_serie_6_BVC
2018-07-27,1536.130000,173.305730,BanRep_serie_6_BVC
2018-07-30,1548.130000,174.659567,BanRep_serie_6_BVC
2018-07-31,1526.600000,172.230558,BanRep_serie_6_BVC
2018-08-01,1540.410000,173.788598,BanRep_serie_6_BVC
2018-08-02,1529.170000,172.520505,BanRep_serie_6_BVC
2018-08-03,1531.960000,172.835272,BanRep_serie_6_BVC
2018-08-06,1528.090000,172.398660,BanRep_serie_6_BVC
2018-08-08,1541.730000,173.937520,BanRep_serie_6_BVC
2018-08-09,1532.110000,172.852195,BanRep_serie_6_BVC
2018-08-10,1524.960000,172.045534,BanRep_serie_6_BVC
2018-08-13,1520.030000,171.489333,BanRep_serie_6_BVC
2018-08-14,1523.720000,171.905638,BanRep_serie_6_BVC
2018-08-15,1520.610000,171.554768,BanRep_serie_6_BVC
2018-08-16,1525.290000,172.082765,BanRep_serie_6_BVC
2018-08-17,1528.580000,172.453941,BanRep_serie_6_BVC
2018-08-21,1533.200000,172.975168,BanRep_serie_6_BVC
2018-08-22,1536.090000,173.301217,BanRep_serie_6_BVC
2018-08-23,1534.560000,173.128603,BanRep_serie_6_BVC
2018-08-24,1538.700000,173.595677,BanRep_serie_6_BVC
2018-08-27,1544.320000,174.229723,BanRep_serie_6_BVC
2018-08-28,1548.270000,174.675361,BanRep_serie_6_BVC
2018-08-29,1543.680000,174.157519,BanRep_serie_6_BVC
2018-08-30,1540.610000,173.811162,BanRep_serie_6_BVC
2018-08-31,1542.770000,174.054853,BanRep_serie_6_BVC
2018-09-03,1536.160000,173.309115,BanRep_serie_6_BVC
2018-09-04,1530.340000,172.652504,BanRep_serie_6_BVC
2018-09-05,1508.940000,170.238162,BanRep_serie_6_BVC
2018-09-06,1485.160000,167.555310,BanRep_serie_6_BVC
2018-09-07,1475.900000,166.510599,BanRep_serie_6_BVC
2018-09-10,1471.810000,166.049167,BanRep_serie_6_BVC
2018-09-11,1480.570000,167.037467,BanRep_serie_6_BVC
2018-09-12,1510.380000,170.400623,BanRep_serie_6_BVC
2018-09-13,1501.310000,169.377348,BanRep_serie_6_BVC
2018-09-14,1498.210000,169.027607,BanRep_serie_6_BVC
2018-09-17,1495.400000,168.710584,BanRep_serie_6_BVC
2018-09-18,1509.650000,170.318264,BanRep_serie_6_BVC
2018-09-19,1505.630000,169.864729,BanRep_serie_6_BVC
2018-09-20,1485.860000,167.634284,BanRep_serie_6_BVC
2018-09-21,1482.990000,167.310491,BanRep_serie_6_BVC
2018-09-24,1492.330000,168.364227,BanRep_serie_6_BVC
2018-09-25,1488.600000,167.943410,BanRep_serie_6_BVC
2018-09-26,1487.070000,167.770795,BanRep_serie_6_BVC
2018-09-27,1498.140000,169.019710,BanRep_serie_6_BVC
2018-09-28,1506.070000,169.914370,BanRep_serie_6_BVC
2018-10-01,1512.970000,170.692826,BanRep_serie_6_BVC
2018-10-02,1511.940000,170.576622,BanRep_serie_6_BVC
2018-10-03,1524.860000,172.034252,BanRep_serie_6_BVC
2018-10-04,1517.360000,171.188104,BanRep_serie_6_BVC
2018-10-05,1494.990000,168.664328,BanRep_serie_6_BVC
2018-10-08,1485.160000,167.555310,BanRep_serie_6_BVC
2018-10-09,1497.550000,168.953146,BanRep_serie_6_BVC
2018-10-10,1479.750000,166.944955,BanRep_serie_6_BVC
2018-10-11,1459.970000,164.713382,BanRep_serie_6_BVC
2018-10-12,1462.710000,165.022508,BanRep_serie_6_BVC
2018-10-16,1479.010000,166.861469,BanRep_serie_6_BVC
2018-10-17,1476.330000,166.559112,BanRep_serie_6_BVC
2018-10-18,1461.260000,164.858919,BanRep_serie_6_BVC
2018-10-19,1452.380000,163.857080,BanRep_serie_6_BVC
2018-10-22,1440.380000,162.503244,BanRep_serie_6_BVC
2018-10-23,1433.900000,161.772172,BanRep_serie_6_BVC
2018-10-24,1411.990000,159.300292,BanRep_serie_6_BVC
2018-10-25,1395.490000,157.438767,BanRep_serie_6_BVC
2018-10-26,1397.170000,157.628304,BanRep_serie_6_BVC
2018-10-29,1392.460000,157.096923,BanRep_serie_6_BVC
2018-10-30,1394.920000,157.374460,BanRep_serie_6_BVC
2018-10-31,1392.180000,157.065334,BanRep_serie_6_BVC
2018-11-01,1383.020000,156.031905,BanRep_serie_6_BVC
2018-11-02,1390.970000,156.928822,BanRep_serie_6_BVC
2018-11-06,1401.690000,158.138249,BanRep_serie_6_BVC
2018-11-07,1423.200000,160.565001,BanRep_serie_6_BVC
2018-11-08,1424.960000,160.763564,BanRep_serie_6_BVC
2018-11-09,1419.910000,160.193824,BanRep_serie_6_BVC
2018-11-13,1387.370000,156.522671,BanRep_serie_6_BVC
2018-11-14,1401.510000,158.117942,BanRep_serie_6_BVC
2018-11-15,1426.960000,160.989203,BanRep_serie_6_BVC
2018-11-16,1436.900000,162.110631,BanRep_serie_6_BVC
2018-11-19,1423.090000,160.552591,BanRep_serie_6_BVC
2018-11-20,1389.240000,156.733644,BanRep_serie_6_BVC
2018-11-21,1390.190000,156.840823,BanRep_serie_6_BVC
2018-11-22,1388.300000,156.627593,BanRep_serie_6_BVC
2018-11-23,1370.910000,154.665659,BanRep_serie_6_BVC
2018-11-26,1393.780000,157.245845,BanRep_serie_6_BVC
2018-11-27,1383.270000,156.060110,BanRep_serie_6_BVC
2018-11-28,1385.130000,156.269955,BanRep_serie_6_BVC
2018-11-29,1386.800000,156.458364,BanRep_serie_6_BVC
2018-11-30,1379.240000,155.605447,BanRep_serie_6_BVC
2018-12-03,1405.610000,158.580502,BanRep_serie_6_BVC
2018-12-04,1399.710000,157.914866,BanRep_serie_6_BVC
2018-12-05,1408.410000,158.896398,BanRep_serie_6_BVC
2018-12-06,1390.000000,156.819387,BanRep_serie_6_BVC
2018-12-07,1382.450000,155.967598,BanRep_serie_6_BVC
2018-12-10,1377.030000,155.356115,BanRep_serie_6_BVC
2018-12-11,1373.350000,154.940939,BanRep_serie_6_BVC
2018-12-12,1374.290000,155.046989,BanRep_serie_6_BVC
2018-12-13,1365.350000,154.038381,BanRep_serie_6_BVC
2018-12-14,1359.310000,153.356950,BanRep_serie_6_BVC
2018-12-17,1335.640000,150.686508,BanRep_serie_6_BVC
2018-12-18,1336.140000,150.742918,BanRep_serie_6_BVC
2018-12-19,1332.350000,150.315331,BanRep_serie_6_BVC
2018-12-20,1298.370000,146.481718,BanRep_serie_6_BVC
2018-12-21,1301.860000,146.875458,BanRep_serie_6_BVC
2018-12-24,1301.600000,146.846125,BanRep_serie_6_BVC
2018-12-26,1329.150000,149.954308,BanRep_serie_6_BVC
2018-12-27,1324.990000,149.484978,BanRep_serie_6_BVC
2018-12-28,1325.930000,149.591029,BanRep_serie_6_BVC
2019-01-02,1332.800000,150.366100,BanRep_serie_6_BVC
2019-01-03,1348.530000,152.140754,BanRep_serie_6_BVC
2019-01-04,1356.750000,153.068132,BanRep_serie_6_BVC
2019-01-08,1368.240000,154.364430,BanRep_serie_6_BVC
2019-01-09,1377.610000,155.421551,BanRep_serie_6_BVC
2019-01-10,1384.070000,156.150366,BanRep_serie_6_BVC
2019-01-11,1388.380000,156.636619,BanRep_serie_6_BVC
2019-01-14,1393.200000,157.180410,BanRep_serie_6_BVC
2019-01-15,1393.090000,157.168000,BanRep_serie_6_BVC
2019-01-16,1391.340000,156.970565,BanRep_serie_6_BVC
2019-01-17,1391.420000,156.979591,BanRep_serie_6_BVC
2019-01-18,1392.950000,157.152205,BanRep_serie_6_BVC
2019-01-21,1398.940000,157.827995,BanRep_serie_6_BVC
2019-01-22,1403.940000,158.392094,BanRep_serie_6_BVC
2019-01-23,1406.520000,158.683168,BanRep_serie_6_BVC
2019-01-24,1416.760000,159.838442,BanRep_serie_6_BVC
2019-01-25,1425.470000,160.821102,BanRep_serie_6_BVC
2019-01-28,1430.180000,161.352483,BanRep_serie_6_BVC
2019-01-29,1437.450000,162.172682,BanRep_serie_6_BVC
2019-01-30,1449.650000,163.549082,BanRep_serie_6_BVC
2019-01-31,1447.010000,163.251238,BanRep_serie_6_BVC
2019-02-01,1462.030000,164.945790,BanRep_serie_6_BVC
2019-02-04,1474.940000,166.402292,BanRep_serie_6_BVC
2019-02-05,1493.390000,168.483816,BanRep_serie_6_BVC
2019-02-06,1488.900000,167.977256,BanRep_serie_6_BVC
2019-02-07,1472.110000,166.083013,BanRep_serie_6_BVC
2019-02-08,1468.770000,165.706195,BanRep_serie_6_BVC
2019-02-11,1468.420000,165.666708,BanRep_serie_6_BVC
2019-02-12,1473.730000,166.265781,BanRep_serie_6_BVC
2019-02-13,1472.570000,166.134910,BanRep_serie_6_BVC
2019-02-14,1476.790000,166.611009,BanRep_serie_6_BVC
2019-02-15,1488.840000,167.970486,BanRep_serie_6_BVC
2019-02-18,1482.690000,167.276645,BanRep_serie_6_BVC
2019-02-19,1477.760000,166.720444,BanRep_serie_6_BVC
2019-02-20,1478.640000,166.819725,BanRep_serie_6_BVC
2019-02-21,1478.490000,166.802802,BanRep_serie_6_BVC
2019-02-22,1491.740000,168.297664,BanRep_serie_6_BVC
2019-02-25,1509.880000,170.344213,BanRep_serie_6_BVC
2019-02-26,1519.950000,171.480307,BanRep_serie_6_BVC
2019-02-27,1516.640000,171.106874,BanRep_serie_6_BVC
2019-02-28,1508.270000,170.162573,BanRep_serie_6_BVC
2019-03-01,1515.350000,170.961337,BanRep_serie_6_BVC
2019-03-04,1517.000000,171.147489,BanRep_serie_6_BVC
2019-03-05,1518.210000,171.284001,BanRep_serie_6_BVC
2019-03-06,1532.060000,172.846554,BanRep_serie_6_BVC
2019-03-07,1517.840000,171.242258,BanRep_serie_6_BVC
2019-03-08,1503.010000,169.569142,BanRep_serie_6_BVC
2019-03-11,1525.790000,172.139174,BanRep_serie_6_BVC
2019-03-12,1533.350000,172.992091,BanRep_serie_6_BVC
2019-03-13,1560.400000,176.043864,BanRep_serie_6_BVC
2019-03-14,1575.110000,177.703442,BanRep_serie_6_BVC
2019-03-15,1579.720000,178.223541,BanRep_serie_6_BVC
2019-03-18,1606.370000,181.230186,BanRep_serie_6_BVC
2019-03-19,1613.710000,182.058283,BanRep_serie_6_BVC
2019-03-20,1628.220000,183.695297,BanRep_serie_6_BVC
2019-03-21,1631.300000,184.042781,BanRep_serie_6_BVC
2019-03-22,1597.190000,180.194501,BanRep_serie_6_BVC
2019-03-26,1607.030000,181.304647,BanRep_serie_6_BVC
2019-03-27,1572.680000,177.429290,BanRep_serie_6_BVC
2019-03-28,1569.910000,177.116780,BanRep_serie_6_BVC
2019-03-29,1587.740000,179.128355,BanRep_serie_6_BVC
2019-04-01,1581.900000,178.469488,BanRep_serie_6_BVC
2019-04-02,1579.510000,178.199849,BanRep_serie_6_BVC
2019-04-03,1590.640000,179.455532,BanRep_serie_6_BVC
2019-04-04,1590.150000,179.400250,BanRep_serie_6_BVC
2019-04-05,1599.830000,180.492345,BanRep_serie_6_BVC
2019-04-08,1616.350000,182.356127,BanRep_serie_6_BVC
2019-04-09,1621.400000,182.925866,BanRep_serie_6_BVC
2019-04-10,1625.210000,183.355709,BanRep_serie_6_BVC
2019-04-11,1611.600000,181.820233,BanRep_serie_6_BVC
2019-04-12,1604.970000,181.072238,BanRep_serie_6_BVC
2019-04-15,1572.750000,177.437188,BanRep_serie_6_BVC
2019-04-16,1581.430000,178.416463,BanRep_serie_6_BVC
2019-04-17,1574.310000,177.613186,BanRep_serie_6_BVC
2019-04-22,1591.180000,179.516455,BanRep_serie_6_BVC
2019-04-23,1595.020000,179.949682,BanRep_serie_6_BVC
2019-04-24,1600.170000,180.530704,BanRep_serie_6_BVC
2019-04-25,1599.810000,180.490089,BanRep_serie_6_BVC
2019-04-26,1597.750000,180.257680,BanRep_serie_6_BVC
2019-04-29,1590.380000,179.426199,BanRep_serie_6_BVC
2019-04-30,1573.640000,177.537597,BanRep_serie_6_BVC
2019-05-02,1562.020000,176.226632,BanRep_serie_6_BVC
2019-05-03,1555.380000,175.477509,BanRep_serie_6_BVC
2019-05-06,1549.160000,174.775771,BanRep_serie_6_BVC
2019-05-07,1535.260000,173.207577,BanRep_serie_6_BVC
2019-05-08,1539.310000,173.664497,BanRep_serie_6_BVC
2019-05-09,1542.570000,174.032289,BanRep_serie_6_BVC
2019-05-10,1550.380000,174.913411,BanRep_serie_6_BVC
2019-05-13,1515.810000,171.013234,BanRep_serie_6_BVC
2019-05-14,1509.110000,170.257342,BanRep_serie_6_BVC
2019-05-15,1501.550000,169.404425,BanRep_serie_6_BVC
2019-05-16,1503.060000,169.574783,BanRep_serie_6_BVC
2019-05-17,1500.050000,169.235195,BanRep_serie_6_BVC
2019-05-20,1482.740000,167.282286,BanRep_serie_6_BVC
2019-05-21,1493.410000,168.486072,BanRep_serie_6_BVC
2019-05-22,1489.430000,168.037050,BanRep_serie_6_BVC
2019-05-23,1472.150000,166.087526,BanRep_serie_6_BVC
2019-05-24,1489.410000,168.034794,BanRep_serie_6_BVC
2019-05-27,1480.010000,166.974288,BanRep_serie_6_BVC
2019-05-28,1463.380000,165.098097,BanRep_serie_6_BVC
2019-05-29,1481.720000,167.167210,BanRep_serie_6_BVC
2019-05-30,1487.060000,167.769667,BanRep_serie_6_BVC
2019-05-31,1487.000000,167.762898,BanRep_serie_6_BVC
2019-06-04,1497.350000,168.930582,BanRep_serie_6_BVC
2019-06-05,1483.420000,167.359004,BanRep_serie_6_BVC
2019-06-06,1489.990000,168.100229,BanRep_serie_6_BVC
2019-06-07,1509.820000,170.337444,BanRep_serie_6_BVC
2019-06-10,1499.160000,169.134786,BanRep_serie_6_BVC
2019-06-11,1519.970000,171.482564,BanRep_serie_6_BVC
2019-06-12,1513.160000,170.714262,BanRep_serie_6_BVC
2019-06-13,1521.690000,171.676614,BanRep_serie_6_BVC
2019-06-14,1526.360000,172.203482,BanRep_serie_6_BVC
2019-06-17,1518.290000,171.293027,BanRep_serie_6_BVC
2019-06-18,1537.810000,173.495267,BanRep_serie_6_BVC
2019-06-19,1546.240000,174.446337,BanRep_serie_6_BVC
2019-06-20,1554.670000,175.397407,BanRep_serie_6_BVC
2019-06-21,1560.190000,176.020172,BanRep_serie_6_BVC
2019-06-25,1557.860000,175.757302,BanRep_serie_6_BVC
2019-06-26,1549.720000,174.838950,BanRep_serie_6_BVC
2019-06-27,1547.690000,174.609926,BanRep_serie_6_BVC
2019-06-28,1548.980000,174.755463,BanRep_serie_6_BVC
2019-07-02,1543.760000,174.166544,BanRep_serie_6_BVC
2019-07-03,1563.720000,176.418426,BanRep_serie_6_BVC
2019-07-04,1565.960000,176.671142,BanRep_serie_6_BVC
2019-07-05,1579.190000,178.163747,BanRep_serie_6_BVC
2019-07-08,1581.080000,178.376976,BanRep_serie_6_BVC
2019-07-09,1588.900000,179.259226,BanRep_serie_6_BVC
2019-07-10,1600.910000,180.614190,BanRep_serie_6_BVC
2019-07-11,1600.500000,180.567934,BanRep_serie_6_BVC
2019-07-12,1605.150000,181.092546,BanRep_serie_6_BVC
2019-07-15,1605.010000,181.076751,BanRep_serie_6_BVC
2019-07-16,1619.620000,182.725047,BanRep_serie_6_BVC
2019-07-17,1607.230000,181.327211,BanRep_serie_6_BVC
2019-07-18,1586.960000,179.040356,BanRep_serie_6_BVC
2019-07-19,1600.390000,180.555524,BanRep_serie_6_BVC
2019-07-22,1594.440000,179.884247,BanRep_serie_6_BVC
2019-07-23,1602.150000,180.754087,BanRep_serie_6_BVC
2019-07-24,1592.710000,179.689069,BanRep_serie_6_BVC
2019-07-25,1595.470000,180.000451,BanRep_serie_6_BVC
2019-07-26,1580.560000,178.318310,BanRep_serie_6_BVC
2019-07-29,1585.260000,178.848562,BanRep_serie_6_BVC
2019-07-30,1568.060000,176.908063,BanRep_serie_6_BVC
2019-07-31,1562.130000,176.239042,BanRep_serie_6_BVC
2019-08-01,1537.580000,173.469319,BanRep_serie_6_BVC
2019-08-02,1543.380000,174.123673,BanRep_serie_6_BVC
2019-08-05,1503.000000,169.568013,BanRep_serie_6_BVC
2019-08-06,1512.830000,170.677031,BanRep_serie_6_BVC
2019-08-08,1545.440000,174.356082,BanRep_serie_6_BVC
2019-08-09,1537.800000,173.494139,BanRep_serie_6_BVC
2019-08-12,1531.200000,172.749529,BanRep_serie_6_BVC
2019-08-13,1554.590000,175.388382,BanRep_serie_6_BVC
2019-08-15,1524.190000,171.958663,BanRep_serie_6_BVC
2019-08-16,1542.810000,174.059366,BanRep_serie_6_BVC
2019-08-20,1548.460000,174.696797,BanRep_serie_6_BVC
2019-08-21,1541.560000,173.918341,BanRep_serie_6_BVC
2019-08-22,1526.960000,172.271173,BanRep_serie_6_BVC
2019-08-23,1505.290000,169.826370,BanRep_serie_6_BVC
2019-08-26,1519.080000,171.382154,BanRep_serie_6_BVC
2019-08-27,1531.510000,172.784503,BanRep_serie_6_BVC
2019-08-28,1536.690000,173.368909,BanRep_serie_6_BVC
2019-08-29,1542.360000,174.008597,BanRep_serie_6_BVC
2019-08-30,1559.520000,175.944583,BanRep_serie_6_BVC
2019-09-02,1560.810000,176.090120,BanRep_serie_6_BVC
2019-09-03,1561.490000,176.166838,BanRep_serie_6_BVC
2019-09-04,1565.890000,176.663244,BanRep_serie_6_BVC
2019-09-05,1567.350000,176.827961,BanRep_serie_6_BVC
2019-09-06,1567.530000,176.848269,BanRep_serie_6_BVC
2019-09-09,1576.750000,177.888466,BanRep_serie_6_BVC
2019-09-10,1572.810000,177.443957,BanRep_serie_6_BVC
2019-09-11,1585.720000,178.900459,BanRep_serie_6_BVC
2019-09-12,1587.660000,179.119329,BanRep_serie_6_BVC
2019-09-13,1580.600000,178.322822,BanRep_serie_6_BVC
2019-09-16,1600.630000,180.582601,BanRep_serie_6_BVC
2019-09-17,1597.940000,180.279116,BanRep_serie_6_BVC
2019-09-18,1597.360000,180.213681,BanRep_serie_6_BVC
2019-09-19,1594.100000,179.845888,BanRep_serie_6_BVC
2019-09-20,1594.220000,179.859427,BanRep_serie_6_BVC
2019-09-23,1597.150000,180.189988,BanRep_serie_6_BVC
2019-09-24,1591.090000,179.506301,BanRep_serie_6_BVC
2019-09-25,1596.350000,180.099733,BanRep_serie_6_BVC
2019-09-26,1601.430000,180.672857,BanRep_serie_6_BVC
2019-09-27,1584.990000,178.818101,BanRep_serie_6_BVC
2019-09-30,1577.960000,178.024978,BanRep_serie_6_BVC
2019-10-01,1582.420000,178.528154,BanRep_serie_6_BVC
2019-10-02,1574.830000,177.671853,BanRep_serie_6_BVC
2019-10-03,1588.620000,179.227636,BanRep_serie_6_BVC
2019-10-04,1593.050000,179.727428,BanRep_serie_6_BVC
2019-10-07,1596.940000,180.166296,BanRep_serie_6_BVC
2019-10-08,1589.890000,179.370917,BanRep_serie_6_BVC
2019-10-09,1589.310000,179.305482,BanRep_serie_6_BVC
2019-10-10,1583.440000,178.643230,BanRep_serie_6_BVC
2019-10-11,1590.860000,179.480352,BanRep_serie_6_BVC
2019-10-15,1578.890000,178.129901,BanRep_serie_6_BVC
2019-10-16,1579.510000,178.199849,BanRep_serie_6_BVC
2019-10-17,1578.630000,178.100567,BanRep_serie_6_BVC
2019-10-18,1578.610000,178.098311,BanRep_serie_6_BVC
2019-10-21,1597.560000,180.236244,BanRep_serie_6_BVC
2019-10-22,1613.420000,182.025565,BanRep_serie_6_BVC
2019-10-23,1613.320000,182.014283,BanRep_serie_6_BVC
2019-10-24,1616.050000,182.322281,BanRep_serie_6_BVC
2019-10-25,1628.550000,183.732527,BanRep_serie_6_BVC
2019-10-28,1622.000000,182.993558,BanRep_serie_6_BVC
2019-10-29,1633.280000,184.266164,BanRep_serie_6_BVC
2019-10-30,1633.920000,184.338369,BanRep_serie_6_BVC
2019-10-31,1633.150000,184.251498,BanRep_serie_6_BVC
2019-11-01,1645.880000,185.687692,BanRep_serie_6_BVC
2019-11-05,1665.690000,187.922651,BanRep_serie_6_BVC
2019-11-06,1657.150000,186.959171,BanRep_serie_6_BVC
2019-11-07,1655.730000,186.798967,BanRep_serie_6_BVC
2019-11-08,1636.230000,184.598982,BanRep_serie_6_BVC
2019-11-12,1632.020000,184.124011,BanRep_serie_6_BVC
2019-11-13,1624.260000,183.248531,BanRep_serie_6_BVC
2019-11-14,1613.900000,182.079718,BanRep_serie_6_BVC
2019-11-15,1627.250000,183.585861,BanRep_serie_6_BVC
2019-12-09,1605.350000,181.115110,BanRep_serie_6_BVC
2019-12-10,1602.940000,180.843214,BanRep_serie_6_BVC
2019-12-11,1605.320000,181.111725,BanRep_serie_6_BVC
2019-12-12,1618.560000,182.605458,BanRep_serie_6_BVC
2019-12-13,1630.800000,183.986371,BanRep_serie_6_BVC
2019-12-16,1632.000000,184.121755,BanRep_serie_6_BVC
2019-12-17,1625.010000,183.333145,BanRep_serie_6_BVC
2019-12-18,1635.730000,184.542573,BanRep_serie_6_BVC
2019-12-19,1646.720000,185.782461,BanRep_serie_6_BVC
2019-12-20,1642.860000,185.346977,BanRep_serie_6_BVC
2019-12-23,1665.040000,187.849318,BanRep_serie_6_BVC
2019-12-24,1666.620000,188.027573,BanRep_serie_6_BVC
2019-12-26,1659.890000,187.268297,BanRep_serie_6_BVC
2019-12-27,1661.210000,187.417219,BanRep_serie_6_BVC
2019-12-30,1662.420000,187.553730,BanRep_serie_6_BVC
2020-01-02,1658.770000,187.141938,BanRep_serie_6_BVC
2020-01-03,1676.490000,189.141104,BanRep_serie_6_BVC
2020-01-07,1663.830000,187.712806,BanRep_serie_6_BVC
2020-01-08,1656.960000,186.937735,BanRep_serie_6_BVC
2020-01-09,1653.540000,186.551891,BanRep_serie_6_BVC
2020-01-10,1654.930000,186.708711,BanRep_serie_6_BVC
2020-01-13,1651.930000,186.370252,BanRep_serie_6_BVC
2020-01-14,1653.180000,186.511276,BanRep_serie_6_BVC
2020-01-15,1648.780000,186.014870,BanRep_serie_6_BVC
2020-01-16,1647.800000,185.904306,BanRep_serie_6_BVC
2020-01-17,1656.040000,186.833941,BanRep_serie_6_BVC
2020-01-20,1656.370000,186.871171,BanRep_serie_6_BVC
2020-01-21,1653.480000,186.545122,BanRep_serie_6_BVC
2020-01-22,1650.360000,186.193125,BanRep_serie_6_BVC
2020-01-23,1648.180000,185.947178,BanRep_serie_6_BVC
2020-01-24,1647.910000,185.916716,BanRep_serie_6_BVC
2020-01-27,1623.970000,183.215813,BanRep_serie_6_BVC
2020-01-28,1624.660000,183.293658,BanRep_serie_6_BVC
2020-01-29,1633.810000,184.325959,BanRep_serie_6_BVC
2020-01-30,1638.150000,184.815596,BanRep_serie_6_BVC
2020-01-31,1623.830000,183.200018,BanRep_serie_6_BVC
2020-02-03,1625.180000,183.352325,BanRep_serie_6_BVC
2020-02-04,1643.920000,185.466566,BanRep_serie_6_BVC
2020-02-05,1656.300000,186.863274,BanRep_serie_6_BVC
2020-02-06,1653.960000,186.599276,BanRep_serie_6_BVC
2020-02-07,1654.700000,186.682762,BanRep_serie_6_BVC
2020-02-10,1643.170000,185.381951,BanRep_serie_6_BVC
2020-02-11,1645.220000,185.613231,BanRep_serie_6_BVC
2020-02-12,1659.540000,187.228810,BanRep_serie_6_BVC
2020-02-13,1663.070000,187.627063,BanRep_serie_6_BVC
2020-02-14,1664.400000,187.777113,BanRep_serie_6_BVC
2020-02-17,1665.390000,187.888805,BanRep_serie_6_BVC
2020-02-18,1665.360000,187.885420,BanRep_serie_6_BVC
2020-02-19,1676.290000,189.118540,BanRep_serie_6_BVC
2020-02-20,1669.600000,188.363776,BanRep_serie_6_BVC
2020-02-21,1631.450000,184.059704,BanRep_serie_6_BVC
2020-02-24,1622.660000,183.068019,BanRep_serie_6_BVC
2020-02-25,1612.480000,181.919514,BanRep_serie_6_BVC
2020-02-26,1589.740000,179.353994,BanRep_serie_6_BVC
2020-02-27,1556.690000,175.625303,BanRep_serie_6_BVC
2020-02-28,1549.610000,174.826540,BanRep_serie_6_BVC
2020-03-02,1536.480000,173.345217,BanRep_serie_6_BVC
2020-03-03,1512.610000,170.652211,BanRep_serie_6_BVC
2020-03-04,1544.530000,174.253416,BanRep_serie_6_BVC
2020-03-05,1546.660000,174.493722,BanRep_serie_6_BVC
2020-03-06,1502.840000,169.549962,BanRep_serie_6_BVC
2020-03-09,1344.600000,151.697372,BanRep_serie_6_BVC
2020-03-10,1360.210000,153.458488,BanRep_serie_6_BVC
2020-03-11,1295.460000,146.153412,BanRep_serie_6_BVC
2020-03-12,1174.310000,132.485305,BanRep_serie_6_BVC
2020-03-13,1174.310000,132.485305,BanRep_serie_6_BVC
2020-03-16,997.780000,112.569243,BanRep_serie_6_BVC
2020-03-17,1000.500000,112.876113,BanRep_serie_6_BVC
2020-03-18,894.030000,100.864199,BanRep_serie_6_BVC
2020-03-19,899.750000,101.509528,BanRep_serie_6_BVC
2020-03-20,919.590000,103.747871,BanRep_serie_6_BVC
2020-03-24,923.530000,104.192380,BanRep_serie_6_BVC
2020-03-25,1046.180000,118.029717,BanRep_serie_6_BVC
2020-03-26,1167.040000,131.665106,BanRep_serie_6_BVC
2020-03-27,1147.540000,129.465122,BanRep_serie_6_BVC
2020-03-30,1129.180000,127.393752,BanRep_serie_6_BVC
2020-03-31,1123.850000,126.792423,BanRep_serie_6_BVC
2020-04-01,1063.030000,119.930729,BanRep_serie_6_BVC
2020-04-02,1114.430000,125.729661,BanRep_serie_6_BVC
2020-04-03,1127.550000,127.209856,BanRep_serie_6_BVC
2020-04-06,1160.120000,130.884394,BanRep_serie_6_BVC
2020-04-07,1163.430000,131.257827,BanRep_serie_6_BVC
2020-04-08,1187.130000,133.931654,BanRep_serie_6_BVC
2020-04-13,1193.980000,134.704469,BanRep_serie_6_BVC
2020-04-14,1211.060000,136.631429,BanRep_serie_6_BVC
2020-04-15,1204.010000,135.836050,BanRep_serie_6_BVC
2020-04-16,1202.540000,135.670205,BanRep_serie_6_BVC
2020-04-17,1192.080000,134.490111,BanRep_serie_6_BVC
2020-04-20,1179.600000,133.082121,BanRep_serie_6_BVC
2020-04-21,1131.290000,127.631802,BanRep_serie_6_BVC
2020-04-22,1132.780000,127.799903,BanRep_serie_6_BVC
2020-04-23,1151.780000,129.943477,BanRep_serie_6_BVC
2020-04-24,1122.370000,126.625450,BanRep_serie_6_BVC
2020-04-27,1116.170000,125.925968,BanRep_serie_6_BVC
2020-04-28,1145.340000,129.216918,BanRep_serie_6_BVC
2020-04-29,1145.890000,129.278969,BanRep_serie_6_BVC
2020-04-30,1142.040000,128.844613,BanRep_serie_6_BVC
2020-05-04,1105.430000,124.714284,BanRep_serie_6_BVC
2020-05-05,1099.280000,124.020443,BanRep_serie_6_BVC
2020-05-06,1090.430000,123.021989,BanRep_serie_6_BVC
2020-05-07,1113.370000,125.610073,BanRep_serie_6_BVC
2020-05-08,1110.260000,125.259203,BanRep_serie_6_BVC
2020-05-11,1104.090000,124.563106,BanRep_serie_6_BVC
2020-05-12,1089.290000,122.893374,BanRep_serie_6_BVC
2020-05-13,1055.270000,119.055248,BanRep_serie_6_BVC
2020-05-14,1052.230000,118.712276,BanRep_serie_6_BVC
2020-05-15,1053.750000,118.883762,BanRep_serie_6_BVC
2020-05-18,1082.960000,122.179225,BanRep_serie_6_BVC
2020-05-19,1067.650000,120.451956,BanRep_serie_6_BVC
2020-05-20,1072.290000,120.975439,BanRep_serie_6_BVC
2020-05-21,1066.110000,120.278213,BanRep_serie_6_BVC
2020-05-22,1057.660000,119.324887,BanRep_serie_6_BVC
2020-05-26,1072.780000,121.030721,BanRep_serie_6_BVC
2020-05-27,1088.420000,122.795221,BanRep_serie_6_BVC
2020-05-28,1085.550000,122.471428,BanRep_serie_6_BVC
2020-05-29,1095.840000,123.632343,BanRep_serie_6_BVC
2020-06-01,1117.020000,126.021864,BanRep_serie_6_BVC
2020-06-02,1117.690000,126.097454,BanRep_serie_6_BVC
2020-06-03,1158.050000,130.650857,BanRep_serie_6_BVC
2020-06-04,1163.840000,131.304083,BanRep_serie_6_BVC
2020-06-05,1203.070000,135.730000,BanRep_serie_6_BVC
2020-06-08,1228.240000,138.569672,BanRep_serie_6_BVC
2020-06-09,1209.990000,136.510712,BanRep_serie_6_BVC
2020-06-10,1177.990000,132.900482,BanRep_serie_6_BVC
2020-06-11,1121.550000,126.532938,BanRep_serie_6_BVC
2020-06-12,1143.130000,128.967587,BanRep_serie_6_BVC
2020-06-16,1154.630000,130.265013,BanRep_serie_6_BVC
2020-06-17,1139.300000,128.535487,BanRep_serie_6_BVC
2020-06-18,1139.000000,128.501642,BanRep_serie_6_BVC
2020-06-19,1161.410000,131.029931,BanRep_serie_6_BVC
2020-06-23,1143.280000,128.984510,BanRep_serie_6_BVC
2020-06-24,1125.480000,126.976319,BanRep_serie_6_BVC
2020-06-25,1125.030000,126.925550,BanRep_serie_6_BVC
2020-06-26,1110.650000,125.303203,BanRep_serie_6_BVC
2020-06-30,1111.800000,125.432946,BanRep_serie_6_BVC
2020-07-01,1109.910000,125.219716,BanRep_serie_6_BVC
2020-07-02,1118.970000,126.241863,BanRep_serie_6_BVC
2020-07-03,1125.260000,126.951499,BanRep_serie_6_BVC
2020-07-06,1129.470000,127.426470,BanRep_serie_6_BVC
2020-07-07,1131.840000,127.693852,BanRep_serie_6_BVC
2020-07-08,1153.540000,130.142040,BanRep_serie_6_BVC
2020-07-09,1143.100000,128.964202,BanRep_serie_6_BVC
2020-07-10,1147.780000,129.492199,BanRep_serie_6_BVC
2020-07-13,1145.160000,129.196611,BanRep_serie_6_BVC
2020-07-14,1144.530000,129.125534,BanRep_serie_6_BVC
2020-07-15,1144.850000,129.161637,BanRep_serie_6_BVC
2020-07-16,1153.150000,130.098040,BanRep_serie_6_BVC
2020-07-17,1156.160000,130.437628,BanRep_serie_6_BVC
2020-07-21,1166.610000,131.616594,BanRep_serie_6_BVC
2020-07-22,1168.520000,131.832079,BanRep_serie_6_BVC
2020-07-23,1181.780000,133.328068,BanRep_serie_6_BVC
2020-07-24,1173.930000,132.442434,BanRep_serie_6_BVC
2020-07-27,1180.730000,133.209608,BanRep_serie_6_BVC
2020-07-28,1170.990000,132.110744,BanRep_serie_6_BVC
2020-07-29,1174.910000,132.552997,BanRep_serie_6_BVC
2020-07-30,1164.660000,131.396595,BanRep_serie_6_BVC
2020-07-31,1134.340000,127.975902,BanRep_serie_6_BVC
2020-08-03,1133.100000,127.836005,BanRep_serie_6_BVC
2020-08-04,1128.410000,127.306881,BanRep_serie_6_BVC
2020-08-05,1135.630000,128.121439,BanRep_serie_6_BVC
2020-08-06,1142.180000,128.860408,BanRep_serie_6_BVC
2020-08-10,1143.500000,129.009330,BanRep_serie_6_BVC
2020-08-11,1134.410000,127.983799,BanRep_serie_6_BVC
2020-08-12,1141.780000,128.815280,BanRep_serie_6_BVC
2020-08-13,1149.970000,129.739274,BanRep_serie_6_BVC
2020-08-14,1153.280000,130.112707,BanRep_serie_6_BVC
2020-08-18,1168.460000,131.825310,BanRep_serie_6_BVC
2020-08-19,1161.720000,131.064905,BanRep_serie_6_BVC
2020-08-20,1174.120000,132.463869,BanRep_serie_6_BVC
2020-08-21,1186.290000,133.836885,BanRep_serie_6_BVC
2020-08-24,1205.180000,135.968049,BanRep_serie_6_BVC
2020-08-25,1230.560000,138.831414,BanRep_serie_6_BVC
2020-08-26,1227.310000,138.464749,BanRep_serie_6_BVC
2020-08-27,1225.220000,138.228956,BanRep_serie_6_BVC
2020-08-28,1226.210000,138.340648,BanRep_serie_6_BVC
2020-08-31,1216.030000,137.192143,BanRep_serie_6_BVC
2020-09-01,1255.760000,141.674470,BanRep_serie_6_BVC
2020-09-02,1258.160000,141.945237,BanRep_serie_6_BVC
2020-09-03,1246.820000,140.665862,BanRep_serie_6_BVC
2020-09-04,1240.240000,139.923508,BanRep_serie_6_BVC
2020-09-07,1242.980000,140.232634,BanRep_serie_6_BVC
2020-09-08,1232.340000,139.032233,BanRep_serie_6_BVC
2020-09-09,1239.930000,139.888534,BanRep_serie_6_BVC
2020-09-10,1219.670000,137.602807,BanRep_serie_6_BVC
2020-09-11,1212.450000,136.788249,BanRep_serie_6_BVC
2020-09-14,1199.650000,135.344157,BanRep_serie_6_BVC
2020-09-15,1193.710000,134.674007,BanRep_serie_6_BVC
2020-09-16,1195.950000,134.926724,BanRep_serie_6_BVC
2020-09-17,1192.530000,134.540880,BanRep_serie_6_BVC
2020-09-18,1206.550000,136.122612,BanRep_serie_6_BVC
2020-09-21,1197.550000,135.107235,BanRep_serie_6_BVC
2020-09-22,1187.730000,133.999346,BanRep_serie_6_BVC
2020-09-23,1179.380000,133.057301,BanRep_serie_6_BVC
2020-09-24,1180.490000,133.182531,BanRep_serie_6_BVC
2020-09-25,1171.350000,132.151359,BanRep_serie_6_BVC
2020-09-28,1176.660000,132.750432,BanRep_serie_6_BVC
2020-09-29,1165.750000,131.519569,BanRep_serie_6_BVC
2020-09-30,1171.920000,132.215666,BanRep_serie_6_BVC
2020-10-01,1162.360000,131.137110,BanRep_serie_6_BVC
2020-10-02,1165.010000,131.436082,BanRep_serie_6_BVC
2020-10-05,1168.040000,131.777926,BanRep_serie_6_BVC
2020-10-06,1168.930000,131.878335,BanRep_serie_6_BVC
2020-10-07,1174.490000,132.505613,BanRep_serie_6_BVC
2020-10-08,1186.420000,133.851552,BanRep_serie_6_BVC
2020-10-09,1190.010000,134.256575,BanRep_serie_6_BVC
2020-10-13,1170.720000,132.080283,BanRep_serie_6_BVC
2020-10-14,1171.360000,132.152487,BanRep_serie_6_BVC
2020-10-15,1166.010000,131.548902,BanRep_serie_6_BVC
2020-10-16,1171.800000,132.202128,BanRep_serie_6_BVC
2020-10-19,1174.940000,132.556382,BanRep_serie_6_BVC
2020-10-20,1187.390000,133.960987,BanRep_serie_6_BVC
2020-10-21,1177.920000,132.892584,BanRep_serie_6_BVC
2020-10-22,1177.890000,132.889200,BanRep_serie_6_BVC
2020-10-23,1175.330000,132.600381,BanRep_serie_6_BVC
2020-10-26,1177.090000,132.798944,BanRep_serie_6_BVC
2020-10-27,1162.580000,131.161930,BanRep_serie_6_BVC
2020-10-28,1120.370000,126.399810,BanRep_serie_6_BVC
2020-10-29,1131.270000,127.629545,BanRep_serie_6_BVC
2020-10-30,1136.750000,128.247797,BanRep_serie_6_BVC
2020-11-03,1151.370000,129.897221,BanRep_serie_6_BVC
2020-11-04,1156.410000,130.465833,BanRep_serie_6_BVC
2020-11-05,1163.030000,131.212699,BanRep_serie_6_BVC
2020-11-06,1172.340000,132.263050,BanRep_serie_6_BVC
2020-11-09,1213.690000,136.928145,BanRep_serie_6_BVC
2020-11-10,1213.390000,136.894299,BanRep_serie_6_BVC
2020-11-11,1220.060000,137.646807,BanRep_serie_6_BVC
2020-11-12,1207.210000,136.197073,BanRep_serie_6_BVC
2020-11-13,1209.870000,136.497174,BanRep_serie_6_BVC
2020-11-17,1230.730000,138.850593,BanRep_serie_6_BVC
2020-11-18,1234.560000,139.282692,BanRep_serie_6_BVC
2020-11-19,1230.810000,138.859618,BanRep_serie_6_BVC
2020-11-20,1239.740000,139.867098,BanRep_serie_6_BVC
2020-11-23,1247.940000,140.792220,BanRep_serie_6_BVC
2020-11-24,1270.610000,143.349843,BanRep_serie_6_BVC
2020-11-25,1263.650000,142.564617,BanRep_serie_6_BVC
2020-11-26,1263.040000,142.495797,BanRep_serie_6_BVC
2020-11-27,1261.740000,142.349132,BanRep_serie_6_BVC
2020-11-30,1258.000000,141.927186,BanRep_serie_6_BVC
2020-12-01,1285.120000,144.986857,BanRep_serie_6_BVC
2020-12-02,1288.490000,145.367059,BanRep_serie_6_BVC
2020-12-03,1298.130000,146.454641,BanRep_serie_6_BVC
2020-12-04,1341.230000,151.317170,BanRep_serie_6_BVC
2020-12-07,1363.740000,153.856742,BanRep_serie_6_BVC
2020-12-09,1383.590000,156.096213,BanRep_serie_6_BVC
2020-12-10,1368.490000,154.392635,BanRep_serie_6_BVC
2020-12-11,1377.670000,155.428320,BanRep_serie_6_BVC
2020-12-14,1389.310000,156.741541,BanRep_serie_6_BVC
2020-12-15,1408.020000,158.852398,BanRep_serie_6_BVC
2020-12-16,1421.470000,160.369823,BanRep_serie_6_BVC
2020-12-17,1443.590000,162.865395,BanRep_serie_6_BVC
2020-12-18,1426.470000,160.933922,BanRep_serie_6_BVC
2020-12-21,1377.380000,155.395602,BanRep_serie_6_BVC
2020-12-22,1400.910000,158.050250,BanRep_serie_6_BVC
2020-12-23,1416.620000,159.822647,BanRep_serie_6_BVC
2020-12-24,1422.210000,160.453310,BanRep_serie_6_BVC
2020-12-28,1431.050000,161.450636,BanRep_serie_6_BVC
2020-12-29,1450.720000,163.669799,BanRep_serie_6_BVC
2020-12-30,1437.890000,162.222323,BanRep_serie_6_BVC
2021-01-04,1418.010000,159.979467,BanRep_serie_6_BVC
2021-01-05,1431.730000,161.527353,BanRep_serie_6_BVC
2021-01-06,1436.030000,162.012478,BanRep_serie_6_BVC
2021-01-07,1435.740000,161.979760,BanRep_serie_6_BVC
2021-01-08,1453.120000,163.940567,BanRep_serie_6_BVC
2021-01-12,1461.730000,164.911944,BanRep_serie_6_BVC
2021-01-13,1456.030000,164.268872,BanRep_serie_6_BVC
2021-01-14,1467.120000,165.520042,BanRep_serie_6_BVC
2021-01-15,1452.580000,163.879644,BanRep_serie_6_BVC
2021-01-18,1454.500000,164.096258,BanRep_serie_6_BVC
2021-01-19,1459.410000,164.650203,BanRep_serie_6_BVC
2021-01-20,1459.850000,164.699843,BanRep_serie_6_BVC
2021-01-21,1446.230000,163.163239,BanRep_serie_6_BVC
2021-01-22,1418.980000,160.088902,BanRep_serie_6_BVC
2021-01-25,1397.650000,157.682458,BanRep_serie_6_BVC
2021-01-26,1402.250000,158.201428,BanRep_serie_6_BVC
2021-01-27,1374.850000,155.110168,BanRep_serie_6_BVC
2021-01-28,1367.200000,154.247098,BanRep_serie_6_BVC
2021-01-29,1348.120000,152.094498,BanRep_serie_6_BVC
2021-02-01,1357.160000,153.114388,BanRep_serie_6_BVC
2021-02-02,1368.300000,154.371199,BanRep_serie_6_BVC
2021-02-03,1359.030000,153.325361,BanRep_serie_6_BVC
2021-02-04,1359.630000,153.393053,BanRep_serie_6_BVC
2021-02-05,1370.460000,154.614890,BanRep_serie_6_BVC
2021-02-08,1383.380000,156.072521,BanRep_serie_6_BVC
2021-02-09,1380.290000,155.723908,BanRep_serie_6_BVC
2021-02-10,1374.200000,155.036836,BanRep_serie_6_BVC
2021-02-11,1367.790000,154.313661,BanRep_serie_6_BVC
2021-02-12,1365.950000,154.106073,BanRep_serie_6_BVC
2021-02-15,1369.390000,154.494173,BanRep_serie_6_BVC
2021-02-16,1363.170000,153.792434,BanRep_serie_6_BVC
2021-02-17,1366.290000,154.144432,BanRep_serie_6_BVC
2021-02-18,1353.680000,152.721775,BanRep_serie_6_BVC
2021-02-19,1352.570000,152.596545,BanRep_serie_6_BVC
2021-02-22,1352.210000,152.555930,BanRep_serie_6_BVC
2021-02-23,1355.240000,152.897774,BanRep_serie_6_BVC
2021-02-24,1370.750000,154.647608,BanRep_serie_6_BVC
2021-02-25,1335.790000,150.703431,BanRep_serie_6_BVC
2021-02-26,1359.480000,153.376130,BanRep_serie_6_BVC
2021-03-01,1355.700000,152.949671,BanRep_serie_6_BVC
2021-03-02,1350.040000,152.311112,BanRep_serie_6_BVC
2021-03-03,1347.220000,151.992960,BanRep_serie_6_BVC
2021-03-04,1337.120000,150.853481,BanRep_serie_6_BVC
2021-03-05,1344.720000,151.710911,BanRep_serie_6_BVC
2021-03-08,1336.980000,150.837686,BanRep_serie_6_BVC
2021-03-09,1341.730000,151.373580,BanRep_serie_6_BVC
2021-03-10,1347.470000,152.021165,BanRep_serie_6_BVC
2021-03-11,1350.350000,152.346086,BanRep_serie_6_BVC
2021-03-12,1353.680000,152.721775,BanRep_serie_6_BVC
2021-03-15,1356.980000,153.094080,BanRep_serie_6_BVC
2021-03-16,1350.140000,152.322394,BanRep_serie_6_BVC
2021-03-17,1343.560000,151.580040,BanRep_serie_6_BVC
2021-03-18,1325.590000,149.552670,BanRep_serie_6_BVC
2021-03-19,1324.540000,149.434209,BanRep_serie_6_BVC
2021-03-23,1319.820000,148.901700,BanRep_serie_6_BVC
2021-03-24,1325.330000,149.523337,BanRep_serie_6_BVC
2021-03-25,1320.110000,148.934418,BanRep_serie_6_BVC
2021-03-26,1314.460000,148.296987,BanRep_serie_6_BVC
2021-03-29,1320.830000,149.015648,BanRep_serie_6_BVC
2021-03-30,1327.320000,149.747848,BanRep_serie_6_BVC
2021-03-31,1316.810000,148.562113,BanRep_serie_6_BVC
2021-04-05,1323.970000,149.369902,BanRep_serie_6_BVC
2021-04-06,1324.350000,149.412773,BanRep_serie_6_BVC
2021-04-07,1335.890000,150.714713,BanRep_serie_6_BVC
2021-04-08,1325.930000,149.591029,BanRep_serie_6_BVC
2021-04-09,1322.110000,149.160057,BanRep_serie_6_BVC
2021-04-12,1317.760000,148.669292,BanRep_serie_6_BVC
2021-04-13,1312.550000,148.081501,BanRep_serie_6_BVC
2021-04-14,1320.960000,149.030315,BanRep_serie_6_BVC
2021-04-15,1321.800000,149.125083,BanRep_serie_6_BVC
2021-04-16,1317.080000,148.592574,BanRep_serie_6_BVC
2021-04-19,1312.620000,148.089398,BanRep_serie_6_BVC
2021-04-20,1311.390000,147.950630,BanRep_serie_6_BVC
2021-04-21,1305.140000,147.245507,BanRep_serie_6_BVC
2021-04-22,1296.070000,146.222232,BanRep_serie_6_BVC
2021-04-23,1282.210000,144.658551,BanRep_serie_6_BVC
2021-04-26,1286.570000,145.150445,BanRep_serie_6_BVC
2021-04-27,1293.150000,145.892799,BanRep_serie_6_BVC
2021-04-28,1286.160000,145.104189,BanRep_serie_6_BVC
2021-04-29,1278.000000,144.183580,BanRep_serie_6_BVC
2021-04-30,1250.650000,141.097961,BanRep_serie_6_BVC
2021-05-03,1216.620000,137.258707,BanRep_serie_6_BVC
2021-05-04,1217.670000,137.377168,BanRep_serie_6_BVC
2021-05-05,1240.040000,139.900944,BanRep_serie_6_BVC
2021-05-06,1266.560000,142.892923,BanRep_serie_6_BVC
2021-05-07,1281.930000,144.626962,BanRep_serie_6_BVC
2021-05-10,1311.730000,147.988989,BanRep_serie_6_BVC
2021-05-11,1292.140000,145.778851,BanRep_serie_6_BVC
2021-05-12,1285.330000,145.010549,BanRep_serie_6_BVC
2021-05-13,1262.290000,142.411183,BanRep_serie_6_BVC
2021-05-14,1289.750000,145.509212,BanRep_serie_6_BVC
2021-05-18,1268.140000,143.071178,BanRep_serie_6_BVC
2021-05-19,1265.640000,142.789129,BanRep_serie_6_BVC
2021-05-20,1254.620000,141.545856,BanRep_serie_6_BVC
2021-05-21,1244.080000,140.356736,BanRep_serie_6_BVC
2021-05-24,1227.680000,138.506493,BanRep_serie_6_BVC
2021-05-25,1203.800000,135.812358,BanRep_serie_6_BVC
2021-05-26,1190.780000,134.343446,BanRep_serie_6_BVC
2021-05-27,1182.180000,133.373196,BanRep_serie_6_BVC
2021-05-28,1206.630000,136.131638,BanRep_serie_6_BVC
2021-05-31,1200.900000,135.485181,BanRep_serie_6_BVC
2021-06-01,1223.180000,137.998804,BanRep_serie_6_BVC
2021-06-02,1247.980000,140.796733,BanRep_serie_6_BVC
2021-06-03,1258.260000,141.956519,BanRep_serie_6_BVC
2021-06-04,1245.440000,140.510171,BanRep_serie_6_BVC
2021-06-08,1258.640000,141.999391,BanRep_serie_6_BVC
2021-06-09,1255.310000,141.623701,BanRep_serie_6_BVC
2021-06-10,1260.210000,142.176518,BanRep_serie_6_BVC
2021-06-11,1261.610000,142.334465,BanRep_serie_6_BVC
2021-06-15,1252.270000,141.280729,BanRep_serie_6_BVC
2021-06-16,1250.780000,141.112628,BanRep_serie_6_BVC
2021-06-17,1248.790000,140.888117,BanRep_serie_6_BVC
2021-06-18,1257.290000,141.847084,BanRep_serie_6_BVC
2021-06-21,1246.440000,140.622990,BanRep_serie_6_BVC
2021-06-22,1242.700000,140.201045,BanRep_serie_6_BVC
2021-06-23,1246.960000,140.681657,BanRep_serie_6_BVC
2021-06-24,1278.810000,144.274964,BanRep_serie_6_BVC
2021-06-25,1284.200000,144.883062,BanRep_serie_6_BVC
2021-06-28,1270.880000,143.380304,BanRep_serie_6_BVC
2021-06-29,1257.000000,141.814366,BanRep_serie_6_BVC
2021-06-30,1248.830000,140.892629,BanRep_serie_6_BVC
2021-07-01,1260.420000,142.200210,BanRep_serie_6_BVC
2021-07-02,1289.380000,145.467468,BanRep_serie_6_BVC
2021-07-06,1272.050000,143.512303,BanRep_serie_6_BVC
2021-07-07,1286.430000,145.134650,BanRep_serie_6_BVC
2021-07-08,1284.040000,144.865011,BanRep_serie_6_BVC
2021-07-09,1293.020000,145.878132,BanRep_serie_6_BVC
2021-07-12,1298.440000,146.489615,BanRep_serie_6_BVC
2021-07-13,1293.760000,145.961619,BanRep_serie_6_BVC
2021-07-14,1284.440000,144.910139,BanRep_serie_6_BVC
2021-07-15,1273.210000,143.643174,BanRep_serie_6_BVC
2021-07-16,1272.490000,143.561944,BanRep_serie_6_BVC
2021-07-19,1238.120000,139.684330,BanRep_serie_6_BVC
2021-07-21,1250.710000,141.104731,BanRep_serie_6_BVC
2021-07-22,1251.870000,141.235601,BanRep_serie_6_BVC
2021-07-23,1254.240000,141.502984,BanRep_serie_6_BVC
2021-07-26,1256.310000,141.736521,BanRep_serie_6_BVC
2021-07-27,1249.610000,140.980629,BanRep_serie_6_BVC
2021-07-28,1243.130000,140.249557,BanRep_serie_6_BVC
2021-07-29,1245.860000,140.557555,BanRep_serie_6_BVC
2021-07-30,1236.730000,139.527511,BanRep_serie_6_BVC
2021-08-02,1236.030000,139.448537,BanRep_serie_6_BVC
2021-08-03,1235.530000,139.392127,BanRep_serie_6_BVC
2021-08-04,1240.840000,139.991200,BanRep_serie_6_BVC
2021-08-05,1227.350000,138.469262,BanRep_serie_6_BVC
2021-08-06,1226.590000,138.383519,BanRep_serie_6_BVC
2021-08-09,1229.440000,138.705055,BanRep_serie_6_BVC
2021-08-10,1236.310000,139.480127,BanRep_serie_6_BVC
2021-08-11,1246.690000,140.651195,BanRep_serie_6_BVC
2021-08-12,1258.530000,141.986981,BanRep_serie_6_BVC
2021-08-13,1268.790000,143.144511,BanRep_serie_6_BVC
2021-08-17,1301.690000,146.856279,BanRep_serie_6_BVC
2021-08-18,1325.930000,149.591029,BanRep_serie_6_BVC
2021-08-19,1329.670000,150.012974,BanRep_serie_6_BVC
2021-08-20,1326.910000,149.701592,BanRep_serie_6_BVC
2021-08-23,1334.480000,150.555637,BanRep_serie_6_BVC
2021-08-24,1328.290000,149.857283,BanRep_serie_6_BVC
2021-08-25,1329.790000,150.026513,BanRep_serie_6_BVC
2021-08-26,1313.990000,148.243961,BanRep_serie_6_BVC
2021-08-27,1325.510000,149.543644,BanRep_serie_6_BVC
2021-08-30,1322.570000,149.211954,BanRep_serie_6_BVC
2021-08-31,1319.960000,148.917495,BanRep_serie_6_BVC
2021-09-01,1321.270000,149.065289,BanRep_serie_6_BVC
2021-09-02,1331.900000,150.264562,BanRep_serie_6_BVC
2021-09-03,1327.470000,149.764771,BanRep_serie_6_BVC
2021-09-06,1327.090000,149.721899,BanRep_serie_6_BVC
2021-09-07,1320.980000,149.032571,BanRep_serie_6_BVC
2021-09-08,1320.390000,148.966007,BanRep_serie_6_BVC
2021-09-09,1322.780000,149.235647,BanRep_serie_6_BVC
2021-09-10,1320.520000,148.980674,BanRep_serie_6_BVC
2021-09-13,1312.430000,148.067963,BanRep_serie_6_BVC
2021-09-14,1310.220000,147.818631,BanRep_serie_6_BVC
2021-09-15,1322.140000,149.163442,BanRep_serie_6_BVC
2021-09-16,1323.370000,149.302210,BanRep_serie_6_BVC
2021-09-17,1321.850000,149.130724,BanRep_serie_6_BVC
2021-09-20,1306.620000,147.412480,BanRep_serie_6_BVC
2021-09-21,1301.460000,146.830330,BanRep_serie_6_BVC
2021-09-22,1310.250000,147.822016,BanRep_serie_6_BVC
2021-09-23,1312.220000,148.044270,BanRep_serie_6_BVC
2021-09-24,1309.380000,147.723862,BanRep_serie_6_BVC
2021-09-27,1345.400000,151.787628,BanRep_serie_6_BVC
2021-09-28,1350.530000,152.366393,BanRep_serie_6_BVC
2021-09-29,1360.410000,153.481052,BanRep_serie_6_BVC
2021-09-30,1361.950000,153.654794,BanRep_serie_6_BVC
2021-10-01,1370.250000,154.591198,BanRep_serie_6_BVC
2021-10-04,1381.760000,155.889753,BanRep_serie_6_BVC
2021-10-05,1383.220000,156.054469,BanRep_serie_6_BVC
2021-10-06,1381.860000,155.901035,BanRep_serie_6_BVC
2021-10-07,1393.500000,157.214256,BanRep_serie_6_BVC
2021-10-08,1401.000000,158.060404,BanRep_serie_6_BVC
2021-10-11,1406.250000,158.652707,BanRep_serie_6_BVC
2021-10-12,1386.450000,156.418877,BanRep_serie_6_BVC
2021-10-13,1394.220000,157.295486,BanRep_serie_6_BVC
2021-10-14,1416.680000,159.829417,BanRep_serie_6_BVC
2021-10-15,1426.200000,160.903460,BanRep_serie_6_BVC
2021-10-19,1416.490000,159.807981,BanRep_serie_6_BVC
2021-10-20,1414.100000,159.538342,BanRep_serie_6_BVC
2021-10-21,1410.200000,159.098345,BanRep_serie_6_BVC
2021-10-22,1399.640000,157.906969,BanRep_serie_6_BVC
2021-10-25,1402.040000,158.177736,BanRep_serie_6_BVC
2021-10-26,1413.320000,159.450342,BanRep_serie_6_BVC
2021-10-27,1404.090000,158.409017,BanRep_serie_6_BVC
2021-10-28,1407.920000,158.841116,BanRep_serie_6_BVC
2021-10-29,1394.040000,157.275179,BanRep_serie_6_BVC
2021-11-02,1390.500000,156.875797,BanRep_serie_6_BVC
2021-11-03,1404.520000,158.457529,BanRep_serie_6_BVC
2021-11-04,1392.190000,157.066462,BanRep_serie_6_BVC
2021-11-05,1388.560000,156.656927,BanRep_serie_6_BVC
2021-11-08,1394.230000,157.296614,BanRep_serie_6_BVC
2021-11-09,1384.590000,156.209032,BanRep_serie_6_BVC
2021-11-10,1365.650000,154.072227,BanRep_serie_6_BVC
2021-11-11,1365.840000,154.093663,BanRep_serie_6_BVC
2021-11-12,1356.480000,153.037670,BanRep_serie_6_BVC
2021-11-16,1333.470000,150.441689,BanRep_serie_6_BVC
2021-11-17,1330.570000,150.114512,BanRep_serie_6_BVC
2021-11-18,1337.520000,150.898609,BanRep_serie_6_BVC
2021-11-19,1298.640000,146.512179,BanRep_serie_6_BVC
2021-11-22,1312.180000,148.039758,BanRep_serie_6_BVC
2021-11-23,1316.430000,148.519241,BanRep_serie_6_BVC
2021-11-24,1330.180000,150.070512,BanRep_serie_6_BVC
2021-11-25,1338.850000,151.048659,BanRep_serie_6_BVC
2021-11-26,1318.310000,148.731342,BanRep_serie_6_BVC
2021-11-29,1347.450000,152.018909,BanRep_serie_6_BVC
2021-11-30,1373.840000,154.996221,BanRep_serie_6_BVC
2021-12-01,1418.240000,160.005415,BanRep_serie_6_BVC
2021-12-02,1431.290000,161.477712,BanRep_serie_6_BVC
2021-12-03,1431.940000,161.551045,BanRep_serie_6_BVC
2021-12-06,1430.660000,161.406636,BanRep_serie_6_BVC
2021-12-07,1409.940000,159.069012,BanRep_serie_6_BVC
2021-12-09,1399.150000,157.851687,BanRep_serie_6_BVC
2021-12-10,1389.160000,156.724618,BanRep_serie_6_BVC
2021-12-13,1353.910000,152.747724,BanRep_serie_6_BVC
2021-12-14,1358.800000,153.299412,BanRep_serie_6_BVC
2021-12-15,1375.200000,155.149655,BanRep_serie_6_BVC
2021-12-16,1407.880000,158.836603,BanRep_serie_6_BVC
2021-12-17,1395.000000,157.383485,BanRep_serie_6_BVC
2021-12-20,1380.890000,155.791599,BanRep_serie_6_BVC
2021-12-21,1378.820000,155.558063,BanRep_serie_6_BVC
2021-12-22,1394.490000,157.325947,BanRep_serie_6_BVC
2021-12-23,1395.460000,157.435383,BanRep_serie_6_BVC
2021-12-24,1401.660000,158.134865,BanRep_serie_6_BVC
2021-12-27,1404.620000,158.468811,BanRep_serie_6_BVC
2021-12-28,1408.200000,158.872706,BanRep_serie_6_BVC
2021-12-29,1415.790000,159.729007,BanRep_serie_6_BVC
2021-12-30,1410.970000,159.185216,BanRep_serie_6_BVC
2022-01-03,1415.060000,159.646649,BanRep_serie_6_BVC
2022-01-04,1423.880000,160.641718,BanRep_serie_6_BVC
2022-01-05,1402.400000,158.218351,BanRep_serie_6_BVC
2022-01-06,1381.740000,155.887496,BanRep_serie_6_BVC
2022-01-07,1394.220000,157.295486,BanRep_serie_6_BVC
2022-01-11,1422.570000,160.493925,BanRep_serie_6_BVC
2022-01-12,1450.750000,163.673184,BanRep_serie_6_BVC
2022-01-13,1466.670000,165.469274,BanRep_serie_6_BVC
2022-01-14,1431.840000,161.539763,BanRep_serie_6_BVC
2022-01-17,1522.210000,171.735280,BanRep_serie_6_BVC
2022-01-18,1585.230000,178.845178,BanRep_serie_6_BVC
2022-01-19,1582.840000,178.575538,BanRep_serie_6_BVC
2022-01-20,1547.470000,174.585106,BanRep_serie_6_BVC
2022-01-21,1523.560000,171.887586,BanRep_serie_6_BVC
2022-01-24,1522.120000,171.725126,BanRep_serie_6_BVC
2022-01-25,1527.480000,172.329840,BanRep_serie_6_BVC
2022-01-26,1522.260000,171.740921,BanRep_serie_6_BVC
2022-01-27,1520.630000,171.557025,BanRep_serie_6_BVC
2022-01-28,1529.850000,172.597222,BanRep_serie_6_BVC
2022-01-31,1536.920000,173.394858,BanRep_serie_6_BVC
2022-02-01,1538.020000,173.518959,BanRep_serie_6_BVC
2022-02-02,1529.530000,172.561120,BanRep_serie_6_BVC
2022-02-03,1516.270000,171.065131,BanRep_serie_6_BVC
2022-02-04,1522.410000,171.757844,BanRep_serie_6_BVC
2022-02-07,1533.510000,173.010142,BanRep_serie_6_BVC
2022-02-08,1523.730000,171.906766,BanRep_serie_6_BVC
2022-02-09,1508.710000,170.212214,BanRep_serie_6_BVC
2022-02-10,1475.280000,166.440651,BanRep_serie_6_BVC
2022-02-11,1492.800000,168.417252,BanRep_serie_6_BVC
2022-02-14,1480.770000,167.060031,BanRep_serie_6_BVC
2022-02-15,1487.190000,167.784334,BanRep_serie_6_BVC
2022-02-16,1502.690000,169.533039,BanRep_serie_6_BVC
2022-02-17,1503.000000,169.568013,BanRep_serie_6_BVC
2022-02-18,1493.880000,168.539098,BanRep_serie_6_BVC
2022-02-21,1495.040000,168.669969,BanRep_serie_6_BVC
2022-02-22,1492.490000,168.382278,BanRep_serie_6_BVC
2022-02-23,1509.880000,170.344213,BanRep_serie_6_BVC
2022-02-24,1509.550000,170.306982,BanRep_serie_6_BVC
2022-02-25,1516.240000,171.061746,BanRep_serie_6_BVC
2022-02-28,1527.750000,172.360301,BanRep_serie_6_BVC
2022-03-01,1538.570000,173.581010,BanRep_serie_6_BVC
2022-03-02,1530.300000,172.647991,BanRep_serie_6_BVC
2022-03-03,1534.450000,173.116193,BanRep_serie_6_BVC
2022-03-04,1542.130000,173.982648,BanRep_serie_6_BVC
2022-03-07,1538.270000,173.547164,BanRep_serie_6_BVC
2022-03-08,1535.280000,173.209833,BanRep_serie_6_BVC
2022-03-09,1537.520000,173.462549,BanRep_serie_6_BVC
2022-03-10,1543.260000,174.110135,BanRep_serie_6_BVC
2022-03-11,1548.460000,174.696797,BanRep_serie_6_BVC
2022-03-14,1517.850000,171.243386,BanRep_serie_6_BVC
2022-03-15,1522.190000,171.733023,BanRep_serie_6_BVC
2022-03-16,1528.120000,172.402044,BanRep_serie_6_BVC
2022-03-17,1542.970000,174.077417,BanRep_serie_6_BVC
2022-03-18,1539.700000,173.708496,BanRep_serie_6_BVC
2022-03-22,1555.860000,175.531663,BanRep_serie_6_BVC
2022-03-23,1587.400000,179.089996,BanRep_serie_6_BVC
2022-03-24,1593.500000,179.778196,BanRep_serie_6_BVC
2022-03-25,1606.880000,181.287724,BanRep_serie_6_BVC
2022-03-28,1598.580000,180.351321,BanRep_serie_6_BVC
2022-03-29,1599.180000,180.419012,BanRep_serie_6_BVC
2022-03-30,1601.350000,180.663831,BanRep_serie_6_BVC
2022-03-31,1616.080000,182.325665,BanRep_serie_6_BVC
2022-04-01,1626.890000,183.545246,BanRep_serie_6_BVC
2022-04-04,1618.390000,182.586279,BanRep_serie_6_BVC
2022-04-05,1633.950000,184.341753,BanRep_serie_6_BVC
2022-04-06,1626.100000,183.456119,BanRep_serie_6_BVC
2022-04-07,1628.850000,183.766373,BanRep_serie_6_BVC
2022-04-08,1625.530000,183.391812,BanRep_serie_6_BVC
2022-04-11,1630.890000,183.996525,BanRep_serie_6_BVC
2022-04-12,1626.170000,183.464016,BanRep_serie_6_BVC
2022-04-13,1615.120000,182.217358,BanRep_serie_6_BVC
2022-04-18,1603.800000,180.940239,BanRep_serie_6_BVC
2022-04-19,1603.600000,180.917675,BanRep_serie_6_BVC
2022-04-20,1635.710000,184.540316,BanRep_serie_6_BVC
2022-04-21,1616.870000,182.414793,BanRep_serie_6_BVC
2022-04-22,1614.750000,182.175615,BanRep_serie_6_BVC
2022-04-25,1576.060000,177.810621,BanRep_serie_6_BVC
2022-04-26,1575.370000,177.732775,BanRep_serie_6_BVC
2022-04-27,1586.260000,178.961382,BanRep_serie_6_BVC
2022-04-28,1592.990000,179.720658,BanRep_serie_6_BVC
2022-04-29,1562.460000,176.276273,BanRep_serie_6_BVC
2022-05-02,1582.670000,178.556359,BanRep_serie_6_BVC
2022-05-03,1593.360000,179.762402,BanRep_serie_6_BVC
2022-05-04,1613.720000,182.059411,BanRep_serie_6_BVC
2022-05-05,1581.650000,178.441283,BanRep_serie_6_BVC
2022-05-06,1556.150000,175.564381,BanRep_serie_6_BVC
2022-05-09,1511.390000,170.514571,BanRep_serie_6_BVC
2022-05-10,1511.730000,170.552929,BanRep_serie_6_BVC
2022-05-11,1509.000000,170.244932,BanRep_serie_6_BVC
2022-05-12,1505.800000,169.883909,BanRep_serie_6_BVC
2022-05-13,1512.120000,170.596929,BanRep_serie_6_BVC
2022-05-16,1517.190000,171.168925,BanRep_serie_6_BVC
2022-05-17,1506.320000,169.942575,BanRep_serie_6_BVC
2022-05-18,1465.190000,165.302300,BanRep_serie_6_BVC
2022-05-19,1411.110000,159.201011,BanRep_serie_6_BVC
2022-05-20,1459.250000,164.632151,BanRep_serie_6_BVC
2022-05-23,1482.800000,167.289055,BanRep_serie_6_BVC
2022-05-24,1482.770000,167.285671,BanRep_serie_6_BVC
2022-05-25,1491.480000,168.268330,BanRep_serie_6_BVC
2022-05-26,1508.620000,170.202060,BanRep_serie_6_BVC
2022-05-27,1532.310000,172.874759,BanRep_serie_6_BVC
2022-05-31,1603.230000,180.875932,BanRep_serie_6_BVC
2022-06-01,1604.540000,181.023726,BanRep_serie_6_BVC
2022-06-02,1610.210000,181.663414,BanRep_serie_6_BVC
2022-06-03,1614.090000,182.101154,BanRep_serie_6_BVC
2022-06-06,1608.210000,181.437774,BanRep_serie_6_BVC
2022-06-07,1587.070000,179.052766,BanRep_serie_6_BVC
2022-06-08,1560.760000,176.084479,BanRep_serie_6_BVC
2022-06-09,1526.790000,172.251994,BanRep_serie_6_BVC
2022-06-10,1530.730000,172.696504,BanRep_serie_6_BVC
2022-06-13,1484.580000,167.489874,BanRep_serie_6_BVC
2022-06-14,1501.180000,169.362681,BanRep_serie_6_BVC
2022-06-15,1463.550000,165.117276,BanRep_serie_6_BVC
2022-06-16,1473.190000,166.204858,BanRep_serie_6_BVC
2022-06-17,1454.020000,164.042104,BanRep_serie_6_BVC
2022-06-21,1398.420000,157.769329,BanRep_serie_6_BVC
2022-06-22,1372.200000,154.811196,BanRep_serie_6_BVC
2022-06-23,1338.830000,151.046403,BanRep_serie_6_BVC
2022-06-24,1365.960000,154.107201,BanRep_serie_6_BVC
2022-06-28,1381.090000,155.814163,BanRep_serie_6_BVC
2022-06-29,1346.880000,151.954601,BanRep_serie_6_BVC
2022-06-30,1322.880000,149.246928,BanRep_serie_6_BVC
2022-07-01,1357.980000,153.206900,BanRep_serie_6_BVC
2022-07-05,1333.690000,150.466509,BanRep_serie_6_BVC
2022-07-06,1336.490000,150.782405,BanRep_serie_6_BVC
2022-07-07,1350.260000,152.335932,BanRep_serie_6_BVC
2022-07-08,1354.920000,152.861672,BanRep_serie_6_BVC
2022-07-11,1344.650000,151.703013,BanRep_serie_6_BVC
2022-07-12,1347.880000,152.067421,BanRep_serie_6_BVC
2022-07-13,1319.290000,148.841906,BanRep_serie_6_BVC
2022-07-14,1272.510000,143.564200,BanRep_serie_6_BVC
2022-07-15,1274.190000,143.753737,BanRep_serie_6_BVC
2022-07-18,1281.710000,144.602141,BanRep_serie_6_BVC
2022-07-19,1303.010000,147.005201,BanRep_serie_6_BVC
2022-07-21,1291.550000,145.712287,BanRep_serie_6_BVC
2022-07-22,1259.800000,142.130262,BanRep_serie_6_BVC
2022-07-25,1289.890000,145.525006,BanRep_serie_6_BVC
2022-07-26,1294.820000,146.081208,BanRep_serie_6_BVC
2022-07-27,1300.170000,146.684793,BanRep_serie_6_BVC
2022-07-28,1320.200000,148.944572,BanRep_serie_6_BVC
2022-07-29,1295.960000,146.209822,BanRep_serie_6_BVC
2022-08-01,1272.100000,143.517944,BanRep_serie_6_BVC
2022-08-02,1281.280000,144.553629,BanRep_serie_6_BVC
2022-08-03,1279.200000,144.318964,BanRep_serie_6_BVC
2022-08-04,1281.450000,144.572808,BanRep_serie_6_BVC
2022-08-05,1300.090000,146.675767,BanRep_serie_6_BVC
2022-08-08,1333.070000,150.396561,BanRep_serie_6_BVC
2022-08-09,1322.080000,149.156673,BanRep_serie_6_BVC
2022-08-10,1314.080000,148.254115,BanRep_serie_6_BVC
2022-08-11,1324.480000,149.427440,BanRep_serie_6_BVC
2022-08-12,1330.820000,150.142717,BanRep_serie_6_BVC
2022-08-16,1321.380000,149.077699,BanRep_serie_6_BVC
2022-08-17,1323.220000,149.285287,BanRep_serie_6_BVC
2022-08-18,1324.120000,149.386825,BanRep_serie_6_BVC
2022-08-19,1307.780000,147.543351,BanRep_serie_6_BVC
2022-08-22,1293.270000,145.906337,BanRep_serie_6_BVC
2022-08-23,1289.540000,145.485520,BanRep_serie_6_BVC
2022-08-24,1291.980000,145.760800,BanRep_serie_6_BVC
2022-08-25,1304.360000,147.157508,BanRep_serie_6_BVC
2022-08-26,1298.840000,146.534743,BanRep_serie_6_BVC
2022-08-29,1289.860000,145.521622,BanRep_serie_6_BVC
2022-08-30,1270.290000,143.313740,BanRep_serie_6_BVC
2022-08-31,1228.330000,138.579826,BanRep_serie_6_BVC
2022-09-01,1224.000000,138.091316,BanRep_serie_6_BVC
2022-09-02,1232.910000,139.096540,BanRep_serie_6_BVC
2022-09-05,1236.740000,139.528639,BanRep_serie_6_BVC
2022-09-06,1227.080000,138.438801,BanRep_serie_6_BVC
2022-09-07,1210.300000,136.545686,BanRep_serie_6_BVC
2022-09-08,1202.960000,135.717590,BanRep_serie_6_BVC
2022-09-09,1222.510000,137.923215,BanRep_serie_6_BVC
2022-09-12,1235.540000,139.393256,BanRep_serie_6_BVC
2022-09-13,1228.090000,138.552749,BanRep_serie_6_BVC
2022-09-14,1218.760000,137.500141,BanRep_serie_6_BVC
2022-09-15,1213.700000,136.929273,BanRep_serie_6_BVC
2022-09-16,1209.580000,136.464456,BanRep_serie_6_BVC
2022-09-19,1205.450000,135.998511,BanRep_serie_6_BVC
2022-09-20,1194.830000,134.800366,BanRep_serie_6_BVC
2022-09-21,1197.750000,135.129799,BanRep_serie_6_BVC
2022-09-22,1201.610000,135.565283,BanRep_serie_6_BVC
2022-09-23,1157.270000,130.562857,BanRep_serie_6_BVC
2022-09-26,1112.840000,125.550278,BanRep_serie_6_BVC
2022-09-27,1123.810000,126.787910,BanRep_serie_6_BVC
2022-09-28,1130.350000,127.525751,BanRep_serie_6_BVC
2022-09-29,1135.780000,128.138362,BanRep_serie_6_BVC
2022-09-30,1128.240000,127.287702,BanRep_serie_6_BVC
2022-10-03,1145.380000,129.221431,BanRep_serie_6_BVC
2022-10-04,1197.440000,135.094825,BanRep_serie_6_BVC
2022-10-05,1215.360000,137.116554,BanRep_serie_6_BVC
2022-10-06,1218.150000,137.431321,BanRep_serie_6_BVC
2022-10-07,1209.100000,136.410303,BanRep_serie_6_BVC
2022-10-10,1198.830000,135.251644,BanRep_serie_6_BVC
2022-10-11,1180.900000,133.228787,BanRep_serie_6_BVC
2022-10-12,1176.640000,132.748175,BanRep_serie_6_BVC
2022-10-13,1177.650000,132.862123,BanRep_serie_6_BVC
2022-10-14,1168.320000,131.809515,BanRep_serie_6_BVC
2022-10-18,1188.740000,134.113294,BanRep_serie_6_BVC
2022-10-19,1197.400000,135.090312,BanRep_serie_6_BVC
2022-10-20,1222.630000,137.936753,BanRep_serie_6_BVC
2022-10-21,1231.640000,138.953259,BanRep_serie_6_BVC
2022-10-24,1195.680000,134.896262,BanRep_serie_6_BVC
2022-10-25,1209.120000,136.412559,BanRep_serie_6_BVC
2022-10-26,1202.000000,135.609283,BanRep_serie_6_BVC
2022-10-27,1211.760000,136.710403,BanRep_serie_6_BVC
2022-10-28,1219.690000,137.605063,BanRep_serie_6_BVC
2022-10-31,1231.520000,138.939720,BanRep_serie_6_BVC
2022-11-01,1254.390000,141.519907,BanRep_serie_6_BVC
2022-11-02,1245.100000,140.471812,BanRep_serie_6_BVC
2022-11-03,1215.510000,137.133477,BanRep_serie_6_BVC
2022-11-04,1244.240000,140.374787,BanRep_serie_6_BVC
2022-11-08,1252.670000,141.325857,BanRep_serie_6_BVC
2022-11-09,1249.550000,140.973860,BanRep_serie_6_BVC
2022-11-10,1278.260000,144.212913,BanRep_serie_6_BVC
2022-11-11,1266.560000,142.892923,BanRep_serie_6_BVC
2022-11-15,1285.290000,145.006036,BanRep_serie_6_BVC
2022-11-16,1279.000000,144.296400,BanRep_serie_6_BVC
2022-11-17,1295.810000,146.192899,BanRep_serie_6_BVC
2022-11-18,1282.680000,144.711576,BanRep_serie_6_BVC
2022-11-21,1231.540000,138.941977,BanRep_serie_6_BVC
2022-11-22,1255.820000,141.681239,BanRep_serie_6_BVC
2022-11-23,1266.000000,142.829744,BanRep_serie_6_BVC
2022-11-24,1267.930000,143.047486,BanRep_serie_6_BVC
2022-11-25,1266.250000,142.857949,BanRep_serie_6_BVC
2022-11-28,1240.990000,140.008123,BanRep_serie_6_BVC
2022-11-29,1248.360000,140.839604,BanRep_serie_6_BVC
2022-11-30,1242.630000,140.193147,BanRep_serie_6_BVC
2022-12-01,1235.450000,139.383102,BanRep_serie_6_BVC
2022-12-02,1240.930000,140.001354,BanRep_serie_6_BVC
2022-12-05,1217.680000,137.378296,BanRep_serie_6_BVC
2022-12-06,1236.590000,139.511716,BanRep_serie_6_BVC
2022-12-07,1229.650000,138.728748,BanRep_serie_6_BVC
2022-12-09,1236.180000,139.465460,BanRep_serie_6_BVC
2022-12-12,1226.870000,138.415109,BanRep_serie_6_BVC
2022-12-13,1229.690000,138.733260,BanRep_serie_6_BVC
2022-12-14,1230.370000,138.809978,BanRep_serie_6_BVC
2022-12-15,1222.460000,137.917574,BanRep_serie_6_BVC
2022-12-16,1211.590000,136.691224,BanRep_serie_6_BVC
2022-12-19,1215.440000,137.125580,BanRep_serie_6_BVC
2022-12-20,1227.620000,138.499724,BanRep_serie_6_BVC
2022-12-21,1249.840000,141.006577,BanRep_serie_6_BVC
2022-12-22,1227.570000,138.494083,BanRep_serie_6_BVC
2022-12-23,1252.680000,141.326985,BanRep_serie_6_BVC
2022-12-26,1247.560000,140.749348,BanRep_serie_6_BVC
2022-12-27,1260.550000,142.214876,BanRep_serie_6_BVC
2022-12-28,1266.520000,142.888410,BanRep_serie_6_BVC
2022-12-29,1286.070000,145.094035,BanRep_serie_6_BVC
2023-01-02,1283.870000,144.845832,BanRep_serie_6_BVC
2023-01-03,1269.560000,143.231382,BanRep_serie_6_BVC
2023-01-04,1291.800000,145.740492,BanRep_serie_6_BVC
2023-01-05,1318.740000,148.779855,BanRep_serie_6_BVC
2023-01-06,1326.740000,149.682413,BanRep_serie_6_BVC
2023-01-10,1334.690000,150.579329,BanRep_serie_6_BVC
2023-01-11,1342.910000,151.506707,BanRep_serie_6_BVC
2023-01-12,1336.650000,150.800456,BanRep_serie_6_BVC
2023-01-13,1337.440000,150.889583,BanRep_serie_6_BVC
2023-01-16,1335.150000,150.631226,BanRep_serie_6_BVC
2023-01-17,1333.860000,150.485689,BanRep_serie_6_BVC
2023-01-18,1337.890000,150.940352,BanRep_serie_6_BVC
2023-01-19,1332.500000,150.332254,BanRep_serie_6_BVC
2023-01-20,1337.400000,150.885071,BanRep_serie_6_BVC
2023-01-23,1331.770000,150.249896,BanRep_serie_6_BVC
2023-01-24,1310.500000,147.850221,BanRep_serie_6_BVC
2023-01-25,1301.280000,146.810023,BanRep_serie_6_BVC
2023-01-26,1301.900000,146.879971,BanRep_serie_6_BVC
2023-01-27,1285.890000,145.073728,BanRep_serie_6_BVC
2023-01-30,1280.220000,144.434040,BanRep_serie_6_BVC
2023-01-31,1290.110000,145.549827,BanRep_serie_6_BVC
2023-02-01,1268.480000,143.109537,BanRep_serie_6_BVC
2023-02-02,1260.100000,142.164108,BanRep_serie_6_BVC
2023-02-03,1263.250000,142.519490,BanRep_serie_6_BVC
2023-02-06,1268.490000,143.110665,BanRep_serie_6_BVC
2023-02-07,1270.090000,143.291176,BanRep_serie_6_BVC
2023-02-08,1264.100000,142.615386,BanRep_serie_6_BVC
2023-02-09,1245.630000,140.531606,BanRep_serie_6_BVC
2023-02-10,1245.650000,140.533863,BanRep_serie_6_BVC
2023-02-13,1240.180000,139.916739,BanRep_serie_6_BVC
2023-02-14,1222.740000,137.949163,BanRep_serie_6_BVC
2023-02-15,1219.440000,137.576858,BanRep_serie_6_BVC
2023-02-16,1226.340000,138.355314,BanRep_serie_6_BVC
2023-02-17,1209.860000,136.496046,BanRep_serie_6_BVC
2023-02-20,1210.920000,136.615635,BanRep_serie_6_BVC
2023-02-21,1198.140000,135.173799,BanRep_serie_6_BVC
2023-02-22,1187.550000,133.979038,BanRep_serie_6_BVC
2023-02-23,1192.240000,134.508163,BanRep_serie_6_BVC
2023-02-24,1193.540000,134.654828,BanRep_serie_6_BVC
2023-02-27,1206.220000,136.085382,BanRep_serie_6_BVC
2023-02-28,1187.560000,133.980166,BanRep_serie_6_BVC
2023-03-01,1198.890000,135.258414,BanRep_serie_6_BVC
2023-03-02,1189.090000,134.152780,BanRep_serie_6_BVC
2023-03-03,1214.550000,137.025170,BanRep_serie_6_BVC
2023-03-06,1235.670000,139.407922,BanRep_serie_6_BVC
2023-03-07,1236.750000,139.529767,BanRep_serie_6_BVC
2023-03-08,1241.440000,140.058892,BanRep_serie_6_BVC
2023-03-09,1210.680000,136.588558,BanRep_serie_6_BVC
2023-03-10,1187.270000,133.947449,BanRep_serie_6_BVC
2023-03-13,1154.070000,130.201834,BanRep_serie_6_BVC
2023-03-14,1156.170000,130.438756,BanRep_serie_6_BVC
2023-03-15,1111.750000,125.427305,BanRep_serie_6_BVC
2023-03-16,1118.430000,126.180940,BanRep_serie_6_BVC
2023-03-17,1110.390000,125.273870,BanRep_serie_6_BVC
2023-03-21,1129.630000,127.444521,BanRep_serie_6_BVC
2023-03-22,1121.240000,126.497964,BanRep_serie_6_BVC
2023-03-23,1115.540000,125.854891,BanRep_serie_6_BVC
2023-03-24,1106.240000,124.805668,BanRep_serie_6_BVC
2023-03-27,1118.200000,126.154992,BanRep_serie_6_BVC
2023-03-28,1117.410000,126.065864,BanRep_serie_6_BVC
2023-03-29,1119.620000,126.315196,BanRep_serie_6_BVC
2023-03-30,1146.360000,129.331995,BanRep_serie_6_BVC
2023-03-31,1157.590000,130.598960,BanRep_serie_6_BVC
2023-04-03,1183.200000,133.488272,BanRep_serie_6_BVC
2023-04-04,1178.510000,132.959148,BanRep_serie_6_BVC
2023-04-05,1193.570000,134.658213,BanRep_serie_6_BVC
2023-04-10,1200.340000,135.422002,BanRep_serie_6_BVC
2023-04-11,1221.420000,137.800241,BanRep_serie_6_BVC
2023-04-12,1232.200000,139.016438,BanRep_serie_6_BVC
2023-04-13,1240.270000,139.926893,BanRep_serie_6_BVC
2023-04-14,1253.290000,141.395805,BanRep_serie_6_BVC
2023-04-17,1257.240000,141.841443,BanRep_serie_6_BVC
2023-04-18,1255.160000,141.606778,BanRep_serie_6_BVC
2023-04-19,1247.970000,140.795605,BanRep_serie_6_BVC
2023-04-20,1244.770000,140.434581,BanRep_serie_6_BVC
2023-04-21,1215.940000,137.181989,BanRep_serie_6_BVC
2023-04-24,1225.260000,138.233469,BanRep_serie_6_BVC
2023-04-25,1197.650000,135.118517,BanRep_serie_6_BVC
2023-04-26,1185.600000,133.759040,BanRep_serie_6_BVC
2023-04-27,1167.510000,131.718131,BanRep_serie_6_BVC
2023-04-28,1198.810000,135.249388,BanRep_serie_6_BVC
2023-05-02,1157.990000,130.644088,BanRep_serie_6_BVC
2023-05-03,1158.680000,130.721933,BanRep_serie_6_BVC
2023-05-04,1158.600000,130.712908,BanRep_serie_6_BVC
2023-05-05,1164.180000,131.342442,BanRep_serie_6_BVC
2023-05-08,1157.440000,130.582037,BanRep_serie_6_BVC
2023-05-09,1159.530000,130.817830,BanRep_serie_6_BVC
2023-05-10,1160.150000,130.887778,BanRep_serie_6_BVC
2023-05-11,1143.420000,129.000305,BanRep_serie_6_BVC
2023-05-12,1159.120000,130.771574,BanRep_serie_6_BVC
2023-05-15,1148.130000,129.531685,BanRep_serie_6_BVC
2023-05-16,1137.650000,128.349335,BanRep_serie_6_BVC
2023-05-17,1134.230000,127.963492,BanRep_serie_6_BVC
2023-05-18,1136.760000,128.248925,BanRep_serie_6_BVC
2023-05-19,1123.900000,126.798064,BanRep_serie_6_BVC
2023-05-23,1122.650000,126.657039,BanRep_serie_6_BVC
2023-05-24,1110.710000,125.309972,BanRep_serie_6_BVC
2023-05-25,1098.600000,123.943726,BanRep_serie_6_BVC
2023-05-26,1100.970000,124.211108,BanRep_serie_6_BVC
2023-05-29,1101.470000,124.267518,BanRep_serie_6_BVC
2023-05-30,1092.640000,123.271320,BanRep_serie_6_BVC
2023-05-31,1099.030000,123.992238,BanRep_serie_6_BVC
2023-06-01,1117.930000,126.124530,BanRep_serie_6_BVC
2023-06-02,1147.970000,129.513634,BanRep_serie_6_BVC
2023-06-05,1151.720000,129.936708,BanRep_serie_6_BVC
2023-06-06,1193.830000,134.687546,BanRep_serie_6_BVC
2023-06-07,1199.680000,135.347541,BanRep_serie_6_BVC
2023-06-08,1190.760000,134.341189,BanRep_serie_6_BVC
2023-06-09,1183.970000,133.575144,BanRep_serie_6_BVC
2023-06-13,1185.360000,133.731963,BanRep_serie_6_BVC
2023-06-14,1178.280000,132.933199,BanRep_serie_6_BVC
2023-06-15,1178.540000,132.962533,BanRep_serie_6_BVC
2023-06-16,1173.900000,132.439049,BanRep_serie_6_BVC
2023-06-20,1161.070000,130.991572,BanRep_serie_6_BVC
2023-06-21,1151.830000,129.949118,BanRep_serie_6_BVC
2023-06-22,1141.670000,128.802870,BanRep_serie_6_BVC
2023-06-23,1133.540000,127.885646,BanRep_serie_6_BVC
2023-06-26,1138.450000,128.439591,BanRep_serie_6_BVC
2023-06-27,1129.510000,127.430983,BanRep_serie_6_BVC
2023-06-28,1127.370000,127.189548,BanRep_serie_6_BVC
2023-06-29,1130.930000,127.591187,BanRep_serie_6_BVC
2023-06-30,1133.600000,127.892415,BanRep_serie_6_BVC
2023-07-04,1134.270000,127.968004,BanRep_serie_6_BVC
2023-07-05,1121.710000,126.550989,BanRep_serie_6_BVC
2023-07-06,1115.020000,125.796225,BanRep_serie_6_BVC
2023-07-07,1133.110000,127.837133,BanRep_serie_6_BVC
2023-07-10,1130.840000,127.581033,BanRep_serie_6_BVC
2023-07-11,1147.860000,129.501224,BanRep_serie_6_BVC
2023-07-12,1162.390000,131.140494,BanRep_serie_6_BVC
2023-07-13,1173.360000,132.378127,BanRep_serie_6_BVC
2023-07-14,1164.200000,131.344698,BanRep_serie_6_BVC
2023-07-17,1160.140000,130.886650,BanRep_serie_6_BVC
2023-07-18,1169.790000,131.975360,BanRep_serie_6_BVC
2023-07-19,1173.750000,132.422126,BanRep_serie_6_BVC
2023-07-21,1172.850000,132.320588,BanRep_serie_6_BVC
2023-07-24,1172.410000,132.270948,BanRep_serie_6_BVC
2023-07-25,1171.240000,132.138949,BanRep_serie_6_BVC
2023-07-26,1164.320000,131.358236,BanRep_serie_6_BVC
2023-07-27,1166.840000,131.642542,BanRep_serie_6_BVC
2023-07-28,1161.830000,131.077315,BanRep_serie_6_BVC
2023-07-31,1174.700000,132.529305,BanRep_serie_6_BVC
2023-08-01,1178.850000,132.997507,BanRep_serie_6_BVC
2023-08-02,1160.900000,130.972393,BanRep_serie_6_BVC
2023-08-03,1173.890000,132.437921,BanRep_serie_6_BVC
2023-08-04,1170.230000,132.025001,BanRep_serie_6_BVC
2023-08-08,1173.400000,132.382639,BanRep_serie_6_BVC
2023-08-09,1166.070000,131.555671,BanRep_serie_6_BVC
2023-08-10,1152.820000,130.060810,BanRep_serie_6_BVC
2023-08-11,1147.500000,129.460609,BanRep_serie_6_BVC
2023-08-14,1145.530000,129.238354,BanRep_serie_6_BVC
2023-08-15,1130.140000,127.502059,BanRep_serie_6_BVC
2023-08-16,1143.550000,129.014971,BanRep_serie_6_BVC
2023-08-17,1134.990000,128.049235,BanRep_serie_6_BVC
2023-08-18,1132.660000,127.786365,BanRep_serie_6_BVC
2023-08-22,1115.740000,125.877455,BanRep_serie_6_BVC
2023-08-23,1099.550000,124.050904,BanRep_serie_6_BVC
2023-08-24,1101.110000,124.226903,BanRep_serie_6_BVC
2023-08-25,1101.640000,124.286697,BanRep_serie_6_BVC
2023-08-28,1104.310000,124.587926,BanRep_serie_6_BVC
2023-08-29,1111.250000,125.370895,BanRep_serie_6_BVC
2023-08-30,1114.860000,125.778174,BanRep_serie_6_BVC
2023-08-31,1076.120000,121.407539,BanRep_serie_6_BVC
2023-09-01,1084.710000,122.376660,BanRep_serie_6_BVC
2023-09-04,1077.550000,121.568871,BanRep_serie_6_BVC
2023-09-05,1051.180000,118.593815,BanRep_serie_6_BVC
2023-09-06,1046.700000,118.088383,BanRep_serie_6_BVC
2023-09-07,1063.290000,119.960062,BanRep_serie_6_BVC
2023-09-08,1069.140000,120.620057,BanRep_serie_6_BVC
2023-09-11,1062.970000,119.923960,BanRep_serie_6_BVC
2023-09-12,1083.700000,122.262712,BanRep_serie_6_BVC
2023-09-13,1077.850000,121.602717,BanRep_serie_6_BVC
2023-09-14,1082.660000,122.145379,BanRep_serie_6_BVC
2023-09-15,1098.660000,123.950495,BanRep_serie_6_BVC
2023-09-18,1096.780000,123.738394,BanRep_serie_6_BVC
2023-09-19,1107.070000,124.899308,BanRep_serie_6_BVC
2023-09-20,1107.850000,124.987308,BanRep_serie_6_BVC
2023-09-21,1096.300000,123.684240,BanRep_serie_6_BVC
2023-09-22,1091.200000,123.108860,BanRep_serie_6_BVC
2023-09-25,1097.570000,123.827521,BanRep_serie_6_BVC
2023-09-26,1082.550000,122.132969,BanRep_serie_6_BVC
2023-09-27,1107.590000,124.957975,BanRep_serie_6_BVC
2023-09-28,1117.700000,126.098582,BanRep_serie_6_BVC
2023-09-29,1121.640000,126.543091,BanRep_serie_6_BVC
2023-10-02,1112.090000,125.465663,BanRep_serie_6_BVC
2023-10-03,1102.460000,124.379210,BanRep_serie_6_BVC
2023-10-04,1104.300000,124.586798,BanRep_serie_6_BVC
2023-10-05,1092.400000,123.244243,BanRep_serie_6_BVC
2023-10-06,1101.970000,124.323928,BanRep_serie_6_BVC
2023-10-09,1118.250000,126.160633,BanRep_serie_6_BVC
2023-10-10,1114.760000,125.766892,BanRep_serie_6_BVC
2023-10-11,1114.200000,125.703713,BanRep_serie_6_BVC
2023-10-12,1112.090000,125.465663,BanRep_serie_6_BVC
2023-10-13,1116.290000,125.939506,BanRep_serie_6_BVC
2023-10-17,1119.190000,126.266683,BanRep_serie_6_BVC
2023-10-18,1134.480000,127.991696,BanRep_serie_6_BVC
2023-10-19,1125.600000,126.989858,BanRep_serie_6_BVC
2023-10-20,1117.420000,126.066992,BanRep_serie_6_BVC
2023-10-23,1108.630000,125.075307,BanRep_serie_6_BVC
2023-10-24,1105.760000,124.751515,BanRep_serie_6_BVC
2023-10-25,1104.190000,124.574388,BanRep_serie_6_BVC
2023-10-26,1083.950000,122.290917,BanRep_serie_6_BVC
2023-10-27,1093.840000,123.406704,BanRep_serie_6_BVC
2023-10-30,1088.690000,122.825682,BanRep_serie_6_BVC
2023-10-31,1088.150000,122.764760,BanRep_serie_6_BVC
2023-11-01,1088.390000,122.791836,BanRep_serie_6_BVC
2023-11-02,1097.530000,123.823008,BanRep_serie_6_BVC
2023-11-03,1098.750000,123.960648,BanRep_serie_6_BVC
2023-11-07,1093.710000,123.392037,BanRep_serie_6_BVC
2023-11-08,1098.620000,123.945982,BanRep_serie_6_BVC
2023-11-09,1104.440000,124.602593,BanRep_serie_6_BVC
2023-11-10,1102.930000,124.432235,BanRep_serie_6_BVC
2023-11-14,1107.450000,124.942180,BanRep_serie_6_BVC
2023-11-15,1110.090000,125.240024,BanRep_serie_6_BVC
2023-11-16,1108.560000,125.067410,BanRep_serie_6_BVC
2023-11-17,1125.220000,126.946986,BanRep_serie_6_BVC
2023-11-20,1125.160000,126.940217,BanRep_serie_6_BVC
2023-11-21,1128.610000,127.329445,BanRep_serie_6_BVC
2023-11-22,1131.960000,127.707391,BanRep_serie_6_BVC
2023-11-23,1127.810000,127.239189,BanRep_serie_6_BVC
2023-11-24,1135.460000,128.102260,BanRep_serie_6_BVC
2023-11-27,1127.740000,127.231292,BanRep_serie_6_BVC
2023-11-28,1127.810000,127.239189,BanRep_serie_6_BVC
2023-11-29,1138.690000,128.466667,BanRep_serie_6_BVC
2023-11-30,1146.870000,129.389533,BanRep_serie_6_BVC
2023-12-01,1151.790000,129.944606,BanRep_serie_6_BVC
2023-12-04,1156.330000,130.456807,BanRep_serie_6_BVC
2023-12-05,1150.100000,129.753940,BanRep_serie_6_BVC
2023-12-06,1134.170000,127.956722,BanRep_serie_6_BVC
2023-12-07,1145.280000,129.210149,BanRep_serie_6_BVC
2023-12-11,1141.410000,128.773537,BanRep_serie_6_BVC
2023-12-12,1149.280000,129.661428,BanRep_serie_6_BVC
2023-12-13,1165.850000,131.530851,BanRep_serie_6_BVC
2023-12-14,1174.700000,132.529305,BanRep_serie_6_BVC
2023-12-15,1162.580000,131.161930,BanRep_serie_6_BVC
2023-12-18,1163.330000,131.246545,BanRep_serie_6_BVC
2023-12-19,1169.270000,131.916694,BanRep_serie_6_BVC
2023-12-20,1162.660000,131.170956,BanRep_serie_6_BVC
2023-12-21,1166.070000,131.555671,BanRep_serie_6_BVC
2023-12-22,1170.340000,132.037411,BanRep_serie_6_BVC
2023-12-26,1183.840000,133.560477,BanRep_serie_6_BVC
2023-12-27,1188.170000,134.048986,BanRep_serie_6_BVC
2023-12-28,1195.200000,134.842109,BanRep_serie_6_BVC
2024-01-02,1222.500000,137.922087,BanRep_serie_6_BVC
2024-01-03,1228.700000,138.621569,BanRep_serie_6_BVC
2024-01-04,1262.990000,142.490156,BanRep_serie_6_BVC
2024-01-05,1294.780000,146.076695,BanRep_serie_6_BVC
2024-01-09,1294.430000,146.037208,BanRep_serie_6_BVC
2024-01-10,1288.770000,145.398648,BanRep_serie_6_BVC
2024-01-11,1283.250000,144.775884,BanRep_serie_6_BVC
2024-01-12,1290.780000,145.625416,BanRep_serie_6_BVC
2024-01-15,1297.330000,146.364385,BanRep_serie_6_BVC
2024-01-16,1292.930000,145.867978,BanRep_serie_6_BVC
2024-01-17,1283.840000,144.842447,BanRep_serie_6_BVC
2024-01-18,1276.130000,143.972607,BanRep_serie_6_BVC
2024-01-19,1274.500000,143.788711,BanRep_serie_6_BVC
2024-01-22,1271.100000,143.405124,BanRep_serie_6_BVC
2024-01-23,1263.150000,142.508208,BanRep_serie_6_BVC
2024-01-24,1261.110000,142.278055,BanRep_serie_6_BVC
2024-01-25,1268.910000,143.158049,BanRep_serie_6_BVC
2024-01-26,1282.430000,144.683372,BanRep_serie_6_BVC
2024-01-29,1279.810000,144.387784,BanRep_serie_6_BVC
2024-01-30,1280.170000,144.428399,BanRep_serie_6_BVC
2024-01-31,1276.550000,144.019992,BanRep_serie_6_BVC
2024-02-01,1277.650000,144.144093,BanRep_serie_6_BVC
2024-02-02,1277.770000,144.157632,BanRep_serie_6_BVC
2024-02-05,1272.440000,143.556303,BanRep_serie_6_BVC
2024-02-06,1276.770000,144.044812,BanRep_serie_6_BVC
2024-02-07,1279.260000,144.325733,BanRep_serie_6_BVC
2024-02-08,1261.100000,142.276927,BanRep_serie_6_BVC
2024-02-09,1248.230000,140.824938,BanRep_serie_6_BVC
2024-02-12,1248.180000,140.819297,BanRep_serie_6_BVC
2024-02-13,1235.860000,139.429358,BanRep_serie_6_BVC
2024-02-14,1237.180000,139.578280,BanRep_serie_6_BVC
2024-02-15,1246.310000,140.608324,BanRep_serie_6_BVC
2024-02-16,1256.970000,141.810982,BanRep_serie_6_BVC
2024-02-19,1220.310000,137.675012,BanRep_serie_6_BVC
2024-02-20,1245.540000,140.521453,BanRep_serie_6_BVC
2024-02-21,1268.740000,143.138870,BanRep_serie_6_BVC
2024-02-22,1279.090000,144.306554,BanRep_serie_6_BVC
2024-02-23,1290.310000,145.572391,BanRep_serie_6_BVC
2024-02-26,1291.390000,145.694236,BanRep_serie_6_BVC
2024-02-27,1286.550000,145.148189,BanRep_serie_6_BVC
2024-02-28,1285.470000,145.026343,BanRep_serie_6_BVC
2024-02-29,1274.080000,143.741327,BanRep_serie_6_BVC
2024-03-01,1286.460000,145.138035,BanRep_serie_6_BVC
2024-03-04,1288.590000,145.378341,BanRep_serie_6_BVC
2024-03-05,1300.860000,146.762639,BanRep_serie_6_BVC
2024-03-06,1307.110000,147.467762,BanRep_serie_6_BVC
2024-03-07,1313.510000,148.189808,BanRep_serie_6_BVC
2024-03-08,1298.970000,146.549409,BanRep_serie_6_BVC
2024-03-11,1298.290000,146.472692,BanRep_serie_6_BVC
2024-03-12,1278.650000,144.256913,BanRep_serie_6_BVC
2024-03-13,1284.150000,144.877421,BanRep_serie_6_BVC
2024-03-14,1283.190000,144.769114,BanRep_serie_6_BVC
2024-03-15,1285.100000,144.984600,BanRep_serie_6_BVC
2024-03-18,1307.140000,147.471146,BanRep_serie_6_BVC
2024-03-19,1306.760000,147.428275,BanRep_serie_6_BVC
2024-03-20,1308.770000,147.655042,BanRep_serie_6_BVC
2024-03-21,1321.600000,149.102519,BanRep_serie_6_BVC
2024-03-22,1329.480000,149.991539,BanRep_serie_6_BVC
2024-03-26,1318.110000,148.708779,BanRep_serie_6_BVC
2024-03-27,1332.980000,150.386407,BanRep_serie_6_BVC
2024-04-01,1355.140000,152.886492,BanRep_serie_6_BVC
2024-04-02,1372.710000,154.868734,BanRep_serie_6_BVC
2024-04-03,1383.910000,156.132315,BanRep_serie_6_BVC
2024-04-04,1407.950000,158.844501,BanRep_serie_6_BVC
2024-04-05,1388.270000,156.624209,BanRep_serie_6_BVC
2024-04-08,1386.800000,156.458364,BanRep_serie_6_BVC
2024-04-09,1408.580000,158.915577,BanRep_serie_6_BVC
2024-04-10,1398.050000,157.727586,BanRep_serie_6_BVC
2024-04-11,1415.240000,159.666956,BanRep_serie_6_BVC
2024-04-12,1390.740000,156.902874,BanRep_serie_6_BVC
2024-04-15,1380.210000,155.714882,BanRep_serie_6_BVC
2024-04-16,1368.260000,154.366687,BanRep_serie_6_BVC
2024-04-17,1350.120000,152.320137,BanRep_serie_6_BVC
2024-04-18,1321.060000,149.041597,BanRep_serie_6_BVC
2024-04-19,1332.130000,150.290511,BanRep_serie_6_BVC
2024-04-22,1344.210000,151.653373,BanRep_serie_6_BVC
2024-04-23,1347.930000,152.073062,BanRep_serie_6_BVC
2024-04-24,1343.340000,151.555220,BanRep_serie_6_BVC
2024-04-25,1349.930000,152.298701,BanRep_serie_6_BVC
2024-04-26,1366.610000,154.180534,BanRep_serie_6_BVC
2024-04-29,1381.010000,155.805138,BanRep_serie_6_BVC
2024-04-30,1357.310000,153.131311,BanRep_serie_6_BVC
2024-05-02,1378.740000,155.549037,BanRep_serie_6_BVC
2024-05-03,1385.560000,156.318467,BanRep_serie_6_BVC
2024-05-06,1379.900000,155.679908,BanRep_serie_6_BVC
2024-05-07,1380.640000,155.763395,BanRep_serie_6_BVC
2024-05-08,1384.150000,156.159392,BanRep_serie_6_BVC
2024-05-09,1387.120000,156.494466,BanRep_serie_6_BVC
2024-05-10,1390.380000,156.862258,BanRep_serie_6_BVC
2024-05-14,1402.760000,158.258966,BanRep_serie_6_BVC
2024-05-15,1406.350000,158.663989,BanRep_serie_6_BVC
2024-05-16,1417.480000,159.919672,BanRep_serie_6_BVC
2024-05-17,1429.180000,161.239663,BanRep_serie_6_BVC
2024-05-20,1441.680000,162.649909,BanRep_serie_6_BVC
2024-05-21,1440.780000,162.548371,BanRep_serie_6_BVC
2024-05-22,1409.280000,158.994551,BanRep_serie_6_BVC
2024-05-23,1406.390000,158.668502,BanRep_serie_6_BVC
2024-05-24,1407.760000,158.823065,BanRep_serie_6_BVC
2024-05-27,1413.700000,159.493214,BanRep_serie_6_BVC
2024-05-28,1408.600000,158.917833,BanRep_serie_6_BVC
2024-05-29,1394.390000,157.314665,BanRep_serie_6_BVC
2024-05-30,1403.790000,158.375171,BanRep_serie_6_BVC
2024-05-31,1401.080000,158.069429,BanRep_serie_6_BVC
2024-06-04,1404.040000,158.403376,BanRep_serie_6_BVC
2024-06-05,1406.470000,158.677527,BanRep_serie_6_BVC
2024-06-06,1410.530000,159.135575,BanRep_serie_6_BVC
2024-06-07,1411.990000,159.300292,BanRep_serie_6_BVC
2024-06-11,1388.120000,156.607286,BanRep_serie_6_BVC
2024-06-12,1380.740000,155.774676,BanRep_serie_6_BVC
2024-06-13,1386.120000,156.381646,BanRep_serie_6_BVC
2024-06-14,1378.090000,155.475704,BanRep_serie_6_BVC
2024-06-17,1378.590000,155.532114,BanRep_serie_6_BVC
2024-06-18,1389.580000,156.772003,BanRep_serie_6_BVC
2024-06-19,1380.560000,155.754369,BanRep_serie_6_BVC
2024-06-20,1376.010000,155.241039,BanRep_serie_6_BVC
2024-06-21,1365.340000,154.037253,BanRep_serie_6_BVC
2024-06-24,1386.800000,156.458364,BanRep_serie_6_BVC
2024-06-25,1367.940000,154.330584,BanRep_serie_6_BVC
2024-06-26,1368.900000,154.438891,BanRep_serie_6_BVC
2024-06-27,1376.640000,155.312116,BanRep_serie_6_BVC
2024-06-28,1380.900000,155.792728,BanRep_serie_6_BVC
2024-07-02,1383.610000,156.098469,BanRep_serie_6_BVC
2024-07-03,1381.430000,155.852522,BanRep_serie_6_BVC
2024-07-04,1384.760000,156.228212,BanRep_serie_6_BVC
2024-07-05,1383.570000,156.093956,BanRep_serie_6_BVC
2024-07-08,1383.050000,156.035290,BanRep_serie_6_BVC
2024-07-09,1373.150000,154.918375,BanRep_serie_6_BVC
2024-07-10,1365.920000,154.102688,BanRep_serie_6_BVC
2024-07-11,1376.340000,155.278270,BanRep_serie_6_BVC
2024-07-12,1374.060000,155.021041,BanRep_serie_6_BVC
2024-07-15,1374.770000,155.101143,BanRep_serie_6_BVC
2024-07-16,1373.740000,154.984939,BanRep_serie_6_BVC
2024-07-17,1366.240000,154.138791,BanRep_serie_6_BVC
2024-07-18,1364.480000,153.940228,BanRep_serie_6_BVC
2024-07-19,1367.690000,154.302379,BanRep_serie_6_BVC
2024-07-22,1366.660000,154.186175,BanRep_serie_6_BVC
2024-07-23,1360.590000,153.501359,BanRep_serie_6_BVC
2024-07-24,1354.400000,152.803006,BanRep_serie_6_BVC
2024-07-25,1353.660000,152.719519,BanRep_serie_6_BVC
2024-07-26,1345.630000,151.813577,BanRep_serie_6_BVC
2024-07-29,1340.690000,151.256247,BanRep_serie_6_BVC
2024-07-30,1335.310000,150.649277,BanRep_serie_6_BVC
2024-07-31,1345.700000,151.821474,BanRep_serie_6_BVC
2024-08-01,1341.770000,151.378093,BanRep_serie_6_BVC
2024-08-02,1316.870000,148.568882,BanRep_serie_6_BVC
2024-08-05,1294.560000,146.051874,BanRep_serie_6_BVC
2024-08-06,1296.790000,146.303462,BanRep_serie_6_BVC
2024-08-08,1299.240000,146.579871,BanRep_serie_6_BVC
2024-08-09,1310.450000,147.844580,BanRep_serie_6_BVC
2024-08-12,1330.280000,150.081794,BanRep_serie_6_BVC
2024-08-13,1343.870000,151.615014,BanRep_serie_6_BVC
2024-08-14,1350.680000,152.383316,BanRep_serie_6_BVC
2024-08-15,1360.000000,153.434796,BanRep_serie_6_BVC
2024-08-16,1361.010000,153.548744,BanRep_serie_6_BVC
2024-08-20,1345.350000,151.781987,BanRep_serie_6_BVC
2024-08-21,1347.330000,152.005370,BanRep_serie_6_BVC
2024-08-22,1334.960000,150.609790,BanRep_serie_6_BVC
2024-08-23,1331.010000,150.164153,BanRep_serie_6_BVC
2024-08-26,1343.930000,151.621783,BanRep_serie_6_BVC
2024-08-27,1341.190000,151.312657,BanRep_serie_6_BVC
2024-08-28,1343.040000,151.521374,BanRep_serie_6_BVC
2024-08-29,1335.320000,150.650406,BanRep_serie_6_BVC
2024-08-30,1362.280000,153.692025,BanRep_serie_6_BVC
2024-09-02,1355.130000,152.885364,BanRep_serie_6_BVC
2024-09-03,1347.820000,152.060652,BanRep_serie_6_BVC
2024-09-04,1336.160000,150.745174,BanRep_serie_6_BVC
2024-09-05,1341.650000,151.364554,BanRep_serie_6_BVC
2024-09-06,1328.470000,149.877591,BanRep_serie_6_BVC
2024-09-09,1321.670000,149.110417,BanRep_serie_6_BVC
2024-09-10,1313.660000,148.206731,BanRep_serie_6_BVC
2024-09-11,1309.920000,147.784785,BanRep_serie_6_BVC
2024-09-12,1320.280000,148.953597,BanRep_serie_6_BVC
2024-09-13,1311.680000,147.983348,BanRep_serie_6_BVC
2024-09-16,1317.980000,148.694112,BanRep_serie_6_BVC
2024-09-17,1313.350000,148.171757,BanRep_serie_6_BVC
2024-09-18,1307.240000,147.482428,BanRep_serie_6_BVC
2024-09-19,1320.580000,148.987443,BanRep_serie_6_BVC
2024-09-20,1320.840000,149.016776,BanRep_serie_6_BVC
2024-09-23,1322.170000,149.166826,BanRep_serie_6_BVC
2024-09-24,1334.900000,150.603021,BanRep_serie_6_BVC
2024-09-25,1321.190000,149.056263,BanRep_serie_6_BVC
2024-09-26,1331.640000,150.235229,BanRep_serie_6_BVC
2024-09-27,1320.810000,149.013392,BanRep_serie_6_BVC
2024-09-30,1307.590000,147.521915,BanRep_serie_6_BVC
2024-10-01,1307.140000,147.471146,BanRep_serie_6_BVC
2024-10-02,1301.360000,146.819048,BanRep_serie_6_BVC
2024-10-03,1303.270000,147.034534,BanRep_serie_6_BVC
2024-10-04,1303.860000,147.101098,BanRep_serie_6_BVC
2024-10-07,1309.350000,147.720478,BanRep_serie_6_BVC
2024-10-08,1300.010000,146.666742,BanRep_serie_6_BVC
2024-10-09,1301.410000,146.824689,BanRep_serie_6_BVC
2024-10-10,1310.130000,147.808477,BanRep_serie_6_BVC
2024-10-11,1326.480000,149.653079,BanRep_serie_6_BVC
2024-10-15,1328.870000,149.922719,BanRep_serie_6_BVC
2024-10-16,1337.260000,150.869276,BanRep_serie_6_BVC
2024-10-17,1346.290000,151.888038,BanRep_serie_6_BVC
2024-10-18,1362.070000,153.668333,BanRep_serie_6_BVC
2024-10-21,1356.340000,153.021876,BanRep_serie_6_BVC
2024-10-22,1344.260000,151.659014,BanRep_serie_6_BVC
2024-10-23,1321.550000,149.096878,BanRep_serie_6_BVC
2024-10-24,1337.600000,150.907635,BanRep_serie_6_BVC
2024-10-25,1334.490000,150.556765,BanRep_serie_6_BVC
2024-10-28,1339.480000,151.119736,BanRep_serie_6_BVC
2024-10-29,1339.400000,151.110710,BanRep_serie_6_BVC
2024-10-30,1356.410000,153.029773,BanRep_serie_6_BVC
2024-10-31,1358.460000,153.261054,BanRep_serie_6_BVC
2024-11-01,1352.800000,152.622494,BanRep_serie_6_BVC
2024-11-05,1359.650000,153.395309,BanRep_serie_6_BVC
2024-11-06,1364.370000,153.927818,BanRep_serie_6_BVC
2024-11-07,1359.040000,153.326489,BanRep_serie_6_BVC
2024-11-08,1335.330000,150.651534,BanRep_serie_6_BVC
2024-11-12,1345.380000,151.785372,BanRep_serie_6_BVC
2024-11-13,1337.790000,150.929070,BanRep_serie_6_BVC
2024-11-14,1347.680000,152.044857,BanRep_serie_6_BVC
2024-11-15,1346.110000,151.867730,BanRep_serie_6_BVC
2024-11-18,1362.370000,153.702179,BanRep_serie_6_BVC
2024-11-19,1370.030000,154.566377,BanRep_serie_6_BVC
2024-11-20,1386.240000,156.395185,BanRep_serie_6_BVC
2024-11-21,1388.220000,156.618568,BanRep_serie_6_BVC
2024-11-22,1391.950000,157.039385,BanRep_serie_6_BVC
2024-11-25,1398.530000,157.781739,BanRep_serie_6_BVC
2024-11-26,1391.200000,156.954771,BanRep_serie_6_BVC
2024-11-27,1397.490000,157.664407,BanRep_serie_6_BVC
2024-11-28,1397.580000,157.674560,BanRep_serie_6_BVC
2024-11-29,1392.130000,157.059693,BanRep_serie_6_BVC
2024-12-02,1398.620000,157.791893,BanRep_serie_6_BVC
2024-12-03,1391.540000,156.993129,BanRep_serie_6_BVC
2024-12-04,1383.750000,156.114264,BanRep_serie_6_BVC
2024-12-05,1394.570000,157.334973,BanRep_serie_6_BVC
2024-12-06,1377.040000,155.357244,BanRep_serie_6_BVC
2024-12-09,1379.450000,155.629139,BanRep_serie_6_BVC
2024-12-10,1383.990000,156.141341,BanRep_serie_6_BVC
2024-12-11,1383.410000,156.075905,BanRep_serie_6_BVC
2024-12-12,1385.090000,156.265442,BanRep_serie_6_BVC
2024-12-13,1380.070000,155.699087,BanRep_serie_6_BVC
2024-12-16,1370.590000,154.629557,BanRep_serie_6_BVC
2024-12-17,1367.660000,154.298995,BanRep_serie_6_BVC
2024-12-18,1360.400000,153.479924,BanRep_serie_6_BVC
2024-12-19,1373.290000,154.934170,BanRep_serie_6_BVC
2024-12-20,1368.210000,154.361046,BanRep_serie_6_BVC
2024-12-23,1389.230000,156.732516,BanRep_serie_6_BVC
2024-12-24,1383.760000,156.115392,BanRep_serie_6_BVC
2024-12-26,1386.590000,156.434672,BanRep_serie_6_BVC
2024-12-27,1381.930000,155.908932,BanRep_serie_6_BVC
2024-12-30,1379.580000,155.643806,BanRep_serie_6_BVC
2025-01-02,1399.580000,157.900200,BanRep_serie_6_BVC
2025-01-03,1396.230000,157.522254,BanRep_serie_6_BVC
2025-01-07,1419.100000,160.102440,BanRep_serie_6_BVC
2025-01-08,1409.540000,159.023884,BanRep_serie_6_BVC
2025-01-09,1407.350000,158.776809,BanRep_serie_6_BVC
2025-01-10,1404.940000,158.504913,BanRep_serie_6_BVC
2025-01-13,1406.760000,158.710245,BanRep_serie_6_BVC
2025-01-14,1398.710000,157.802047,BanRep_serie_6_BVC
2025-01-15,1397.580000,157.674560,BanRep_serie_6_BVC
2025-01-16,1394.440000,157.320306,BanRep_serie_6_BVC
2025-01-17,1391.220000,156.957027,BanRep_serie_6_BVC
2025-01-20,1387.590000,156.547491,BanRep_serie_6_BVC
2025-01-21,1392.190000,157.066462,BanRep_serie_6_BVC
2025-01-22,1381.900000,155.905547,BanRep_serie_6_BVC
2025-01-23,1397.330000,157.646355,BanRep_serie_6_BVC
2025-01-24,1415.450000,159.690648,BanRep_serie_6_BVC
2025-01-27,1432.410000,161.604071,BanRep_serie_6_BVC
2025-01-28,1474.000000,166.296242,BanRep_serie_6_BVC
2025-01-29,1509.820000,170.337444,BanRep_serie_6_BVC
2025-01-30,1543.020000,174.083058,BanRep_serie_6_BVC
2025-01-31,1521.740000,171.682255,BanRep_serie_6_BVC
2025-02-03,1504.830000,169.774473,BanRep_serie_6_BVC
2025-02-04,1523.080000,171.833433,BanRep_serie_6_BVC
2025-02-05,1510.210000,170.381443,BanRep_serie_6_BVC
2025-02-06,1525.140000,172.065842,BanRep_serie_6_BVC
2025-02-07,1515.990000,171.033541,BanRep_serie_6_BVC
2025-02-10,1525.640000,172.122251,BanRep_serie_6_BVC
2025-02-11,1534.930000,173.170346,BanRep_serie_6_BVC
2025-02-12,1531.330000,172.764196,BanRep_serie_6_BVC
2025-02-13,1535.550000,173.240295,BanRep_serie_6_BVC
2025-02-14,1548.810000,174.736284,BanRep_serie_6_BVC
2025-02-17,1567.890000,176.888884,BanRep_serie_6_BVC
2025-02-18,1576.630000,177.874928,BanRep_serie_6_BVC
2025-02-19,1599.950000,180.505884,BanRep_serie_6_BVC
2025-02-20,1634.610000,184.416214,BanRep_serie_6_BVC
2025-02-21,1630.620000,183.966064,BanRep_serie_6_BVC
2025-02-24,1651.390000,186.309329,BanRep_serie_6_BVC
2025-02-25,1648.850000,186.022767,BanRep_serie_6_BVC
2025-02-26,1646.130000,185.715897,BanRep_serie_6_BVC
2025-02-27,1627.960000,183.665963,BanRep_serie_6_BVC
2025-02-28,1607.570000,181.365570,BanRep_serie_6_BVC
2025-03-03,1575.610000,177.759852,BanRep_serie_6_BVC
2025-03-04,1564.520000,176.508681,BanRep_serie_6_BVC
2025-03-05,1589.020000,179.272764,BanRep_serie_6_BVC
2025-03-06,1603.010000,180.851112,BanRep_serie_6_BVC
2025-03-07,1610.500000,181.696131,BanRep_serie_6_BVC
2025-03-10,1581.930000,178.472873,BanRep_serie_6_BVC
2025-03-11,1578.490000,178.084773,BanRep_serie_6_BVC
2025-03-12,1600.540000,180.572447,BanRep_serie_6_BVC
2025-03-13,1592.120000,179.622505,BanRep_serie_6_BVC
2025-03-14,1620.360000,182.808534,BanRep_serie_6_BVC
2025-03-17,1634.640000,184.419599,BanRep_serie_6_BVC
2025-03-18,1623.350000,183.145865,BanRep_serie_6_BVC
2025-03-19,1616.990000,182.428331,BanRep_serie_6_BVC
2025-03-20,1607.790000,181.390390,BanRep_serie_6_BVC
2025-03-21,1608.850000,181.509979,BanRep_serie_6_BVC
2025-03-25,1634.990000,184.459086,BanRep_serie_6_BVC
2025-03-26,1598.670000,180.361474,BanRep_serie_6_BVC
2025-03-27,1599.000000,180.398705,BanRep_serie_6_BVC
2025-03-28,1603.630000,180.921060,BanRep_serie_6_BVC
2025-03-31,1602.920000,180.840958,BanRep_serie_6_BVC
2025-04-01,1625.550000,183.394068,BanRep_serie_6_BVC
2025-04-02,1653.500000,186.547379,BanRep_serie_6_BVC
2025-04-03,1657.400000,186.987375,BanRep_serie_6_BVC
2025-04-04,1620.490000,182.823200,BanRep_serie_6_BVC
2025-04-07,1609.660000,181.601363,BanRep_serie_6_BVC
2025-04-08,1552.710000,175.176281,BanRep_serie_6_BVC
2025-04-09,1601.600000,180.692036,BanRep_serie_6_BVC
2025-04-10,1546.980000,174.529824,BanRep_serie_6_BVC
2025-04-11,1561.520000,176.170222,BanRep_serie_6_BVC
2025-04-14,1582.310000,178.515744,BanRep_serie_6_BVC
2025-04-15,1603.830000,180.943624,BanRep_serie_6_BVC
2025-04-16,1626.730000,183.527195,BanRep_serie_6_BVC
2025-04-21,1619.720000,182.736329,BanRep_serie_6_BVC
2025-04-22,1631.260000,184.038268,BanRep_serie_6_BVC
2025-04-23,1642.840000,185.344721,BanRep_serie_6_BVC
2025-04-24,1634.480000,184.401548,BanRep_serie_6_BVC
2025-04-25,1641.690000,185.214978,BanRep_serie_6_BVC
2025-04-28,1618.190000,182.563715,BanRep_serie_6_BVC
2025-04-29,1620.800000,182.858174,BanRep_serie_6_BVC
2025-04-30,1636.510000,184.630572,BanRep_serie_6_BVC
2025-05-02,1641.990000,185.248824,BanRep_serie_6_BVC
2025-05-05,1642.080000,185.258978,BanRep_serie_6_BVC
2025-05-06,1648.510000,185.984408,BanRep_serie_6_BVC
2025-05-07,1641.080000,185.146158,BanRep_serie_6_BVC
2025-05-08,1655.150000,186.733531,BanRep_serie_6_BVC
2025-05-09,1645.400000,185.633539,BanRep_serie_6_BVC
2025-05-12,1655.260000,186.745941,BanRep_serie_6_BVC
2025-05-13,1699.930000,191.785597,BanRep_serie_6_BVC
2025-05-14,1678.160000,189.329513,BanRep_serie_6_BVC
2025-05-15,1666.850000,188.053522,BanRep_serie_6_BVC
2025-05-16,1646.920000,185.805025,BanRep_serie_6_BVC
2025-05-19,1658.240000,187.082144,BanRep_serie_6_BVC
2025-05-20,1662.690000,187.584192,BanRep_serie_6_BVC
2025-05-21,1649.500000,186.096100,BanRep_serie_6_BVC
2025-05-22,1641.310000,185.172106,BanRep_serie_6_BVC
2025-05-23,1654.730000,186.686147,BanRep_serie_6_BVC
2025-05-26,1652.910000,186.480815,BanRep_serie_6_BVC
2025-05-27,1640.950000,185.131491,BanRep_serie_6_BVC
2025-05-28,1647.240000,185.841127,BanRep_serie_6_BVC
2025-05-29,1636.590000,184.639597,BanRep_serie_6_BVC
2025-05-30,1608.900000,181.515620,BanRep_serie_6_BVC
2025-06-03,1643.590000,185.429335,BanRep_serie_6_BVC
2025-06-04,1651.360000,186.305944,BanRep_serie_6_BVC
2025-06-05,1655.950000,186.823787,BanRep_serie_6_BVC
2025-06-06,1651.210000,186.289022,BanRep_serie_6_BVC
2025-06-09,1635.710000,184.540316,BanRep_serie_6_BVC
2025-06-10,1649.530000,186.099484,BanRep_serie_6_BVC
2025-06-11,1659.350000,187.207374,BanRep_serie_6_BVC
2025-06-12,1648.880000,186.026152,BanRep_serie_6_BVC
2025-06-13,1648.920000,186.030664,BanRep_serie_6_BVC
2025-06-16,1633.170000,184.253754,BanRep_serie_6_BVC
2025-06-17,1631.460000,184.060832,BanRep_serie_6_BVC
2025-06-18,1650.700000,186.231483,BanRep_serie_6_BVC
2025-06-19,1653.040000,186.495482,BanRep_serie_6_BVC
2025-06-20,1647.780000,185.902050,BanRep_serie_6_BVC
2025-06-24,1671.640000,188.593928,BanRep_serie_6_BVC
2025-06-25,1672.880000,188.733824,BanRep_serie_6_BVC
2025-06-26,1678.590000,189.378025,BanRep_serie_6_BVC
2025-06-27,1668.330000,188.220495,BanRep_serie_6_BVC
2025-07-01,1674.790000,188.949310,BanRep_serie_6_BVC
2025-07-02,1693.940000,191.109807,BanRep_serie_6_BVC
2025-07-03,1684.070000,189.996277,BanRep_serie_6_BVC
2025-07-04,1686.870000,190.312172,BanRep_serie_6_BVC
2025-07-07,1684.810000,190.079764,BanRep_serie_6_BVC
2025-07-08,1688.330000,190.476889,BanRep_serie_6_BVC
2025-07-09,1675.180000,188.993310,BanRep_serie_6_BVC
2025-07-10,1683.160000,189.893611,BanRep_serie_6_BVC
2025-07-11,1688.470000,190.492684,BanRep_serie_6_BVC
2025-07-14,1689.690000,190.630324,BanRep_serie_6_BVC
2025-07-15,1699.410000,191.726931,BanRep_serie_6_BVC
2025-07-16,1701.620000,191.976263,BanRep_serie_6_BVC
2025-07-17,1745.280000,196.901971,BanRep_serie_6_BVC
2025-07-18,1733.540000,195.577468,BanRep_serie_6_BVC
2025-07-21,1742.560000,196.595101,BanRep_serie_6_BVC
2025-07-22,1727.550000,194.901678,BanRep_serie_6_BVC
2025-07-23,1716.190000,193.620046,BanRep_serie_6_BVC
2025-07-24,1709.730000,192.891231,BanRep_serie_6_BVC
2025-07-25,1709.230000,192.834821,BanRep_serie_6_BVC
2025-07-28,1762.460000,198.840213,BanRep_serie_6_BVC
2025-07-29,1757.870000,198.322371,BanRep_serie_6_BVC
2025-07-30,1759.900000,198.551395,BanRep_serie_6_BVC
2025-07-31,1772.880000,200.015795,BanRep_serie_6_BVC
2025-08-01,1751.560000,197.610479,BanRep_serie_6_BVC
2025-08-04,1751.550000,197.609350,BanRep_serie_6_BVC
2025-08-05,1761.810000,198.766881,BanRep_serie_6_BVC
2025-08-06,1774.530000,200.201947,BanRep_serie_6_BVC
2025-08-08,1802.780000,203.389104,BanRep_serie_6_BVC
2025-08-11,1812.810000,204.520685,BanRep_serie_6_BVC
2025-08-12,1812.190000,204.450737,BanRep_serie_6_BVC
2025-08-13,1826.990000,206.120469,BanRep_serie_6_BVC
2025-08-14,1845.640000,208.224556,BanRep_serie_6_BVC
2025-08-15,1856.830000,209.487009,BanRep_serie_6_BVC
2025-08-19,1853.520000,209.113576,BanRep_serie_6_BVC
2025-08-20,1855.310000,209.315523,BanRep_serie_6_BVC
2025-08-21,1852.350000,208.981577,BanRep_serie_6_BVC
2025-08-22,1858.450000,209.669777,BanRep_serie_6_BVC
2025-08-25,1850.020000,208.718707,BanRep_serie_6_BVC
2025-08-26,1855.520000,209.339215,BanRep_serie_6_BVC
2025-08-27,1843.980000,208.037276,BanRep_serie_6_BVC
2025-08-28,1838.340000,207.400973,BanRep_serie_6_BVC
2025-08-29,1845.600000,208.220044,BanRep_serie_6_BVC
2025-09-01,1842.810000,207.905277,BanRep_serie_6_BVC
2025-09-02,1829.250000,206.375441,BanRep_serie_6_BVC
2025-09-03,1831.720000,206.654106,BanRep_serie_6_BVC
2025-09-04,1832.660000,206.760157,BanRep_serie_6_BVC
2025-09-05,1862.870000,210.168440,BanRep_serie_6_BVC
2025-09-08,1871.140000,211.101459,BanRep_serie_6_BVC
2025-09-09,1867.990000,210.746077,BanRep_serie_6_BVC
2025-09-10,1873.170000,211.330483,BanRep_serie_6_BVC
2025-09-11,1854.570000,209.232036,BanRep_serie_6_BVC
2025-09-12,1845.610000,208.221172,BanRep_serie_6_BVC
2025-09-15,1847.030000,208.381376,BanRep_serie_6_BVC
2025-09-16,1838.670000,207.438203,BanRep_serie_6_BVC
2025-09-17,1834.300000,206.945181,BanRep_serie_6_BVC
2025-09-18,1823.310000,205.705292,BanRep_serie_6_BVC
2025-09-19,1858.130000,209.633674,BanRep_serie_6_BVC
2025-09-22,1871.520000,211.144330,BanRep_serie_6_BVC
2025-09-23,1871.460000,211.137561,BanRep_serie_6_BVC
2025-09-24,1880.710000,212.181143,BanRep_serie_6_BVC
2025-09-25,1875.730000,211.619301,BanRep_serie_6_BVC
2025-09-26,1863.450000,210.233875,BanRep_serie_6_BVC
2025-09-29,1874.870000,211.522276,BanRep_serie_6_BVC
2025-09-30,1872.360000,211.239099,BanRep_serie_6_BVC
2025-10-01,1862.920000,210.174081,BanRep_serie_6_BVC
2025-10-02,1848.940000,208.596861,BanRep_serie_6_BVC
2025-10-03,1852.740000,209.025576,BanRep_serie_6_BVC
2025-10-06,1863.190000,210.204542,BanRep_serie_6_BVC
2025-10-07,1855.730000,209.362907,BanRep_serie_6_BVC
2025-10-08,1875.250000,211.565148,BanRep_serie_6_BVC
2025-10-09,1889.250000,213.144624,BanRep_serie_6_BVC
2025-10-10,1869.780000,210.948024,BanRep_serie_6_BVC
2025-10-14,1891.640000,213.414263,BanRep_serie_6_BVC
2025-10-15,1891.390000,213.386058,BanRep_serie_6_BVC
2025-10-16,1898.860000,214.228821,BanRep_serie_6_BVC
2025-10-17,1924.260000,217.094441,BanRep_serie_6_BVC
2025-10-20,1897.420000,214.066361,BanRep_serie_6_BVC
2025-10-21,1888.560000,213.066778,BanRep_serie_6_BVC
2025-10-22,1915.750000,216.134346,BanRep_serie_6_BVC
2025-10-23,1925.000000,217.177928,BanRep_serie_6_BVC
2025-10-24,1945.790000,219.523450,BanRep_serie_6_BVC
2025-10-27,1956.370000,220.717082,BanRep_serie_6_BVC
2025-10-28,1977.470000,223.097578,BanRep_serie_6_BVC
2025-10-29,1993.830000,224.943308,BanRep_serie_6_BVC
2025-10-30,1990.740000,224.594695,BanRep_serie_6_BVC
2025-10-31,1987.120000,224.186288,BanRep_serie_6_BVC
2025-11-04,2018.420000,227.717545,BanRep_serie_6_BVC
2025-11-05,2035.820000,229.680607,BanRep_serie_6_BVC
2025-11-06,2045.660000,230.790753,BanRep_serie_6_BVC
2025-11-07,2081.290000,234.810519,BanRep_serie_6_BVC
2025-11-10,2072.040000,233.766937,BanRep_serie_6_BVC
2025-11-11,2081.910000,234.880468,BanRep_serie_6_BVC
2025-11-12,2080.680000,234.741699,BanRep_serie_6_BVC
2025-11-13,2051.570000,231.457518,BanRep_serie_6_BVC
2025-11-14,2071.230000,233.675553,BanRep_serie_6_BVC
2025-11-18,2071.340000,233.687963,BanRep_serie_6_BVC
2025-11-19,2061.500000,232.577817,BanRep_serie_6_BVC
2025-11-20,2029.180000,228.931485,BanRep_serie_6_BVC
2025-11-21,2033.990000,229.474147,BanRep_serie_6_BVC
2025-11-24,1999.670000,225.602175,BanRep_serie_6_BVC
2025-11-25,2034.260000,229.504609,BanRep_serie_6_BVC
2025-11-26,2041.080000,230.274039,BanRep_serie_6_BVC
2025-11-27,2051.650000,231.466543,BanRep_serie_6_BVC
2025-11-28,2073.280000,233.906833,BanRep_serie_6_BVC
2025-12-01,2081.430000,234.826314,BanRep_serie_6_BVC
2025-12-02,2115.750000,238.698286,BanRep_serie_6_BVC
2025-12-03,2105.660000,237.559935,BanRep_serie_6_BVC
2025-12-04,2115.960000,238.721978,BanRep_serie_6_BVC
2025-12-05,2112.700000,238.354186,BanRep_serie_6_BVC
2025-12-09,2123.580000,239.581665,BanRep_serie_6_BVC
2025-12-10,2119.710000,239.145052,BanRep_serie_6_BVC
2025-12-11,2114.210000,238.524544,BanRep_serie_6_BVC
2025-12-12,2108.700000,237.902907,BanRep_serie_6_BVC
2025-12-15,2091.600000,235.973690,BanRep_serie_6_BVC
2025-12-16,2075.880000,234.200165,BanRep_serie_6_BVC
2025-12-17,2053.250000,231.647055,BanRep_serie_6_BVC
2025-12-18,2055.100000,231.855771,BanRep_serie_6_BVC
2025-12-19,2048.990000,231.166443,BanRep_serie_6_BVC
2025-12-22,2056.640000,232.029514,BanRep_serie_6_BVC
2025-12-23,2075.320000,234.136986,BanRep_serie_6_BVC
2025-12-24,2081.400000,234.822929,BanRep_serie_6_BVC
2025-12-26,2081.580000,234.843237,BanRep_serie_6_BVC
2025-12-29,2108.150000,237.840857,BanRep_serie_6_BVC
2025-12-30,2068.010000,233.312274,BanRep_serie_6_BVC
2026-01-02,2069.020000,233.426222,BanRep_serie_6_BVC
2026-01-05,2134.260000,240.786579,BanRep_serie_6_BVC
2026-01-06,2175.890000,245.483263,BanRep_serie_6_BVC
2026-01-07,2171.870000,245.029728,BanRep_serie_6_BVC
2026-01-08,2187.070000,246.744587,BanRep_serie_6_BVC
2026-01-09,2213.350000,249.709489,BanRep_serie_6_BVC
2026-01-13,2236.510000,252.322394,BanRep_serie_6_BVC
2026-01-14,2261.620000,255.155296,BanRep_serie_6_BVC
2026-01-15,2287.470000,258.071686,BanRep_serie_6_BVC
2026-01-16,2345.400000,264.607331,BanRep_serie_6_BVC
2026-01-19,2377.570000,268.236741,BanRep_serie_6_BVC
2026-01-20,2402.010000,270.994054,BanRep_serie_6_BVC
2026-01-21,2444.980000,275.841917,BanRep_serie_6_BVC
2026-01-22,2433.780000,274.578336,BanRep_serie_6_BVC
2026-01-23,2482.720000,280.099733,BanRep_serie_6_BVC
2026-01-26,2521.540000,284.479393,BanRep_serie_6_BVC
2026-01-27,2496.180000,281.618286,BanRep_serie_6_BVC
2026-01-28,2506.430000,282.774688,BanRep_serie_6_BVC
2026-01-29,2493.350000,281.299006,BanRep_serie_6_BVC
2026-01-30,2474.760000,279.201688,BanRep_serie_6_BVC
2026-02-02,2422.510000,273.306858,BanRep_serie_6_BVC
2026-02-03,2436.730000,274.911154,BanRep_serie_6_BVC
2026-02-04,2381.040000,268.628225,BanRep_serie_6_BVC
2026-02-05,2320.550000,261.803761,BanRep_serie_6_BVC
2026-02-06,2370.100000,267.393978,BanRep_serie_6_BVC
2026-02-09,2396.010000,270.317136,BanRep_serie_6_BVC
2026-02-10,2418.040000,272.802554,BanRep_serie_6_BVC
2026-02-11,2375.820000,268.039306,BanRep_serie_6_BVC
2026-02-12,2323.940000,262.186220,BanRep_serie_6_BVC
2026-02-13,2343.280000,264.368153,BanRep_serie_6_BVC
2026-02-16,2361.440000,266.416959,BanRep_serie_6_BVC
2026-02-17,2362.450000,266.530907,BanRep_serie_6_BVC
2026-02-18,2366.460000,266.983314,BanRep_serie_6_BVC
2026-02-19,2386.380000,269.230682,BanRep_serie_6_BVC
2026-02-20,2417.810000,272.776606,BanRep_serie_6_BVC
2026-02-23,2468.580000,278.504462,BanRep_serie_6_BVC
2026-02-24,2395.810000,270.294572,BanRep_serie_6_BVC
2026-02-25,2382.410000,268.782788,BanRep_serie_6_BVC
2026-02-26,2283.910000,257.670047,BanRep_serie_6_BVC
2026-02-27,2222.920000,250.789174,BanRep_serie_6_BVC
2026-03-02,2148.110000,242.349132,BanRep_serie_6_BVC
2026-03-03,2149.330000,242.486772,BanRep_serie_6_BVC
2026-03-04,2170.530000,244.878550,BanRep_serie_6_BVC
2026-03-05,2182.360000,246.213207,BanRep_serie_6_BVC
2026-03-06,2175.410000,245.429110,BanRep_serie_6_BVC
2026-03-09,2225.680000,251.100556,BanRep_serie_6_BVC
2026-03-10,2272.650000,256.399698,BanRep_serie_6_BVC
2026-03-11,2275.370000,256.706567,BanRep_serie_6_BVC
2026-03-12,2172.320000,245.080497,BanRep_serie_6_BVC
2026-03-13,2180.750000,246.031567,BanRep_serie_6_BVC
2026-03-16,2185.520000,246.569717,BanRep_serie_6_BVC
2026-03-17,2184.490000,246.453513,BanRep_serie_6_BVC
2026-03-18,2178.920000,245.825107,BanRep_serie_6_BVC
2026-03-19,2199.950000,248.197705,BanRep_serie_6_BVC
2026-03-20,2230.710000,251.668039,BanRep_serie_6_BVC
2026-03-24,2237.660000,252.452136,BanRep_serie_6_BVC
2026-03-25,2273.650000,256.512517,BanRep_serie_6_BVC
2026-03-26,2233.400000,251.971524,BanRep_serie_6_BVC
2026-03-27,2212.650000,249.630515,BanRep_serie_6_BVC
2026-03-30,2194.950000,247.633607,BanRep_serie_6_BVC
2026-03-31,2286.410000,257.952097,BanRep_serie_6_BVC
2026-04-01,2280.950000,257.336101,BanRep_serie_6_BVC
2026-04-06,2300.660000,259.559778,BanRep_serie_6_BVC
2026-04-07,2276.320000,256.813746,BanRep_serie_6_BVC
2026-04-08,2286.050000,257.911482,BanRep_serie_6_BVC
2026-04-09,2294.200000,258.830962,BanRep_serie_6_BVC
2026-04-10,2301.780000,259.686136,BanRep_serie_6_BVC
2026-04-13,2347.360000,264.828458,BanRep_serie_6_BVC
2026-04-14,2359.480000,266.195832,BanRep_serie_6_BVC
2026-04-15,2324.590000,262.259553,BanRep_serie_6_BVC
2026-04-16,2332.770000,263.182418,BanRep_serie_6_BVC
2026-04-17,2301.860000,259.695161,BanRep_serie_6_BVC
2026-04-20,2286.820000,257.998353,BanRep_serie_6_BVC
2026-04-21,2282.090000,257.464716,BanRep_serie_6_BVC
2026-04-22,2283.620000,257.637330,BanRep_serie_6_BVC
2026-04-23,2252.270000,254.100432,BanRep_serie_6_BVC
2026-04-24,2232.900000,251.915114,BanRep_serie_6_BVC
2026-04-27,2189.860000,247.059354,BanRep_serie_6_BVC
2026-04-28,2167.420000,244.527680,BanRep_serie_6_BVC
2026-04-29,2144.990000,241.997134,BanRep_serie_6_BVC
2026-04-30,2178.000000,245.721313,BanRep_serie_6_BVC
2026-05-04,2169.520000,244.764602,BanRep_serie_6_BVC
2026-05-05,2171.540000,244.992497,BanRep_serie_6_BVC
2026-05-06,2187.450000,246.787459,BanRep_serie_6_BVC
2026-05-07,2165.940000,244.360707,BanRep_serie_6_BVC
2026-05-08,2122.700000,239.482383,BanRep_serie_6_BVC
2026-05-11,2109.150000,237.953676,BanRep_serie_6_BVC
2026-05-12,2088.660000,235.642001,BanRep_serie_6_BVC
2026-05-13,2073.460000,233.927141,BanRep_serie_6_BVC
2026-05-14,2121.950000,239.397768,BanRep_serie_6_BVC
2026-05-15,2101.080000,237.043221,BanRep_serie_6_BVC
2026-05-19,2110.010000,238.050701,BanRep_serie_6_BVC
2026-05-20,2089.760000,235.766102,BanRep_serie_6_BVC
2026-05-21,2101.350000,237.073683,BanRep_serie_6_BVC
2026-05-22,2083.390000,235.047441,BanRep_serie_6_BVC
2026-05-25,2132.790000,240.620734,BanRep_serie_6_BVC
2026-05-26,2228.300000,251.396144,BanRep_serie_6_BVC
2026-05-27,2194.760000,247.612171,BanRep_serie_6_BVC
2026-05-28,2182.570000,246.236899,BanRep_serie_6_BVC
2026-05-29,2176.900000,245.597211,BanRep_serie_6_BVC
2026-06-01,2254.580000,254.361046,BanRep_serie_6_BVC
2026-06-02,2264.610000,255.492627,BanRep_serie_6_BVC
2026-06-03,2238.990000,252.602186,BanRep_serie_6_BVC
2026-06-04,2228.190000,251.383734,BanRep_serie_6_BVC
2026-06-05,2192.970000,247.410224,BanRep_serie_6_BVC
2026-06-09,2252.330000,254.107201,BanRep_serie_6_BVC
2026-06-10,2262.540000,255.259090,BanRep_serie_6_BVC
2026-06-11,2350.770000,265.213173,BanRep_serie_6_BVC
2026-06-12,2386.780000,269.275810,BanRep_serie_6_BVC
2026-06-16,2371.180000,267.515823,BanRep_serie_6_BVC
2026-06-17,2377.030000,268.175818,BanRep_serie_6_BVC
2026-06-18,2406.140000,271.460000,BanRep_serie_6_BVC
2026-06-19,2502.960000,282.383203,BanRep_serie_6_BVC
2026-06-22,2393.300000,270.011395,BanRep_serie_6_BVC
2026-06-23,2347.070000,264.795740,BanRep_serie_6_BVC
2026-06-24,2270.970000,256.210161,BanRep_serie_6_BVC
2026-06-25,2261.530000,255.145143,BanRep_serie_6_BVC
2026-06-26,2286.190000,257.927276,BanRep_serie_6_BVC
2026-06-30,2269.080000,255.996931,BanRep_serie_6_BVC
2026-07-01,2259.830000,254.953349,BanRep_serie_6_BVC
2026-07-02,2260.130000,254.987195,BanRep_serie_6_BVC
2026-07-03,2295.720000,259.002448,BanRep_serie_6_BVC
2026-07-06,2295.850000,259.017115,BanRep_serie_6_BVC
2026-07-07,2294.460000,258.860295,BanRep_serie_6_BVC
2026-07-08,2312.960000,260.947460,BanRep_serie_6_BVC
2026-07-09,2292.750000,258.667374,BanRep_serie_6_BVC
2026-07-10,2307.670000,260.350644,BanRep_serie_6_BVC
2026-07-14,2298.730000,259.342035,BanRep_serie_6_BVC
2026-07-15,2292.030000,258.586143,BanRep_serie_6_BVC
2026-07-16,2285.110000,257.805431,BanRep_serie_6_BVC
2026-07-17,2298.340000,259.298036,BanRep_serie_6_BVC
2026-07-21,2301.340000,259.636495,BanRep_serie_6_BVC
2026-07-22,2297.000000,259.146857,BanRep_serie_6_BVC
2026-07-23,2283.280000,257.598971,BanRep_serie_6_BVC
2026-07-24,2274.530000,256.611799,BanRep_serie_6_BVC
2026-07-27,2282.910000,257.557228,BanRep_serie_6_BVC
2026-07-28,2301.240000,259.625213,BanRep_serie_6_BVC
2026-07-29,2304.680000,260.013313,BanRep_serie_6_BVC
2026-07-30,2342.440000,264.273385,BanRep_serie_6_BVC
2026-07-31,2392.100000,269.876011,BanRep_serie_6_BVC
2026-08-03,2384.670000,269.037761,BanRep_serie_6_BVC
2026-08-04,2374.670000,267.909564,BanRep_serie_6_BVC
2026-08-05,2344.800000,264.539639,BanRep_serie_6_BVC
2026-08-06,2350.440000,265.175942,BanRep_serie_6_BVC
2026-08-10,2372.500000,267.664745,BanRep_serie_6_BVC
2026-08-11,2423.370000,273.403883,BanRep_serie_6_BVC
2026-08-12,2430.450000,274.202647,BanRep_serie_6_BVC
2026-08-13,2432.100000,274.388799,BanRep_serie_6_BVC
2026-08-14,2452.460000,276.685808,BanRep_serie_6_BVC
2026-08-18,2461.230000,277.675237,BanRep_serie_6_BVC
2026-08-19,2453.870000,276.844884,BanRep_serie_6_BVC
2026-08-20,2444.320000,275.767456,BanRep_serie_6_BVC
2026-08-21,2459.230000,277.449598,BanRep_serie_6_BVC
2026-08-24,2510.720000,283.258684,BanRep_serie_6_BVC
2026-08-25,2508.470000,283.004840,BanRep_serie_6_BVC
2026-08-26,2504.680000,282.577253,BanRep_serie_6_BVC
2026-08-27,2489.800000,280.898496,BanRep_serie_6_BVC
2026-08-28,2457.870000,277.296163,BanRep_serie_6_BVC
2026-08-31,2425.080000,273.596805,BanRep_serie_6_BVC
2026-09-01,2470.260000,278.693999,BanRep_serie_6_BVC
2026-09-02,2489.310000,280.843214,BanRep_serie_6_BVC
2026-09-03,2534.460000,285.937024,BanRep_serie_6_BVC
2026-09-04,2544.560000,287.076503,BanRep_serie_6_BVC
2026-09-07,2565.500000,289.438948,BanRep_serie_6_BVC
2026-09-08,2569.470000,289.886842,BanRep_serie_6_BVC
2026-09-09,2584.020000,291.528369,BanRep_serie_6_BVC
2026-09-10,2626.710000,296.344642,BanRep_serie_6_BVC
2026-09-11,2589.690000,292.168056,BanRep_serie_6_BVC
2026-09-14,2588.250000,292.005596,BanRep_serie_6_BVC
2026-09-15,2567.270000,289.638638,BanRep_serie_6_BVC
2026-09-16,2511.760000,283.376017,BanRep_serie_6_BVC
2026-09-17,2521.850000,284.514368,BanRep_serie_6_BVC
2026-09-18,2548.220000,287.489423,BanRep_serie_6_BVC
2026-09-21,2565.550000,289.444589,BanRep_serie_6_BVC
2026-09-22,2588.640000,292.049596,BanRep_serie_6_BVC
2026-09-23,2612.480000,294.739217,BanRep_serie_6_BVC
2026-09-24,2609.400000,294.391733,BanRep_serie_6_BVC
