fecha,close,sma20,sma50
2009-02-09,30.9,,
2009-02-10,30.0,,
2009-02-11,30.0,,
2009-02-12,30.0,,
2009-02-13,30.48,,
2009-02-17,29.34,,
2009-02-18,29.4,,
2009-02-19,29.64,,
2009-02-20,28.2,,
2009-02-23,28.0,,
2009-02-26,28.26,,
2009-02-27,28.26,,
2009-03-02,28.26,,
2009-03-03,28.26,,
2009-03-04,28.68,,
2009-03-05,28.68,,
2009-03-06,28.68,,
2009-03-09,28.68,,
2009-03-10,29.36,,
2009-03-11,29.36,29.122000000000003,
2009-03-12,29.36,29.044999999999998,
2009-03-13,30.14,29.052000000000003,
2009-03-16,30.86,29.095,
2009-03-17,31.56,29.173000000000002,
2009-03-18,31.54,29.226,
2009-03-19,32.26,29.371999999999996,
2009-03-20,32.42,29.523000000000003,
2009-03-24,32.4,29.661,
2009-03-25,32.26,29.863999999999997,
2009-03-26,31.98,30.063,
2009-03-27,30.8,30.189999999999998,
2009-03-30,30.059999,30.27999995,
2009-03-31,30.2,30.37699995,
2009-04-01,30.4,30.483999949999998,
2009-04-02,31.42,30.620999950000005,
2009-04-03,31.6,30.766999950000002,
2009-04-06,31.56,30.91099995,
2009-04-07,32.0,31.076999949999998,
2009-04-08,32.54,31.235999949999997,
2009-04-13,32.52,31.39399995,
2009-04-14,32.52,31.551999950000003,
2009-04-15,32.74,31.681999949999998,
2009-04-16,33.099998,31.79399985,
2009-04-17,32.7,31.85099985,
2009-04-20,32.64,31.90599985,
2009-04-21,32.68,31.926999850000005,
2009-04-22,32.42,31.926999849999998,
2009-04-23,34.02,32.00799985,
2009-04-24,34.0,32.09499985,
2009-04-27,34.54,32.222999849999994,30.83359994
2009-04-28,34.3,32.397999850000005,30.901599939999997
2009-04-29,34.9,32.6399999,30.99959994
2009-04-30,35.88,32.9239999,31.11719994
2009-05-04,36.099998,33.2089998,31.2391999
2009-05-05,36.84,33.4799998,31.366399899999998
2009-05-06,37.32,33.765999799999996,31.525999900000002
2009-05-07,38.0,34.0879998,31.697999900000003
2009-05-08,39.0,34.4379998,31.885199900000003
2009-05-11,38.2,34.7209998,32.0851999
2009-05-12,39.099998,35.0499997,32.30719986
2009-05-13,38.02,35.3249997,32.50239986
2009-05-14,38.28,35.6019997,32.70279986
2009-05-15,38.86,35.889999800000005,32.914799859999995
2009-05-18,38.6,36.1849998,33.12159986
2009-05-19,39.34,36.5199998,33.33479986
2009-05-20,40.96,36.933999799999995,33.58039986
2009-05-21,40.22,37.3239998,33.81119986
2009-05-22,40.0,37.6229998,34.03759986
2009-05-26,40.58,37.951999799999996,34.26199986
2009-05-27,40.0,38.2249998,34.47479986
2009-05-28,41.0,38.5599998,34.70759986
2009-05-29,41.82,38.905999800000004,34.941199860000005
2009-06-01,42.8,39.2519998,35.17999986
2009-06-02,44.099998,39.6519998,35.430799820000004
2009-06-05,44.72,40.0459998,35.69439982
2009-06-08,43.8,40.3699998,35.925199819999996
2009-06-09,44.74,40.7069998,36.171599820000004
2009-06-10,44.9,41.0019998,36.421599820000004
2009-06-11,45.66,41.3749998,36.68959982
2009-06-12,46.6,41.7499999,36.98199982
2009-06-16,45.6,42.1289999,37.27799982
2009-06-17,44.2,42.4249999,37.56079984
2009-06-18,45.24,42.7439999,37.86159984
2009-06-19,45.46,43.0869999,38.162799840000005
2009-06-23,44.36,43.3379999,38.42159984
2009-06-24,42.88,43.433999899999996,38.647199840000006
2009-06-25,44.24,43.6349999,38.90079984
2009-06-26,44.7,43.869999899999996,39.15479984
2009-06-30,45.3,44.1059999,39.40999984
2009-07-01,46.94,44.4529999,39.69839984
2009-07-02,47.28,44.7669999,39.99359984
2009-07-06,46.86,45.0189999,40.27599984
2009-07-07,46.36,45.1969999,40.54119988
2009-07-08,45.9,45.287,40.80519988
2009-07-09,45.080002,45.3050001,41.053999919999995
2009-07-10,44.42,45.3360001,41.28879992
2009-07-13,45.0,45.3490001,41.54039992
2009-07-14,48.36,45.5220001,41.827199920000005
2009-07-15,47.3,45.60400009999999,42.093199919999996
2009-07-16,47.099998,45.629000000000005,42.34439988
2009-07-17,48.4,45.769,42.62639988
2009-07-21,49.82,46.05,42.924799879999995
2009-07-22,49.96,46.286,43.20639988
2009-07-23,52.099998,46.617999899999994,43.52639988
2009-07-24,51.34,46.966999900000005,43.81639988
2009-07-27,50.72,47.3589999,44.08439988
2009-07-28,50.12,47.652999900000005,44.326799879999996
2009-07-29,48.0,47.817999900000004,44.506799879999996
2009-07-30,48.9,47.9979999,44.720799879999994
2009-07-31,49.44,48.122999899999996,44.927599920000006
2009-08-03,50.74,48.2959999,45.18199992000001
2009-08-04,50.4,48.472999900000005,45.42439992
2009-08-05,50.7,48.6899999,45.66119992
2009-08-06,51.34,48.9619999,45.91599992
2009-08-10,51.5,49.2829998,46.15919991999999
2009-08-11,50.5,49.5869998,46.34999991999999
2009-08-12,49.68,49.820999799999996,46.53919992
2009-08-13,51.4,49.972999800000004,46.76719992
2009-08-14,51.24,50.16999980000001,46.980399919999996
2009-08-18,49.7,50.2999999,47.174399920000006
2009-08-19,50.52,50.4059999,47.36479992
2009-08-20,51.38,50.4839999,47.55599992
2009-08-21,51.32,50.5519999,47.726399920000006
2009-08-24,51.74,50.534000000000006,47.879199959999994
2009-08-25,52.36,50.585,48.03199996
2009-08-26,51.92,50.644999999999996,48.19439996
2009-08-27,52.66,50.772,48.35279995999999
2009-08-28,52.38,50.991,48.502399960000005
2009-08-31,51.8,51.136,48.62519996
2009-09-01,48.54,51.091,48.66399996
2009-09-03,50.92,51.1,48.770399960000006
2009-09-04,50.92,51.126,48.90479996
2009-09-08,53.0,51.241,49.05999996
2009-09-09,53.36,51.342,49.21799996
2009-09-10,53.36,51.435,49.39799996
2009-09-11,53.98,51.609,49.61999996
2009-09-14,54.0,51.825,49.81519996
2009-09-15,54.0,51.955,50.00119996
2009-09-16,55.66,52.176,50.208399959999994
2009-09-17,55.16,52.449,50.372799959999995
2009-09-18,55.96,52.721000000000004,50.54639996
2009-09-21,56.4,52.972,50.73719996
2009-09-22,58.2,53.315999999999995,50.97399996
2009-09-23,58.76,53.666999999999994,51.23119996
2009-09-24,58.5,53.974000000000004,51.49959992
2009-09-25,59.34,54.34499999999999,51.79799992
2009-09-28,61.14,54.769000000000005,52.120799919999996
2009-09-29,60.92,55.19599999999999,52.37199992
2009-09-30,60.5,55.63099999999999,52.63599992
2009-10-01,59.64,56.186,52.88679996
2009-10-02,60.44,56.662,53.12759996
2009-10-05,61.2,57.176,53.35519996000001
2009-10-06,62.060001,57.62900005,53.597199980000006
2009-10-07,62.56,58.08900005,53.80640002
2009-10-08,63.68,58.60500005,54.05320001999999
2009-10-09,63.24,59.06800005,54.303600020000005
2009-10-13,63.36,59.536000050000006,54.568400020000006
2009-10-14,62.9,59.98100005,54.86640002
2009-10-15,61.3,60.263000049999995,55.114400020000005
2009-10-16,61.7,60.59000005,55.359600019999995
2009-10-19,63.7,60.97700005,55.61880002
2009-10-20,61.22,61.21800005,55.83520002
2009-10-21,61.0,61.35800005,56.04120002
2009-10-22,60.16,61.42800005,56.21760002
2009-10-23,59.8,61.49300005,56.38360002
2009-10-26,59.96,61.524000050000005,56.572800019999995
2009-10-27,57.0,61.317000050000004,56.719200019999995
2009-10-28,54.38,60.990000050000006,56.77880002
2009-10-29,56.74,60.802000050000004,56.88880002
2009-10-30,55.86,60.613000050000004,57.012000019999995
2009-11-03,54.4,60.31100005,57.08960002
2009-11-04,56.96,60.099000049999994,57.20120002000001
2009-11-05,57.24,59.858000000000004,57.319600019999996
2009-11-06,57.3,59.59499999999999,57.43080002000001
2009-11-09,57.94,59.30800000000001,57.54240002
2009-11-10,58.96,59.09400000000001,57.68320002
2009-11-11,58.0,58.826,57.79000002000001
2009-11-12,58.16,58.589,57.90560002
2009-11-13,58.64,58.456,58.042400019999995
2009-11-17,59.56,58.349000000000004,58.26280001999999
2009-11-18,58.9,58.109,58.42240002
2009-11-19,58.66,57.980999999999995,58.57720002
2009-11-20,58.4,57.851,58.68520002
2009-11-23,59.18,57.802,58.80160002
2009-11-24,59.16,57.769999999999996,58.91760002
2009-11-25,59.42,57.742999999999995,59.026400020000004
2009-11-27,58.88,57.83699999999999,59.124000020000004
2009-11-30,58.72,58.053999999999995,59.21840002
2009-12-01,59.86,58.21,59.30240002000001
2009-12-02,59.42,58.38800000000001,59.38760002000001
2009-12-03,59.94,58.665,59.46720002
2009-12-04,59.22,58.778,59.52360002
2009-12-07,60.14,58.923,59.56240002
2009-12-09,60.24,59.07000000000001,59.59200002000001
2009-12-10,60.38,59.19199999999999,59.62960002
2009-12-11,60.38,59.263,59.65040002
2009-12-14,60.38,59.38199999999999,59.63520002
2009-12-15,59.94,59.471000000000004,59.61560002
2009-12-16,60.54,59.565999999999995,59.61640002
2009-12-17,60.58,59.617,59.63520002
2009-12-18,60.5,59.69699999999999,59.63640002
2009-12-21,59.86,59.757000000000005,59.609600019999995
2009-12-22,58.22,59.748000000000005,59.532799999999995
2009-12-23,59.5,59.763999999999996,59.471599999999995
2009-12-24,58.7,59.74100000000001,59.37200000000001
2009-12-28,59.2,59.73,59.291199999999996
2009-12-29,56.52,59.61199999999999,59.154399999999995
2009-12-30,55.76,59.46400000000001,59.01160000000001
2010-01-04,56.78,59.31,58.9212
2010-01-05,58.28,59.25300000000001,58.85280000000001
2010-01-06,58.46,59.17900000000001,58.748000000000005
2010-01-07,59.080002,59.172000100000005,58.70520004
2010-01-08,59.14,59.1220001,58.66800004000001
2010-01-12,59.6,59.0900001,58.65680004
2010-01-13,60.0,59.071000100000006,58.660800040000005
2010-01-14,59.94,59.0490001,58.660400040000006
2010-01-15,59.56,59.008000100000004,58.71160004
2010-01-19,61.4,59.081000100000004,58.85200004
2010-01-20,60.16,59.0620001,58.920400040000004
2010-01-21,57.8,58.9230001,58.95920004
2010-01-22,57.7,58.7830001,59.02520004
2010-01-25,57.86,58.6830001,59.04320004
2010-01-26,57.36,58.640000099999995,59.04560004
2010-01-27,59.34,58.63200009999999,59.08640004
2010-01-28,57.86,58.5900001,59.08480004
2010-01-29,58.5,58.55500010000001,59.07560004
2010-02-01,59.6,58.709000100000004,59.107600039999994
2010-02-02,60.9,58.966000099999995,59.16240004
2010-02-03,59.68,59.1110001,59.18320004
2010-02-04,58.78,59.136000100000004,59.16760004
2010-02-05,55.5,58.9880001,59.099600040000006
2010-02-08,55.64,58.815999999999995,59.039200040000004
2010-02-09,57.3,58.72399999999999,59.01720004
2010-02-10,58.0,58.64399999999999,58.99360003999999
2010-02-11,59.32,58.61,58.99680004
2010-02-12,60.64,58.644999999999996,59.02120004
2010-02-16,61.82,58.758,59.080000039999994
2010-02-17,61.46,58.76099999999999,59.13480004
2010-02-18,61.96,58.851,59.176800039999996
2010-02-19,62.16,59.069,59.23160004
2010-02-22,62.02,59.285000000000004,59.27320004
2010-02-23,62.2,59.501999999999995,59.33280004
2010-02-24,62.48,59.758,59.37960004000001
2010-02-25,61.94,59.888,59.41360003999999
2010-02-26,62.96,60.142999999999994,59.46520004
2010-03-01,63.3,60.382999999999996,59.52360004
2010-03-02,64.16,60.611000000000004,59.59920004
2010-03-03,64.099998,60.77099989999999,59.6824
2010-03-04,63.28,60.9509999,59.7372
2010-03-05,65.5,61.2869999,59.83560000000001
2010-03-08,65.68,61.79599989999999,59.9392
2010-03-09,65.44,62.2859999,60.0508
2010-03-10,65.16,62.67899990000001,60.1896
2010-03-11,65.6,63.0589999,60.3116
2010-03-12,64.84,63.3349999,60.4344
2010-03-15,64.0,63.502999900000006,60.5304
2010-03-16,65.12,63.6679999,60.7024
2010-03-17,65.32,63.8609999,60.8936
2010-03-18,65.58,64.04199990000001,61.0696
2010-03-19,64.36,64.15199989999999,61.1912
2010-03-23,63.72,64.2369999,61.29639999999999
2010-03-24,63.16,64.2849999,61.37799996
2010-03-25,63.98,64.35999989999999,61.47479995999999
2010-03-26,63.88,64.4569999,61.56039996
2010-03-29,63.74,64.4959999,61.63519996
2010-03-30,64.34,64.54799990000001,61.723199959999995
2010-03-31,64.0,64.5399999,61.811999959999994
2010-04-05,65.26,64.59799999999998,61.88919996
2010-04-06,66.16,64.74199999999999,62.00919996
2010-04-07,66.16,64.775,62.176399960000005
2010-04-08,65.74,64.77799999999999,62.33719996
2010-04-09,66.019997,64.80699985,62.50039989999999
2010-04-12,66.0,64.84899985,62.6731999
2010-04-13,64.88,64.81299985000001,62.7839999
2010-04-14,65.98,64.86999985,62.946399899999996
2010-04-15,65.7,64.95499985,63.090399899999994
2010-04-16,64.8,64.93899985,63.1943999
2010-04-19,64.26,64.88599985,63.2615999
2010-04-20,64.6,64.83699985,63.359999900000005
2010-04-21,64.5,64.84399985,63.4743999
2010-04-22,65.18,64.91699985,63.6679999
2010-04-23,66.2,65.06899985,63.8791999
2010-04-26,66.74,65.20699985,64.0679999
2010-04-27,65.0,65.26299985,64.2079999
2010-04-28,64.9,65.32099984999999,64.3195999
2010-04-29,65.84,65.39599985,64.4235999
2010-04-30,65.48,65.46999985,64.4967999
2010-05-03,65.76,65.49499985,64.5827999
2010-05-04,64.46,65.40999984999999,64.6327999
2010-05-05,62.78,65.24099985,64.6451999
2010-05-06,60.3,64.96899985,64.6107999
2010-05-07,60.3,64.683,64.5727999
2010-05-10,63.18,64.542,64.5867999
2010-05-11,64.0,64.498,64.6279999
2010-05-12,64.0,64.399,64.6487999
2010-05-13,64.7,64.349,64.67679989999999
2010-05-14,64.38,64.328,64.6811999
2010-05-18,63.5,64.28999999999999,64.66919994
2010-05-19,60.92,64.106,64.62199994
2010-05-20,60.58,63.910000000000004,64.52359994
2010-05-21,59.86,63.64399999999999,64.40719994
2010-05-24,62.0,63.43399999999999,64.33839994
2010-05-25,59.76,63.085,64.23039994
2010-05-26,61.34,62.90200000000001,64.14519994
2010-05-27,63.58,62.836,64.11999994
2010-05-28,62.78,62.68300000000001,64.09559994
2010-06-01,63.66,62.592000000000006,64.06639994
2010-06-02,65.019997,62.55499985,64.06039987999999
2010-06-03,64.86,62.574999850000005,64.04599988
2010-06-04,64.86,62.678999850000004,64.05599988
2010-06-08,63.38,62.83299985,64.04919988
2010-06-09,64.9,63.06299985,64.08399988
2010-06-10,65.9,63.19899985000001,64.12239988
2010-06-11,66.66,63.33199984999999,64.17799988
2010-06-15,66.82,63.472999849999994,64.23959988
2010-06-16,67.66,63.62099985,64.30599988
2010-06-17,68.5,63.82699984999999,64.39599988
2010-06-18,68.4,64.07199985,64.45879988
2010-06-21,69.24,64.48799985,64.52039988
2010-06-22,67.94,64.85599985,64.55599988
2010-06-23,69.24,65.32499985000001,64.62599988
2010-06-24,67.92,65.62099985,64.66399994
2010-06-25,68.8,66.07299985,64.71999994
2010-06-28,68.040001,66.4079999,64.78319996
2010-06-29,66.88,66.5729999,64.80119996
2010-06-30,66.8,66.7739999,64.82319996
2010-07-01,66.94,66.9379999,64.86599996
2010-07-02,67.7,67.07200005,64.93479995999999
2010-07-06,68.38,67.24800005,65.01039996
2010-07-07,68.6,67.43500005,65.09239996
2010-07-08,69.94,67.76300004999999,65.18759996
2010-07-09,70.099998,68.02299995,65.26559992
2010-07-12,70.78,68.26699995,65.34639992000001
2010-07-13,71.2,68.49399994999999,65.47039992
2010-07-14,72.12,68.75899995,65.61479992
2010-07-15,72.84,69.01799995,65.75479992000001
2010-07-16,72.26,69.20599995,65.89039992
2010-07-19,72.4,69.40599995,66.02319992
2010-07-21,73.5,69.61899995,66.20399992
2010-07-22,74.68,69.95599995,66.44199992
2010-07-23,75.32,70.25999995,66.74239992
2010-07-26,76.22,70.67499995,67.06079992
2010-07-27,77.44,71.10699995,67.34599992
2010-07-28,76.92,71.5509999,67.60439991999999
2010-07-29,75.54,71.98399989999999,67.83519992
2010-07-30,76.36,72.4619999,68.06839992
2010-08-02,77.16,72.97299989999999,68.32399992
2010-08-03,78.059998,73.49099980000001,68.61519988
2010-08-04,78.9,74.0169998,68.97479988
2010-08-05,78.24,74.4989998,69.32799988
2010-08-06,78.019997,74.90299965,69.69119982000001
2010-08-09,78.28,75.31199975000001,70.01679982
2010-08-10,78.059998,75.67599965,70.38279978
2010-08-11,76.64,75.94799965000001,70.68879978
2010-08-12,75.76,76.12999965,70.93239978000001
2010-08-13,76.080002,76.29199975,71.19839981999999
2010-08-17,77.66,76.56199975000001,71.47839982
2010-08-18,77.76,76.82999975,71.73319988
2010-08-19,77.86,77.04799975,71.99319988
2010-08-20,78.040001,77.21599979999999,72.25679989999999
2010-08-23,78.5,77.3749998,72.5591999
2010-08-24,79.14,77.5209998,72.8439999
2010-08-25,79.0,77.59899979999999,73.1059999
2010-08-26,79.38,77.7219998,73.36039989999999
2010-08-27,80.44,77.96699980000001,73.6327999
2010-08-30,80.12,78.1549998,73.8819999
2010-08-31,81.92,78.39299980000001,74.1503999
2010-09-01,84.3,78.70499989999999,74.46839990000001
2010-09-02,82.8,78.8999999,74.73959989999999
2010-09-03,83.76,79.1759999,75.0559999
2010-09-07,84.059998,79.47799995,75.35239986
2010-09-08,85.82,79.85499995,75.71039986
2010-09-09,85.58,80.23100005,76.04599986
2010-09-10,85.0,80.64900005,76.38519984
2010-09-13,85.18,81.12000005,76.75119984
2010-09-14,85.12,81.57199994999999,77.11759984
2010-09-15,83.9,81.88399995,77.45679984
2010-09-16,83.58,82.17499995,77.77439984
2010-09-17,83.78,82.47099994999999,78.08239984
2010-09-20,85.26,82.8319999,78.41559984
2010-09-21,85.040001,83.15899995,78.71759986
2010-09-22,84.5,83.42699995000001,79.00559989999999
2010-09-23,83.12,83.63299995000001,79.2523999
2010-09-24,83.74,83.85099995,79.5031999
2010-09-27,84.16,84.03699995,79.7439999
2010-09-28,86.82,84.37199995,80.0235999
2010-09-29,88.040001,84.678,80.33919992
2010-09-30,87.9,84.858,80.64919992
2010-10-01,87.68,85.102,80.93279992
2010-10-04,87.56,85.292,81.19039992
2010-10-05,89.5,85.5640001,81.47399992000001
2010-10-06,90.86,85.8160001,81.76679992
2010-10-07,90.019997,86.03799995,82.01839985999999
2010-10-08,91.18,86.34699995000001,82.30359985999999
2010-10-11,91.86,86.68099995,82.62999986000001
2010-10-12,92.76,87.06299995,82.95799986
2010-10-13,93.44,87.53999995000001,83.28359986000001
2010-10-14,91.86,87.95399995,83.5595999
2010-10-15,91.4,88.33499995000001,83.80959990000001
2010-10-19,91.14,88.62899995000001,84.06759989999999
2010-10-20,92.22,88.9879999,84.35159996
2010-10-21,92.78,89.40199989999999,84.64159995999998
2010-10-22,93.16,89.9039999,84.9436
2010-10-25,92.12,90.32299989999999,85.25319999999999
2010-10-26,91.0,90.6649999,85.558
2010-10-27,90.28,90.83799990000001,85.84199996
2010-10-28,90.82,90.97699985,86.10519996
2010-10-29,92.040001,91.1839999,86.39079998
2010-11-02,93.059998,91.45299980000001,86.69479994
2010-11-03,93.62,91.7559998,87.00639991999998
2010-11-04,95.38,92.0499998,87.34399991999999
2010-11-05,95.38,92.2759998,87.66879992
2010-11-08,94.7,92.50999995,87.98279991999999
2010-11-09,93.18,92.60999995,88.25879992
2010-11-10,91.88,92.61099995,88.48759992
2010-11-11,88.92,92.41899995,88.66359992
2010-11-12,85.92,92.04299995,88.74359992
2010-11-16,81.9,91.54499995,88.69559992
2010-11-17,84.46,91.19799995,88.72879992
2010-11-18,86.019997,90.9419998,88.77399986
2010-11-19,84.099998,90.5359997,88.77479986
2010-11-22,84.26,90.1099997,88.74359985999999
2010-11-23,82.26,89.5649997,88.67719986
2010-11-24,83.8,89.1489997,88.65319985999999
2010-11-26,81.78,88.6879997,88.58519986000002
2010-11-29,81.62,88.2549997,88.51519986000001
2010-11-30,82.059998,87.8169996,88.47839981999999
2010-12-01,83.78,87.40399955,88.48239982
2010-12-02,85.34,87.01799965000001,88.51359982
2010-12-03,85.92,86.63299965,88.52679982
2010-12-06,86.5,86.18899965,88.5559998
2010-12-07,85.66,85.70299965000001,88.57919979999998
2010-12-09,84.84,85.20999965,88.61359979999999
2010-12-10,86.84,84.89299965000001,88.6755998
2010-12-13,85.88,84.59299965,88.7099998
2010-12-14,85.76,84.43499965,88.68879980000001
2010-12-15,84.32,84.35499965,88.61439978
2010-12-16,84.3,84.47499965,88.54239978
2010-12-17,83.92,84.44799965,88.46719978000002
2010-12-20,83.22,84.30799979999999,88.38039977999999
2010-12-21,83.62,84.2839999,88.26279978000001
2010-12-22,85.040001,84.32299995000001,88.1463998
2010-12-23,84.82,84.45099995000001,88.04239986
2010-12-27,84.42,84.48199995,87.90719985999998
2010-12-28,82.040001,84.49499999999999,87.71079988
2010-12-29,83.42,84.58500000000001,87.52399987999999
2010-12-30,84.18,84.69100010000001,87.33879988000001
2011-01-03,83.96,84.7000001,87.18079988000001
2011-01-04,83.8,84.6230001,87.02879988000001
2011-01-05,84.44,84.5490001,86.89479988000001
2011-01-06,83.64,84.4060001,86.72319988000001
2011-01-07,82.56,84.2510001,86.51879988
2011-01-11,83.54,84.1860001,86.32639988
2011-01-12,84.72,84.08000009999999,86.17839988
2011-01-13,85.14,84.0430001,86.06119988
2011-01-14,84.9,84.0000001,85.95359988
2011-01-18,84.9,84.02900009999999,85.83519988
2011-01-19,83.98,84.0130001,85.67399986000001
2011-01-20,83.56,83.9950001,85.4839999
2011-01-21,84.52,84.0600001,85.30199990000001
2011-01-24,84.62,84.11000010000001,85.0867999
2011-01-25,83.98,84.05700005000001,84.85879990000001
2011-01-26,84.0,84.01600005,84.64479990000001
2011-01-27,84.040001,83.99700010000001,84.46199992
2011-01-28,83.080002,84.04900015000001,84.28599996000001
2011-01-31,83.72,84.06400015,84.18199996
2011-02-01,83.86,84.04800015,84.14079996000001
2011-02-02,82.96,83.99800015000001,84.16199996000002
2011-02-03,81.78,83.89700015,84.10839996
2011-02-04,80.26,83.68800015000001,83.99320002
2011-02-07,79.36,83.47400015,83.89840006
2011-02-08,79.040001,83.2980002,83.79400008
2011-02-09,80.22,83.13200020000001,83.75320007999998
2011-02-10,78.32,82.8120002,83.64360008000001
2011-02-11,79.0,82.5050002,83.58800008
2011-02-14,78.5,82.1850002,83.52560008
2011-02-15,78.5,81.8650002,83.45440012
2011-02-16,78.0,81.56600019999999,83.33880012
2011-02-17,78.5,81.3130002,83.20200012
2011-02-18,77.3,80.9520002,83.02960012
2011-02-22,77.080002,80.5750003,82.84120016000001
2011-02-23,79.18,80.3350003,82.71160016
2011-02-24,79.44,80.1070003,82.60360016
2011-02-25,80.0,79.90500025,82.46680016
2011-02-28,81.099998,79.80600005,82.37120012
2011-03-01,81.68,79.70400004999999,82.28960011999999
2011-03-02,81.52,79.58700005,82.23360011999999
2011-03-03,83.040001,79.5910001,82.20840014
2011-03-04,83.7,79.6870001,82.20400014
2011-03-07,83.52,79.8500001,82.21000013999999
2011-03-08,82.7,80.0170001,82.19160014
2011-03-09,83.040001,80.21700009999999,82.15160013999999
2011-03-10,81.28,80.2700001,82.08080014000001
2011-03-11,79.88,80.34800010000001,81.99000013999999
2011-03-14,78.7,80.3330001,81.92320012
2011-03-15,76.48,80.23200010000001,81.78440012
2011-03-16,75.8,80.0970001,81.61680012
2011-03-17,80.18,80.20600010000001,81.54120012
2011-03-18,81.44,80.3530001,81.49400012
2011-03-22,81.7,80.5730001,81.43920012
2011-03-23,81.84,80.811,81.40320012000001
2011-03-24,81.98,80.951,81.39160012
2011-03-25,81.26,81.042,81.34600012000001
2011-03-28,80.5,81.06700000000001,81.26160012
2011-03-29,79.52,80.9880001,81.14920012
2011-03-30,80.099998,80.909,81.05320008
2011-03-31,81.0,80.88300000000001,80.97520008
2011-04-01,81.66,80.81399995000001,80.92880008
2011-04-04,81.62,80.70999995,80.89000008
2011-04-05,82.84,80.67599995,80.85640008
2011-04-06,83.36,80.70899994999999,80.83120008
2011-04-07,82.6,80.6869999,80.80360008
2011-04-08,83.64,80.8049999,80.79640008
2011-04-11,82.44,80.9329999,80.76440006000001
2011-04-12,81.28,81.0619999,80.72840002
2011-04-13,81.92,81.33399990000001,80.69240002
2011-04-14,82.4,81.6639999,80.66320002
2011-04-15,81.96,81.75299989999999,80.64320002000001
2011-04-18,81.44,81.75299989999999,80.63640002
2011-04-19,82.080002,81.772,80.67280006
2011-04-20,84.16,81.888,80.76880006
2011-04-25,84.48,82.013,80.87760004
2011-04-26,84.28,82.164,80.95880004
2011-04-27,84.84,82.381,81.08920004000001
2011-04-28,85.28,82.669,81.21480004
2011-04-29,85.24,82.9260001,81.34960004
2011-05-02,84.8,83.1160001,81.47560004
2011-05-03,83.84,83.2250001,81.59240004
2011-05-04,83.88,83.3380001,81.70000004
2011-05-05,83.16,83.3540001,81.81720004
2011-05-06,83.16,83.3440001,81.93879999999999
2011-05-09,83.2,83.37400009999999,82.0192
2011-05-10,84.2,83.4020001,82.1144
2011-05-11,83.080002,83.43400019999999,82.17600004
2011-05-12,84.0,83.57000020000001,82.23400008
2011-05-13,83.64,83.6560002,82.27320008000001
2011-05-16,82.52,83.6620002,82.29320008
2011-05-17,82.72,83.7000002,82.28680006
2011-05-18,82.88,83.77200020000001,82.27040005999999
2011-05-19,82.8,83.8080001,82.25600006
2011-05-20,82.84,83.7420001,82.25880006
2011-05-23,82.0,83.61800009999999,82.23800003999999
2011-05-24,82.48,83.5280001,82.26200004
2011-05-25,82.68,83.42000010000001,82.31800004
2011-05-26,83.52,83.3320001,82.41440004
2011-05-27,84.68,83.30400010000001,82.57840003999999
2011-05-31,86.6,83.3940001,82.79440004
2011-06-01,86.72,83.5380001,82.92520004
2011-06-02,86.72,83.6800001,83.03080003999999
2011-06-03,86.92,83.86800009999999,83.13520004
2011-06-07,87.0,84.0600001,83.23840004
2011-06-08,86.68,84.2340001,83.33240004
2011-06-09,87.0,84.3740001,83.44720003999998
2011-06-10,86.8,84.56,83.57320003999999
2011-06-13,85.92,84.65599999999999,83.70120004
2011-06-14,86.36,84.792,83.82640007999998
2011-06-15,84.44,84.888,83.89520008
2011-06-16,83.6,84.932,83.93400008
2011-06-17,83.8,84.97800000000001,83.97760007999999
2011-06-20,83.68,85.022,83.99440007999999
2011-06-21,84.48,85.104,84.01680008
2011-06-22,85.080002,85.2580001,84.06640012
2011-06-23,84.24,85.3460001,84.07840012000001
2011-06-24,83.88,85.4060001,84.10720012
2011-06-28,84.72,85.4660001,84.17600012000001
2011-06-29,85.24,85.4940001,84.24240012
2011-06-30,84.56,85.39200009999999,84.28560012
2011-07-01,85.0,85.30600009999999,84.34640012
2011-07-05,85.28,85.23400009999999,84.42320012
2011-07-06,16774.42185,919.6090925999999,418.27003707999995
2011-07-07,16738.46372,1752.1822785999998,751.35611148
2011-07-08,16606.39383,2578.1679701000003,1081.7943880799999
2011-07-11,16168.97043,3382.2664916000003,1403.4881966799999
2011-07-12,16020.92151,4178.9725671,1722.2098268799998
2011-07-13,16149.30659,4982.1418966,2043.49035868
2011-07-14,15892.79021,5772.4634071,2359.6413628799996
2011-07-15,15883.01809,6562.392311599999,2675.60572468
2011-07-18,15933.15765,7354.870194099999,2992.5920776799994
2011-07-19,16321.35867,8166.748127600001,3317.34165108
2011-07-21,16511.14341,8988.1212981,3645.9013192799994
2011-07-22,16494.47976,9808.621286099999,3974.1277144799997
2011-07-25,16591.24813,10633.9296925,4304.28867708
2011-07-26,16676.39735,11463.53756,4636.13262408
2011-07-27,16559.55496,12287.321308,4965.662123239999
2011-07-28,16747.50819,13120.460717500002,5298.93228704
2011-07-29,16588.00619,13945.599027,5629.01961084
2011-08-01,16690.56945,14775.899499500001,5961.1805998400005
2011-08-02,16583.8018,15600.8395895,6291.20223584
2011-08-03,16509.52664,16422.0519215,6619.73516864
2011-08-04,16008.09376,16383.735517,6938.241043839999
2011-08-05,15874.85857,16340.555259499999,7254.081415240001
2011-08-08,15348.26918,16277.649026999998,7559.40679884
2011-08-09,15773.29934,16257.8654725,7873.223185639999
2011-08-10,15814.40611,16247.539702499998,8187.857707839999
2011-08-11,15995.09862,16239.829303999999,8506.08928024
2011-08-12,16102.64996,16250.322291499999,8826.44867944
2011-08-16,16196.34897,16265.9888355,9148.64365884
2011-08-17,16231.06241,16280.884073500001,9471.530507039999
2011-08-18,15804.51468,16255.041873999999,9785.88640064
2011-08-19,15722.32538,16215.6009725,10098.594508240001
2011-08-22,15752.10161,16178.482064999998,10411.89654044
2011-08-23,16044.23058,16151.131187500001,10731.04755204
2011-08-24,16087.4834,16121.68549,11051.05722004
2011-08-25,15972.50897,16092.3331905,11368.77139944
2011-08-26,16030.34693,16056.475127499998,11687.65993804
2011-08-29,16324.39948,16043.294792,12012.42072764
2011-08-30,16396.76956,16028.6047975,12338.667318839998
2011-08-31,16409.07662,16019.868538500003,12665.176851240001
2011-09-01,16413.84815,16015.084614000001,12991.777814239998
2011-09-02,16409.92497,16035.1761745,13318.302713640001
2011-09-05,16093.6644,16046.116466000001,13638.48640164
2011-09-06,16326.56998,16095.031506000003,13963.3162012
2011-09-07,16451.60396,16128.946737,14290.6634804
2011-09-08,16433.11569,16159.882216000002,14617.648194200001
2011-09-09,16301.11036,16175.182803,14941.9760014
2011-09-12,16284.99599,16184.300104499998,15265.9711212
2011-09-13,16327.23277,16190.844294499999,15590.824576599998
2011-09-14,16388.94429,16198.738388499998,15916.903462399998
2011-09-15,16574.98984,16237.262146500001,16246.697659200001
2011-09-16,16831.5056,16292.7211575,16247.839334199998
2011-09-19,16821.62808,16346.197481000001,16249.5026214
2011-09-20,16782.41413,16383.106658499999,16253.023027400002
2011-09-21,16586.8396,16408.074468500003,16261.380410799999
2011-09-22,16105.61797,16414.729918499997,16263.074340000001
2011-09-23,15963.2993,16411.377537,16259.3541942
2011-09-26,15868.61908,16388.588517,16258.870771599999
2011-09-27,15959.82587,16366.7413325,16260.4069272
2011-09-28,15891.63451,16340.869227,16259.576464400001
2011-09-29,16060.28841,16323.19124,16254.355059200001
2011-09-30,15866.58086,16296.0240345,16241.4638082
2011-10-03,15543.07134,16268.4943815,16222.435639800002
2011-10-04,15711.49605,16237.740684999997,16204.8405982
2011-10-05,15822.49725,16206.285349499998,16187.762596200002
2011-10-06,15933.96516,16181.327823,16175.2508002
2011-10-07,15876.31665,16160.088137499999,16157.8269694
2011-10-10,16100.08973,16150.842824500001,16148.0686402
2011-10-11,16042.53777,16136.608074500002,16135.108006600001
2011-10-12,16183.7503,16126.348375000001,16127.1069766
2011-10-13,16202.97639,16107.7477025,16120.975971599999
2011-10-14,16261.29688,16079.2372665,16126.040034
2011-10-18,16357.15005,16056.013365,16135.685863599998
2011-10-19,16238.08076,16028.7966965,16153.482095200001
2011-10-20,16272.42054,16013.075743500001,16163.464519199999
2011-10-21,16354.10493,16025.500091500002,16174.2584956
2011-10-24,16423.17659,16048.493956,16182.820055
2011-10-25,16288.67142,16069.496573,16186.5404842
2011-10-26,16309.99881,16087.005219999997,16188.813480999997
2011-10-27,16476.68581,16116.257785,16193.725949
2011-10-28,16443.46905,16135.416817,16206.5050364
2011-10-31,16249.87835,16154.5816915,16217.056095799999
2011-11-01,16000.01854,16177.4290515,16222.014434399998
2011-11-02,15980.84554,16190.896526000002,16220.746733599999
2011-11-03,16125.61543,16206.052435,16221.509374199999
2011-11-04,16024.65468,16210.586911,16222.5522884
2011-11-08,16094.50647,16221.496401999999,16223.835479200001
2011-11-09,15840.00424,16208.4921275,16214.1475744
2011-11-10,15760.95215,16194.4128465,16201.431226199998
2011-11-11,15848.73812,16177.662237499997,16190.2244562
2011-11-15,15820.94198,16158.560517,16178.3663328
2011-11-16,15747.26298,16132.858821999998,16165.113092999998
2011-11-17,15732.64435,16101.633536999998,16157.892692
2011-11-18,15657.99853,16072.6294255,16144.521263
2011-11-21,15483.26245,16033.171521,16125.154432799998
2011-11-22,15398.82496,15985.407522500002,16104.468618200002
2011-11-23,14995.19954,15914.008670000001,16078.3504018
2011-11-24,14953.86599,15847.268398499999,16051.7278018
2011-11-25,14857.40382,15774.638649,16022.3312228
2011-11-28,15160.89002,15708.848859499998,15997.7701374
2011-11-29,15279.07679,15650.6292465,15971.851876399998
2011-11-30,15632.66552,15619.768605,15947.875074800002
2011-12-01,15771.37793,15608.3365745,15926.8700718
2011-12-02,15887.30516,15603.659555499999,15908.967892399998
2011-12-05,15761.04669,15585.4311185,15892.4520342
2011-12-06,15464.77508,15557.437138500001,15879.6351764
2011-12-07,15783.83711,15541.9036705,15876.0459326
2011-12-09,15792.73368,15539.540142499998,15874.528224600002
2011-12-12,15734.7239,15538.228729999999,15870.0261852
2011-12-13,15698.04608,15530.694128,15866.1544166
2011-12-14,15453.27932,15512.310995000002,15854.014234799999
2011-12-15,15430.68904,15496.482297999999,15845.296398399998
2011-12-16,15736.54028,15496.677094499999,15849.1657772
2011-12-19,15646.82304,15496.11832,15847.872317
2011-12-20,15828.14089,15513.362242,15847.9851898
2011-12-21,15898.93931,15538.3679595,15847.2846728
2011-12-22,16032.72538,15590.2442515,15850.4128474
2011-12-23,16050.63477,15645.082690500003,15849.4237482
2011-12-26,15965.23996,15700.474497500001,15847.877792
2011-12-27,15894.53377,15737.156685,15842.0934614
2011-12-28,15938.95911,15770.150801,15836.8131158
2011-12-29,15726.1545,15774.82525,15826.1102682
2011-12-30,15726.1545,15772.5640785,15813.4903572
2011-12-31,15726.1545,15764.5065455,15803.251832000002
2012-01-02,15786.27234,15765.767828000002,15793.528868
2012-01-03,16019.17811,15793.487979499998,15786.830331600002
2012-01-04,16075.73703,15808.082975500001,15779.8815404
2012-01-05,16080.40284,15822.466433500002,15775.716168799998
2012-01-06,16017.96529,15836.628503000004,15769.8754984
2012-01-10,16202.9101,15861.871704000001,15764.399984200001
2012-01-11,16113.03784,15894.85963,15757.791360000001
2012-01-12,15871.93796,15916.922076000003,15750.2325522
2012-01-13,15944.61402,15927.325763,15749.124461800002
2012-01-16,15798.12543,15934.890882500002,15745.4700596
2012-01-17,15995.05191,15943.236433499998,15742.8587892
2012-01-18,16156.94793,15956.1368645,15745.5046542
2012-01-19,16084.23144,15958.7121675,15745.299153599999
2012-01-20,16091.89993,15960.775425499998,15750.337067399998
2012-01-23,16117.63499,15968.395176999999,15757.4707242
2012-01-24,16070.59674,15977.1983255,15761.9078966
2012-01-25,16045.34028,15982.517384,15766.3958626
2012-01-26,16030.50733,15997.7350255,15772.060749600001
2012-01-27,15974.71612,16010.1631065,15776.902184999999
2012-01-30,16149.12352,16031.311557500001,15786.7246848
2012-01-31,16344.14329,16059.205104999997,15803.9423016
2012-02-01,16349.24573,16075.708486,15822.950717000002
2012-02-02,16436.75831,16093.759549999999,15851.7818924
2012-02-03,16443.40156,16111.909486,15881.572603800001
2012-02-06,16429.52364,16132.487403500001,15913.015000200001
2012-02-07,16504.78005,16147.580901,15939.8928008
2012-02-08,16561.45687,16170.0018525,15965.5404024
2012-02-09,16593.62229,16206.086069,15984.759537799999
2012-02-10,16579.43112,16237.826923999999,16000.9206016
2012-02-13,16700.49614,16282.945459499999,16017.1844212
2012-02-14,16747.57228,16320.571478000002,16036.914933000002
2012-02-15,16776.64449,16351.556305999999,16063.152321200001
2012-02-16,17059.55514,16400.322491,16088.666681800001
2012-02-17,17116.73375,16451.564182000002,16115.146683199999
2012-02-20,17150.76468,16503.220666499998,16143.4674988
2012-02-21,17009.89114,16550.1853865,16169.704399999999
2012-02-22,17040.30083,16599.933414000003,16201.4448302
2012-02-23,17212.14742,16659.015418500003,16237.0739978
2012-02-24,17191.99426,16719.879325500002,16266.1830774
2012-02-27,17072.79061,16766.06268,16294.702428800001
2012-02-28,16993.55432,16798.5332315,16318.0106974
2012-02-29,17307.42114,16846.442002,16346.180333999999
2012-03-01,17410.67371,16895.137772,16373.739300599998
2012-03-02,17403.45806,16943.140596999998,16400.795766400002
2012-03-05,17355.37883,16989.4333565,16428.5985438
2012-03-06,17081.36404,17018.262556,16452.3351492
2012-03-07,17128.08726,17046.594075499997,16476.1177122
2012-03-08,17249.19692,17079.372807,16506.5785606
2012-03-09,17252.49867,17113.0261845,16537.105444
2012-03-12,17194.00324,17137.701539499998,16566.462418799998
2012-03-13,17477.54864,17174.200357499998,16600.287944800002
2012-03-14,17410.47547,17205.8919065,16628.113891999998
2012-03-15,17395.48435,17222.688367000002,16654.5088384
2012-03-16,17053.97177,17219.550268,16673.980217
2012-03-20,17140.79846,17219.051957,16696.4368804
2012-03-21,17150.63158,17226.088979,16715.39131
2012-03-22,17068.3474,17227.4913075,16734.4975012
2012-03-23,17329.5112,17233.3594965,16763.648966
2012-03-26,17484.35622,17247.9775945,16794.443809999997
2012-03-27,17388.73788,17263.774958,16826.256059
2012-03-28,17394.36391,17283.8154375,16854.242299
2012-03-29,17534.81712,17295.1852365,16881.7996828
2012-03-30,17450.02228,17297.152665,16909.1154996
2012-03-31,17450.02228,17299.480875999998,16936.277946600003
2012-04-02,17430.74537,17303.249203,16962.5401542
2012-04-03,17435.83969,17320.9729855,16989.8450132
2012-04-04,17447.62985,17336.950115000003,17017.8908046
2012-04-09,17469.57638,17347.969088,17046.6721856
2012-04-10,17425.43926,17356.6161175,17075.6866484
2012-04-11,17588.76741,17376.354326,17104.479526199997
2012-04-12,17602.22986,17382.588387000003,17129.6412576
2012-04-13,17526.28619,17388.378923000004,17153.1820668
2012-04-16,17648.54461,17401.031936,17177.417792800003
2012-04-17,17693.51026,17433.0088605,17202.4199668
2012-04-18,17666.92081,17459.314978000002,17227.167910199998
2012-04-19,17737.42403,17488.654600500002,17251.8207898
2012-04-20,17775.64422,17524.0194415,17276.1045368
2012-04-23,17707.32403,17542.910083000002,17298.378571600002
2012-04-24,17616.78551,17549.5315475,17319.1256594
2012-04-25,17744.85803,17567.337555,17340.0128972
2012-04-26,17846.2196,17589.9303395,17361.9858436
2012-04-27,17944.97716,17610.438341499997,17385.352497
2012-04-30,17865.61565,17631.21801,17401.4737072
2012-05-02,18149.3827,17666.186031,17422.126686199997
2012-05-03,18128.65807,17701.081666000002,17441.684554
2012-05-04,17999.96385,17729.287874,17461.4860082
2012-05-07,18029.88782,17758.400772499997,17481.277748
2012-05-08,17970.64932,17783.454419499998,17496.447786
2012-05-09,17944.0015,17809.3825315,17511.4879308
2012-05-10,17802.61375,17820.0748485,17526.0843936
2012-05-11,17765.30557,17828.228634,17541.5194186
2012-05-14,17406.55005,17822.241826999998,17543.5019968
2012-05-15,17342.85795,17806.957494,17542.1456816
2012-05-16,17377.99457,17791.1817095,17541.636411800002
2012-05-17,17076.3048,17761.650909,17536.0549312
2012-05-18,17159.34618,17732.7470165,17537.614574
2012-05-22,17331.13785,17710.521698,17541.675585800003
2012-05-23,17276.74669,17688.992831000003,17542.2265812
2012-05-24,17203.88734,17668.3479225,17541.2543546
2012-05-25,17136.19754,17637.914898,17540.0982406
2012-05-28,17016.43393,17596.4256145,17530.8759464
2012-05-29,17125.69673,17555.461593,17525.1803716
2012-05-30,16935.75359,17508.96849,17515.985756399998
2012-05-31,17267.77891,17464.8883005,17520.2618992
2012-06-01,16806.9473,17398.802762,17513.584875999997
2012-06-04,16641.72498,17330.890818499996,17503.406744
2012-06-05,16607.46621,17259.769738,17494.1891202
2012-06-06,16734.18108,17197.946325999997,17482.282517800002
2012-06-07,16764.72726,17138.982614,17467.8899386
2012-06-08,16730.20008,17085.3619305,17454.719182599998
2012-06-12,16566.26715,17025.4100095,17438.1572474
2012-06-13,16535.18754,16981.841884,17418.1646558
2012-06-14,16656.37369,16947.517671,17402.291684
2012-06-15,16499.17969,16903.576927,17383.2748322
2012-06-19,16768.25304,16888.174338999997,17370.0249856
2012-06-20,16883.62994,16874.388527,17358.980790600002
2012-06-21,16406.84355,16828.173812,17338.1650646
2012-06-22,16352.18366,16781.945660499998,17315.8172102
2012-06-25,15957.32763,16719.617674999998,17286.4549776
2012-06-26,15992.26304,16662.42095,17254.5248902
2012-06-27,16308.70963,16627.034735,17228.6544856
2012-06-28,16151.58924,16578.3293605,17201.1605466
2012-06-29,16408.20339,16551.9518505,17176.353722199998
2012-06-30,16408.20339,16508.9730745,17150.6475848
2012-07-03,16707.2046,16503.985939500002,17131.4532606
2012-07-04,16681.63339,16505.981359999998,17110.3374478
2012-07-05,16746.66525,16512.941312,17089.7578684
2012-07-06,16687.73574,16510.619045,17069.3661026
2012-07-09,16615.81114,16503.173239,17049.3466152
2012-07-10,16555.10399,16494.4184345,17025.5515344
2012-07-11,16674.05766,16499.80796,17002.1082956
2012-07-12,16459.65907,16496.0315365,16972.4019338
2012-07-13,16591.02319,16492.764011500003,16946.9100846
2012-07-16,16563.02058,16495.956056,16915.1828422
2012-07-17,16615.89274,16488.338041000003,16884.9275356
2012-07-18,16666.43565,16477.4783265,16858.2569716
2012-07-19,16721.25558,16493.198928,16832.084326800003
2012-07-23,16591.01529,16505.1405095,16804.4916462
2012-07-24,16596.92809,16537.120532499997,16777.550177999998
2012-07-25,16436.00791,16559.307776,16750.2180612
2012-07-26,16511.88443,16569.466516,16725.1496384
2012-07-27,16861.18631,16604.9463695,16714.2423636
2012-07-30,16842.47728,16626.660064,16704.2347502
2012-07-31,16748.89634,16643.6947115,16691.6527856
2012-08-01,16691.73376,16642.9211695,16683.961364799998
2012-08-02,16526.5446,16635.16673,16671.305333199998
2012-08-03,16455.78203,16620.622569,16653.798216799998
2012-08-06,16395.52396,16606.01198,16636.1737622
2012-08-08,16134.04544,16581.923695,16614.7769242
2012-08-09,16531.34835,16580.735913,16602.6799404
2012-08-10,16625.58052,16578.312056000002,16594.8628722
2012-08-13,16571.23117,16583.890661,16583.773560999998
2012-08-14,16678.58716,16588.2688595,16578.6302324
2012-08-15,16791.63218,16599.6994395,16569.1072978
2012-08-16,16851.70649,16611.490126999997,16570.0024816
2012-08-17,16873.96983,16621.866835999997,16574.6473786
2012-08-21,16742.82735,16622.945424499998,16577.3546014
2012-08-22,16782.71234,16632.530276999998,16578.3252266
2012-08-23,16794.71776,16642.4197605,16578.925036599998
2012-08-24,16730.54205,16657.1464675,16578.931876000002
2012-08-27,16759.94979,16669.5497355,16582.8055288
2012-08-28,16838.75083,16668.427961499998,16588.8767946
2012-08-29,16758.41468,16664.2248315,16590.917614399998
2012-08-30,16686.41563,16661.100796000002,16594.662333199998
2012-08-31,16690.40682,16661.034449,16593.1054088
2012-09-03,16675.54906,16668.484672,16588.9437912
2012-09-04,16556.20446,16673.5057935,16591.9310094
2012-09-05,16505.56717,16679.007954,16594.9986796
2012-09-06,16813.36055,16712.9737095,16612.119338
2012-09-07,16898.86929,16731.3497565,16630.251463
2012-09-10,16833.12784,16741.727122499997,16640.7398272
2012-09-11,16855.65915,16755.9485215,16654.8212254
2012-09-12,16835.13791,16763.776059,16663.3599158
2012-09-13,16960.81355,16772.2351275,16674.412119
2012-09-14,17094.43949,16784.371777500004,16682.156816799998
2012-09-17,16826.28778,16781.987675,16685.0499046
2012-09-18,16898.90904,16789.791759499996,16688.0947804
2012-09-19,17063.16572,16803.814428499998,16695.60338
2012-09-20,17049.60654,16816.558867499996,16704.279287999998
2012-09-21,17110.53041,16835.5582855,16715.387816399998
2012-09-24,16977.29289,16846.425440500003,16721.452521
2012-09-25,16897.85332,16849.380565000003,16730.216406
2012-09-26,16873.03853,16855.1117575,16735.8567128
2012-09-27,16995.50326,16870.566139,16744.5063664
2012-09-28,16844.61638,16878.276617,16749.0808392
2012-09-30,16844.61638,16886.729983,16752.6444538
2012-10-01,16879.58703,16902.8991115,16755.8110828
2012-10-02,17012.68596,16928.255051,16764.244496199997
2012-10-03,16964.68575,16935.821311,16771.5996494
2012-10-04,17087.93146,16945.2744195,16784.6381204
2012-10-05,17090.37538,16958.136796500003,16796.2079394
2012-10-08,17061.45712,16968.426695,16800.2133556
2012-10-09,17007.84102,16977.0618505,16803.5206304
2012-10-10,17039.53245,16980.9977955,16809.333352600002
2012-10-11,17061.136289,16979.332635450002,16816.72140318
2012-10-12,17123.273161,16994.1819045,16828.6559744
2012-10-16,17274.145617,17012.943733350003,16845.02324614
2012-10-17,17594.807147,17039.525804700002,16869.008909879998
2012-10-18,17820.096172,17078.0502863,16902.72992452
2012-10-19,17866.577763,17115.85265395,16929.43451278
2012-10-22,18022.508096,17168.11341425,16957.3730643
2012-10-23,17969.170702,17221.67928335,16985.33185494
2012-10-24,18019.821548,17279.01843425,17012.156542700002
2012-10-25,18386.01249,17348.543895749997,17044.0441489
2012-10-26,18368.39933,17424.733043250002,17074.3780057
2012-10-29,18425.21656,17503.76305225,17105.4029403
2012-10-30,18200.34029,17569.80071525,17134.553199100003
2012-10-31,18145.25404,17626.42911925,17161.8040331
2012-11-01,17759.628964,17666.176279950003,17181.10225718
2012-11-02,17588.01075,17691.18024445,17198.25163118
2012-11-06,17470.423808,17710.18266585,17212.46111154
2012-11-07,17051.04077,17709.66184835,17216.70691034
2012-11-08,17498.05172,17734.17238335,17231.49965114
2012-11-09,17541.852891,17759.288405400002,17248.60839636
2012-11-13,17473.312816,17779.897231749997,17264.26651628
2012-11-14,17348.444545,17791.15580095,17277.72442598
2012-11-15,17457.74815,17800.3359276,17295.75529978
2012-11-16,17435.53701,17792.372420749998,17314.354696579998
2012-11-19,17479.079518,17775.32158805,17327.66907594
2012-11-20,17473.532316,17755.6693157,17339.16233646
2012-11-21,17522.657935,17730.67680765,17352.95293836
2012-11-22,17499.843759,17707.2104605,17365.83663054
2012-11-23,17473.3456,17679.886663100002,17378.60078434
2012-11-26,17389.171794,17630.0446283,17387.167949220002
2012-11-27,17371.978983,17580.22361095,17392.71873908
2012-11-28,17423.269941,17530.12628,17404.6583823
2012-11-29,17514.063237,17495.81242735,17416.96146624
2012-11-30,17631.626598,17470.13105525,17428.3306838
2012-12-03,17709.837277,17467.6414709,17441.535298540002
2012-12-04,17772.930083,17476.887437549998,17454.783292
2012-12-05,17965.040545,17501.6182744,17474.5382451
2012-12-06,18004.573198,17549.294895799998,17496.67264266
2012-12-07,18036.953634,17576.239991500002,17519.950944739998
2012-12-10,18074.457562,17602.87022505,17541.53003078
2012-12-11,18182.717215,17638.340445,17568.29204748
2012-12-12,18226.678191,17682.2521273,17595.9332837
2012-12-13,18161.635891,17717.44651435,17621.57426092
2012-12-14,18106.375079,17750.9884178,17643.448043300003
2012-12-17,18123.689616,17783.218922699998,17666.62812062
2012-12-18,18132.933851,17816.18899945,17687.52816844
2012-12-19,18256.274061,17852.86980575,17710.84614206
2012-12-20,18188.234714,17887.289353499997,17733.38169394
2012-12-21,18183.523305,17922.79823875,17756.895339640003
2012-12-24,18287.902575,17967.734777800004,17781.86274214
2012-12-26,18292.457407,18013.758698999998,17806.489164500003
2012-12-27,18422.865353,18063.7384696,17832.48100834
2012-12-28,18366.210516,18106.34583355,17854.32230632
2013-01-02,18293.751679,18139.4520876,17868.30119696
2013-01-03,18475.707344,18177.745590950002,17881.4134204
2013-01-04,18532.455876,18215.7218806,17894.730982660003
2013-01-08,18367.346679,18235.8371873,17901.627754319998
2013-01-09,18491.78896,18260.1979754,17912.08011948
2013-01-10,18425.674896,18279.6340385,17920.19718644
2013-01-11,18417.735878,18296.797954300004,17920.8316542
2013-01-14,18448.715623,18310.0978747,17922.43798006
2013-01-15,18433.533865,18320.440658400003,17922.60432616
2013-01-16,18460.212062,18335.36946695,17927.8017616
2013-01-17,18379.578942,18349.0296601,17932.48825964
2013-01-18,18479.727244,18366.8315415,17946.89022524
2013-01-21,18481.937743,18384.2817361,17964.7687651
2013-01-22,18574.209484,18400.17850725,17986.844478619998
2013-01-23,18608.154344,18421.17448875,18017.9867501
2013-01-24,18682.478233,18446.12223515,18041.67528036
2013-01-25,18710.074847,18467.230848749998,18065.039719480003
2013-01-28,18645.47653,18484.881804900004,18088.48299376
2013-01-29,18723.163589,18499.8967167,18115.97737464
2013-01-30,18746.150655,18518.89372365,18141.745424740002
2013-01-31,18694.427808,18538.927530099998,18166.9232407
2013-02-01,18807.431841,18555.51375495,18193.49028716
2013-02-04,18788.979014,18568.339911850002,18219.799221120003
2013-02-05,18918.39237,18595.8921964,18247.713909820002
2013-02-06,18825.114318,18612.5584643,18274.219320999997
2013-02-07,18729.400109,18627.74472495,18299.34041118
2013-02-08,18731.388923,18643.427377199998,18326.18475376
2013-02-11,18611.002352,18651.541713649996,18350.96522114
2013-02-12,18627.175077,18661.223774249996,18375.04332386
2013-02-13,18757.86986,18676.10666415,18399.91945632
2013-02-14,18758.968012,18695.07611765,18422.4662846
2013-02-15,18618.676357,18702.0235733,18440.6430662
2013-02-18,18647.566138,18710.30499305,18458.135787299998
2013-02-19,18517.097281,18707.4493829,18469.17692202
2013-02-20,18471.725289,18700.62793015,18478.51996384
2013-02-21,18461.745449,18689.591290949997,18487.015800139998
2013-02-22,18540.227343,18681.09891575,18496.331195759998
2013-02-25,18552.481577,18676.4491681,18503.726483
2013-02-26,18485.557296,18664.56885345,18508.9040651
2013-02-27,18498.553397,18652.188990550003,18515.642415219998
2013-02-28,18465.714216,18640.75331095,18522.829197959996
2013-03-01,18417.86211,18621.2748244,18528.712647840002
2013-03-04,18254.204014,18594.5360744,18531.1380511
2013-03-05,18181.956685,18557.714290149997,18529.651703580003
2013-03-06,18098.471806,18521.38216455,18527.85644542
2013-03-07,17938.092931,18481.81680565,18522.94783794
2013-03-08,17950.60667,18442.777693,18516.201919839998
2013-03-11,17968.236051,18410.63937795,18509.71749272
2013-03-12,18034.74569,18381.017908600003,18501.95509946
2013-03-13,17928.700178,18339.5594245,18493.2048927
2013-03-14,17933.427605,18298.282404150003,18485.998411219996
2013-03-15,18101.90766,18272.4439693,18478.52241754
2013-03-18,17832.09683,18231.6705039,18464.515236619998
2013-03-19,17635.670075,18187.5991436,18449.881704540003
2013-03-20,17628.612102,18145.443484249998,18432.61816738
2013-03-21,17650.062024,18104.859313,18417.10590994
2013-03-22,17665.824435,18061.1391676,18402.06768108
2013-03-26,17804.974479,18023.763812700003,18389.1928582
2013-03-27,17783.539218,17988.662908799997,18376.19296526
2013-03-31,17783.53922,17952.91219995,18362.659508419998
2013-04-01,17734.252407,17916.3391095,18349.75297772
2013-04-02,17735.08878,17882.200443,18334.86020844
2013-04-03,17520.79701,17845.5300928,18315.637393779998
2013-04-04,17621.36683,17817.50060005,18296.5805407
2013-04-05,17640.289,17794.59145975,18277.22323382
2013-04-08,17509.215311,17773.147578750002,18253.757975380002
2013-04-09,17643.486034,17757.79154695,18232.42619912
2013-04-10,17668.723972,17742.815943,18212.89114796
2013-04-11,17754.016684,17728.7794927,18193.50820986
2013-04-12,17590.459922,17711.8674799,18170.3943952
2013-04-15,17072.295002,17668.81084975,18137.95173908
2013-04-16,17114.655308,17619.44823215,18104.09620842
2013-04-17,17058.762953,17580.7815383,18069.491887199998
2013-04-18,17094.052663,17553.7006677,18033.005093059997
2013-04-19,17118.723271,17528.20622615,17998.87727212
2013-04-22,17194.940776,17505.45016375,17968.18808546
2013-04-23,17193.336048,17481.825744399997,17937.427027960002
2013-04-24,17219.8366,17452.56885045,17909.603712919998
2013-04-25,17223.725448,17424.578161949998,17881.534720339998
2013-04-26,17114.823642,17391.14238305,17848.67379598
2013-04-29,17064.660605,17357.66279295,17814.78764784
2013-04-30,16892.73894,17315.545300949998,17780.2688995
2013-05-02,17003.117126,17289.66130675,17747.379919259998
2013-05-03,17031.699814,17260.17795595,17717.67196992
2013-05-06,16913.29399,17223.82820545,17686.50334394
2013-05-07,16928.40975,17194.7879274,17655.83662996
2013-05-08,16788.821849,17152.05471815,17620.80852008
2013-05-09,16787.64442,17108.00074055,17585.511776940002
2013-05-10,16592.561445,17049.9279786,17547.65185992
2013-05-14,16679.215861,17004.36577555,17511.2651092
2013-05-15,16819.197661,16991.7109085,17478.334778099997
2013-05-16,16921.389491,16982.04761765,17448.40532572
2013-05-17,16953.625191,16976.790729549997,17422.39374926
2013-05-20,16871.804018,16965.6782973,17396.19069592
2013-05-21,16960.135401,16957.7489038,17373.42396782
2013-05-22,17001.841527,16948.09394135,17354.698939740003
2013-05-23,17050.501107,16940.9521943,17336.69682848
2013-05-24,17101.585451,16935.03963685,17319.36381648
2013-05-27,17096.19112,16928.66292045,17300.592725079998
2013-05-28,17233.027268,16934.57310175,17286.67926688
2013-05-29,17154.621531,16939.07114805,17271.1031454
2013-05-30,17096.710778,16949.26973995,17250.99920776
2013-05-31,16707.008776,16934.46432245,17228.497446679998
2013-06-04,16894.737482,16927.616205849998,17213.67879482
2013-06-05,16863.314508,16925.11723175,17198.37284294
2013-06-06,16817.972908,16919.59538965,17181.73106062
2013-06-07,16770.663702,16918.6874823,17163.827845959997
2013-06-11,16577.525638,16908.1815432,17139.27886914
2013-06-12,16338.682222,16895.487582050002,17110.381729219996
2013-06-13,16337.362154,16878.3948967,17081.458187900003
2013-06-14,16410.276786,16857.94885295,17054.97867548
2013-06-17,16392.701723,16831.51446455,17028.13093434
2013-06-18,16602.676186,16813.9670143,17009.76851786
2013-06-19,16551.972438,16797.9754353,16988.380630019998
2013-06-20,16185.838916,16759.26061105,16959.291628339997
2013-06-21,15997.116972,16709.024383300002,16929.04966156
2013-06-24,15749.848242,16643.99174005,16891.17690572
2013-06-25,15646.872364,16571.2560857,16850.73987356
2013-06-26,15818.964426,16507.394751,16812.0388284
2013-06-27,15847.638818,16438.125328500002,16777.18240632
2013-06-28,16213.274793,16391.057991600002,16760.002002139998
2013-06-30,16213.274793,16346.886192349999,16741.97439184
2013-07-02,16184.198003,16320.7456537,16724.48309284
2013-07-03,16128.132685,16282.415413850002,16705.16469328
2013-07-04,16162.12736,16247.356056449999,16686.03277506
2013-07-05,16031.179229,16208.016372499998,16662.757544120002
2013-07-08,15917.440966,16165.3552357,16637.23964248
2013-07-09,15815.402358,16127.2490717,16609.150957640002
2013-07-10,15564.756471,16088.552784149997,16575.9715781
2013-07-11,15902.448487,16066.8071008,16551.724075
2013-07-12,16100.654565,16051.325989750001,16532.4439542
2013-07-15,16405.687581,16051.97528265,16522.70292702
2013-07-16,16505.430086,16047.112977650002,16512.74918622
2013-07-17,16726.945844,16055.86164795,16506.65410682
2013-07-18,16859.465199,16089.542962100002,16505.577531000003
2013-07-19,16914.562242,16135.415225599998,16505.30058084
2013-07-22,16719.795916,16183.9126093,16503.92006218
2013-07-23,17003.139555,16251.72596885,16508.22996488
2013-07-24,17105.652668,16316.060380949999,16518.491789339998
2013-07-25,17069.563116,16377.15659585,16526.29873444
2013-07-26,17001.91857,16416.588784699998,16529.95315262
2013-07-29,16952.960675,16453.5730788,16530.5845763
2013-07-30,17006.390734,16494.682715349998,16531.63988716
2013-07-31,16855.635132,16531.0578377,16531.31650944
2013-08-01,17108.505204,16578.3767299,16534.2839055
2013-08-02,17267.927989,16640.214167899998,16539.60563474
2013-08-05,17231.492165,16705.91672785,16543.2254559
2013-08-06,17246.697372,16777.48147855,16546.127694320003
2013-08-08,17210.500396,16859.7686748,16548.41387984
2013-08-09,17254.245587,16927.3585298,16548.83824622
2013-08-12,17275.733692,16986.11248615,16551.26048944
2013-08-13,17410.011158,17036.328665,16557.52649704
2013-08-14,17517.312441,17086.92278275,16573.73257034
2013-08-15,17349.796338,17118.06530745,16582.833747459998
2013-08-16,17322.725293,17141.22831215,16592.02196316
2013-08-20,17300.475912,17160.523995649997,16601.67202324
2013-08-21,17277.209639,17188.3946818,16611.80294198
2013-08-22,17267.066035,17201.5910058,16625.59374992
2013-08-23,17249.981759,17208.807460350003,16643.81974066
2013-08-26,17183.730041,17214.5158066,16660.7470984
2013-08-27,17186.661363,17223.752946250002,16676.27478994
2013-08-28,17385.251373,17245.36748115,16696.125782940002
2013-08-29,17264.110013,17258.253445100003,16709.35445948
2013-08-30,17332.852518,17282.1143144,16724.97206108
2013-08-31,17332.852518,17293.3316801,16747.91233312
2013-09-02,17362.318348,17298.05119805,16775.216360640003
2013-09-03,17411.718374,17307.0625085,16808.45376328
2013-09-04,17504.454767,17319.95037825,16845.605411340002
2013-09-05,17502.666928,17334.55870485,16879.27946138
2013-09-06,17400.095672,17341.8512091,16910.32859846
2013-09-09,17561.734887,17356.15126885,16937.297800340002
2013-09-10,17695.316996,17370.41656075,16966.938644399997
2013-09-11,17735.35966,17381.318921699996,16997.961877539998
2013-09-12,17715.365391,17399.59737435,17029.706531660002
2013-09-13,17647.709317,17415.84657555,17059.4181708
2013-09-16,17621.047808,17431.87517035,17091.21554238
2013-09-17,17703.015823,17453.16547955,17126.92703952
2013-09-18,17695.856937,17474.60502465,17164.536131099998
2013-09-19,17695.383315,17496.87510245,17207.14866798
2013-09-20,17710.151263,17523.196163549997,17243.3027235
2013-09-23,17769.191419,17552.32266635,17276.673460579997
2013-09-24,17792.572626,17572.688729,17304.41116148
2013-09-25,17838.778048,17601.42213075,17331.078120719998
2013-09-26,17723.808618,17620.96993575,17351.015376199997
2013-09-27,17755.131228,17642.08387125,17368.92869678
2013-09-30,17563.640364,17652.14997205,17381.91025922
2013-10-01,17628.031731,17662.9656399,17400.07497552
2013-10-02,17622.518088,17668.868805950002,17412.46254618
2013-10-03,17600.018852,17673.736402150003,17422.349869859998
2013-10-04,17569.112827,17682.187259899998,17432.34086408
2013-10-07,17587.14193,17683.45761205,17444.04533128
2013-10-08,17626.837148,17680.03361965,17457.52286074
2013-10-09,17568.974769,17671.714375100004,17468.774541439998
2013-10-10,17638.247519,17667.8584815,17484.42678918
2013-10-11,17701.495682,17670.547799750002,17496.28659874
2013-10-15,17733.62941,17676.17687985,17505.60062716
2013-10-16,17769.664033,17679.509290349997,17516.364064520003
2013-10-17,17791.441145,17684.288500749997,17527.258939979998
2013-10-18,17883.380362,17693.6883531,17540.7165393
2013-10-21,17868.821349,17701.6218574,17553.00805454
2013-10-22,17806.500269,17703.4872999,17563.62338608
2013-10-23,17783.537513,17703.03554425,17571.09391318
2013-10-24,17832.768235,17702.735053599998,17577.403029060002
2013-10-25,17820.104122,17707.5498288,17586.80918474
2013-10-28,17715.218586,17705.5541967,17594.6590506
2013-10-29,17713.18355,17713.031356,17602.91320336
2013-10-30,17666.407008,17714.95011985,17610.69715074
2013-10-31,17466.947729,17707.171601899998,17614.694784620002
2013-11-01,17562.35753,17705.2885358,17620.94230004
2013-11-05,17378.961769,17695.7809829,17624.8469346
2013-11-06,17398.94008,17686.3708904,17629.092508939997
2013-11-07,17169.203969,17663.48923145,17624.771560859997
2013-11-08,16813.415913,17625.71128865,17615.757678859998
2013-11-12,16290.89809,17558.3438172,17594.9185903
2013-11-13,16660.228893,17506.280477750002,17581.4661178
2013-11-14,16751.702002,17457.184107350004,17569.25379088
2013-11-15,16750.591914,17406.2305014,17556.03126168
2013-11-18,16738.615212,17353.589204750002,17540.71447058
2013-11-19,16690.947213,17293.967547300002,17524.48007628
2013-11-20,16655.382522,17233.295605950003,17509.58581328
2013-11-21,16623.2456,17174.1328725,17490.81602754
2013-11-22,16579.944648,17113.95322925,17468.50858058
2013-11-25,16380.711304,17041.350382700002,17441.41561346
2013-11-26,16284.939079,16964.59213055,17412.80708722
2013-11-27,16253.678912,16891.51514685,17384.92647912
2013-11-28,16298.929623,16820.8024505,17358.48411542
2013-11-29,16325.343369,16753.74926855,17330.930666340002
2013-12-02,16282.07014,16694.505389100003,17302.6549304
2013-12-03,16295.063984,16631.1407118,17274.64854378
2013-12-04,15898.094646,16557.09735565,17238.40741144
2013-12-05,16127.095251,16493.5051142,17205.56548808
2013-12-06,16019.156433,16436.0027374,17170.09716422
2013-12-09,16169.692368,16403.81656015,17136.715450620002
2013-12-10,16267.51792,16402.64755165,17107.589636660003
2013-12-11,16334.817681,16386.376991049998,17079.18336572
2013-12-12,16493.668619,16373.475321899998,17057.783930820002
2013-12-13,16409.426136,16356.417033,17033.411818919998
2013-12-16,16096.099833,16324.29126405,17002.88345382
2013-12-17,16190.721557,16299.279981249998,16974.697507920002
2013-12-18,16027.01394,16267.861552149998,16943.85553018
2013-12-19,16099.92279,16241.695411650002,16914.11114738
2013-12-20,16329.730677,16229.184713100001,16888.16901796
2013-12-23,16050.251689,16212.661732350001,16857.79455636
2013-12-24,16192.523696,16208.0409632,16828.8800799
2013-12-26,16080.898578,16199.401946499998,16796.46813782
2013-12-27,16068.427423,16187.876836500003,16763.16409808
2013-12-30,16085.916698,16175.905502950001,16729.48915138
2014-01-02,16150.065564,16169.30527415,16696.66163976
2014-01-03,16049.003774,16157.002263649998,16659.974108
2014-01-07,15790.892794,16151.64217105,16618.4155369
2014-01-08,15698.992779,16130.23704745,16576.2653871
2014-01-09,15671.37355,16112.8479033,16534.022107840003
2014-01-10,15457.528736,16077.239721700002,16486.51731786
2014-01-13,15430.662099,16035.396930650002,16438.7284774
2014-01-14,15458.661031,15991.589098150002,16393.5973263
2014-01-15,15518.454616,15942.828398000001,16349.702747620002
2014-01-16,15388.63227,15891.7887047,16304.147252859999
2014-01-17,15395.829166,15856.77517135,16262.7248816
2014-01-20,15414.145539,15817.94637045,16219.76064178
2014-01-21,15366.804111,15784.935879000002,16179.51748862
2014-01-22,15453.449631,15752.61222105,16140.607679640001
2014-01-23,15195.539345,15695.90265445,16101.13438716
2014-01-24,14980.754256,15642.4277828,16064.48115402
2014-01-27,14764.839148,15571.0435554,16033.95997518
2014-01-28,14645.111731,15499.254213050002,15993.657631940001
2014-01-29,14561.318257,15423.89875475,15949.849957039998
2014-01-30,14569.714578,15348.08864875,15906.232410319999
2014-01-31,14620.851798,15271.627960449998,15863.87714204
2014-02-03,14510.40872,15194.69820775,15820.266372179998
2014-02-04,14552.042288,15132.755682449997,15778.1995675
2014-02-05,14687.181472,15082.165117100001,15739.47828494
2014-02-06,14906.372834,15043.915081299998,15706.00684866
2014-02-07,15020.214819,15022.04938545,15678.796918959999
2014-02-10,14875.606018,14994.2965814,15650.61025774
2014-02-11,15010.609546,14971.89400715,15625.74887042
2014-02-12,15185.753786,14955.25896565,15603.48535368
2014-02-13,15231.644863,14947.409595300001,15581.611383559999
2014-02-14,15305.664491,14942.90136155,15562.08327058
2014-02-17,15279.242662,14936.156217700001,15541.76684414
2014-02-18,15379.676732,14936.79984875,15531.39848586
2014-02-19,15491.117987,14938.68326655,15518.678940580001
2014-02-20,15280.27408,14942.9200033,15503.90129352
2014-02-21,15238.23983,14955.794281999999,15485.27224276
2014-02-24,15380.918738,14986.5982615,15467.540259119998
2014-02-25,15047.102265,15006.697788199997,15441.785950799998
2014-02-26,14917.788114,15024.52128105,15410.268340699999
2014-02-27,14981.214783,15045.0962913,15381.70411364
2014-02-28,15231.073106,15075.607356700002,15364.4035791
2014-03-03,15063.658542,15103.2698478,15341.862318799998
2014-03-04,15411.990218,15146.267244300001,15329.56184436
2014-03-05,15650.888953,15194.452618350002,15320.58116762
2014-03-06,15902.330127,15244.250483000002,15312.033156619998
2014-03-07,15734.899298,15279.98470695,15305.726108800001
2014-03-10,15729.774339,15322.693123,15296.47112166
2014-03-11,15874.207918,15365.8730416,15292.33730846
2014-03-12,15884.453281,15400.808016350002,15288.65782562
2014-03-13,16006.322673,15439.54190685,15287.065945119999
2014-03-14,15928.05705,15470.6615348,15282.62577484
2014-03-17,15998.050519,15506.601927649997,15281.60670974
2014-03-18,15955.684967,15535.402339400001,15284.9025532
2014-03-19,15991.840275,15560.438453799998,15290.75950312
2014-03-20,16128.095544,15602.829526999998,15299.893943000001
2014-03-21,16117.052994,15646.7701852,15313.08442816
2014-03-25,16429.461169,15699.197306750002,15333.06040956
2014-03-26,16530.412109,15773.36279895,15354.49543112
2014-03-27,16707.917505,15862.869268500002,15378.2846889
2014-03-28,16808.212912,15954.219174950002,15406.67630174
2014-03-31,16952.297764,16040.28040785,15437.8056737
2014-04-01,16991.515567,16136.6732591,15469.35307426
2014-04-02,17145.844089,16223.365952649998,15504.93387382
2014-04-03,17205.809199,16301.111964949998,15539.98106518
2014-04-04,17102.168092,16361.103863199998,15578.113640120002
2014-04-07,16904.860254,16419.601910999998,15616.59576008
2014-04-08,16804.667804,16473.34658425,15657.3923332
2014-04-09,16772.65867,16518.26912185,15699.943271979999
2014-04-10,16894.520279,16568.77247175,15746.607312420001
2014-04-11,16855.821415,16611.24740885,15792.32944916
2014-04-14,16965.064701,16663.0977914,15839.21370722
2014-04-15,16775.890723,16701.9898016,15884.52334728
2014-04-16,16866.323328,16747.521719649998,15930.80896808
2014-04-21,16783.865833,16787.12299755,15972.7426553
2014-04-22,16852.200694,16823.32825505,16011.6592125
2014-04-23,16801.137981,16857.5325044,16047.277675740002
2014-04-24,16664.326246,16869.275758249998,16083.052080299998
2014-04-25,16733.812043,16879.44575495,16117.51613024
2014-04-28,16741.359248,16881.1178421,16148.62823948
2014-04-29,16859.870646,16883.7007288,16181.192755139999
2014-04-30,16802.504811,16876.21108115,16211.12956154
2014-05-02,16670.897277,16860.18016665,16238.96265384
2014-05-05,16579.543491,16831.865136750002,16262.95998902
2014-05-06,16594.902689,16801.319811250003,16285.03568306
2014-05-07,16713.084797,16781.865646500002,16313.6918974
2014-05-08,16818.331223,16777.53919495,16345.29372526
2014-05-09,16818.708324,16778.241220949996,16374.049516980001
2014-05-12,16941.001639,16786.6583694,16411.92750446
2014-05-13,16964.550354,16790.15987315,16452.86274926
2014-05-14,16969.56757,16795.8471809,16492.629804999997
2014-05-15,16842.993445,16789.7436181,16524.868211779998
2014-05-16,16926.696167,16797.2838903,16562.12896428
2014-05-19,16906.078526,16799.2716502,16592.01073044
2014-05-20,16696.940993,16794.9254082,16612.93177124
2014-05-21,16813.573395,16792.99404325,16631.1566366
2014-05-22,16723.665285,16789.12040845,16650.93195634
2014-05-23,16746.823912,16793.245291749998,16671.2729478
2014-05-26,16717.197875,16792.41458335,16688.13274694
2014-05-27,16714.962237,16791.0947328,16704.74292606
2014-05-28,16695.35693,16782.869047,16718.5236112
2014-05-29,16708.078403,16778.1477266,16734.12403826
2014-05-30,16667.017194,16777.95372245,16747.50337176
2014-06-03,16866.457207,16792.29940825,16765.71881656
2014-06-04,16829.208464,16804.014697,16782.46618034
2014-06-05,16906.031849,16813.6620496,16798.02490644
2014-06-06,16844.693189,16814.980147899998,16812.57771034
2014-06-09,16915.020983,16819.79578085,16822.28890662
2014-06-10,17220.395157,16833.76545675,16836.088567580002
2014-06-11,17286.366914,16849.85628475,16847.65755576
2014-06-12,17227.834688,16862.769640649996,16856.04999128
2014-06-13,17248.669624,16883.0534496,16861.97742848
2014-06-16,17366.152509,16905.0262667,16869.47016732
2014-06-17,17272.117764,16923.3282286,16871.995640819998
2014-06-18,17303.482823,16953.6553201,16873.9491133
2014-06-19,17287.042806,16977.328790649997,16877.646607579998
2014-06-20,17336.688855,17007.97996915,16886.283179600003
2014-06-24,17354.158965,17038.3467218,16897.273002820002
2014-06-25,17295.279003,17067.2507782,16907.72540948
2014-06-26,17224.694874,17092.73741005,16914.32890138
2014-06-27,17175.47788,17116.743457549997,16920.722030679997
2014-07-01,17177.455174,17140.2122961,16924.96984014
2014-07-02,17162.367748,17164.9798238,16932.699380640002
2014-07-03,17183.573823,17180.8356546,16939.04439054
2014-07-04,17171.509874,17197.950725099996,16946.79727136
2014-07-07,17140.941232,17209.69619425,16952.572082119998
2014-07-08,17085.435508,17221.7333102,16958.258032659996
2014-07-09,16973.569078,17224.660714949998,16964.4428893
2014-07-10,16874.467279,17207.36432105,16967.25599402
2014-07-11,16971.911747,17191.6415627,16971.867044
2014-07-14,16868.080782,17173.6538674,16972.031246720002
2014-07-15,16941.630998,17158.301936099997,16974.81377046
2014-07-16,17009.552958,17140.47195855,16981.58688408
2014-07-17,17025.382207,17128.1351807,16990.503658399997
2014-07-18,17036.044741,17114.7632766,16999.326499439998
2014-07-21,17032.438877,17102.033080150002,17005.71358104
2014-07-22,17111.365152,17090.766895,17011.57425962
2014-07-23,17094.934576,17077.805675549997,17017.09878466
2014-07-24,17074.161697,17066.74981025,17019.761985819998
2014-07-25,17146.8095,17062.855541549998,17023.40716874
2014-07-28,17289.481591,17068.5557271,17029.80544916
2014-07-29,17209.112647,17070.13860075,17037.1278332
2014-07-30,17245.902521,17074.3153394,17043.51196028
2014-07-31,17033.825062,17066.82790135,17046.066891000002
2014-08-01,17094.260259,17062.9654206,17054.013276319998
2014-08-04,17283.526266,17070.0946723,17063.41233374
2014-08-05,17398.504974,17085.7481456,17076.90912752
2014-08-06,17361.261055,17105.13274445,17089.197870379998
2014-08-08,17334.093597,17128.114060350003,17101.53578482
2014-08-11,17506.839455,17154.86044575,17117.373329179998
2014-08-12,17346.152467,17178.76403,17130.38923992
2014-08-13,17417.212783,17202.54311925,17144.57192752
2014-08-14,17384.192731,17221.2751079,17158.91543826
2014-08-15,17383.297641,17239.1708796,17169.25224694
2014-08-19,17471.032559,17260.9202705,17182.08872884
2014-08-20,17659.94989,17292.29582115,17197.16708966
2014-08-21,17707.154488,17322.085287949998,17214.41631564
2014-08-22,17616.199404,17348.14852935,17228.43988406
2014-08-25,17644.949646,17376.687926799998,17236.93097384
2014-08-26,17693.607874,17404.0278455,17245.07579304
2014-08-27,17796.171095,17429.362320700002,17256.44252118
2014-08-28,17789.212351,17458.367305900003,17267.25337572
2014-08-29,17867.157297,17489.430044700002,17277.27347148
2014-09-01,17906.469869,17533.06228505,17289.96051358
2014-09-02,17923.957035,17574.54712385,17302.36999782
2014-09-03,17946.276491,17607.6846351,17315.55467152
2014-09-04,17843.944176,17629.9565952,17325.69977794
2014-09-05,17767.200915,17650.2535882,17333.96061694
2014-09-08,17636.080522,17665.352934450002,17340.77664732
2014-09-09,17541.926931,17667.10730825,17347.12128846
2014-09-10,17565.879529,17678.09366135,17354.929321440002
2014-09-11,17471.325912,17680.7993178,17360.8067362
2014-09-12,17498.082043,17686.4937834,17367.521022099998
2014-09-15,17477.247579,17691.1912803,17373.39449722
2014-09-16,17433.176358,17689.29847025,17378.6278269
2014-09-17,17500.547249,17681.3283382,17385.81994724
2014-09-18,17547.024366,17673.321832100002,17395.0517244
2014-09-19,17528.967423,17668.96023305,17406.1596913
2014-09-22,17431.045093,17658.2650054,17417.29124758
2014-09-23,17121.396754,17629.6544494,17420.28094772
2014-09-24,17051.963936,17592.444091449997,17423.9586108
2014-09-25,16924.616288,17549.214288299998,17423.618316599997
2014-09-26,16954.579772,17503.58541205,17422.51885288
2014-09-29,16950.61057,17455.7924471,17421.02342014
2014-09-30,16838.165267,17401.5028587,17417.06583066
2014-10-01,16526.564243,17330.5172463,17406.94833798
2014-10-02,16472.836358,17261.9618554,17394.1777621
2014-10-03,16736.689913,17210.4363053,17387.01286884
2014-10-06,16858.652432,17171.564900799996,17382.70268354
2014-10-07,16734.742219,17131.2056652,17374.461337920002
2014-10-08,16634.580557,17084.6407166,17361.36331724
2014-10-09,16598.837157,17041.016278850002,17349.157807440002
2014-10-10,16219.701851,16977.09726925,17328.63379404
2014-10-14,16108.413202,16908.655550400003,17310.12555684
2014-10-15,15993.144333,16836.65394915,17288.10323832
2014-10-16,16220.98396,16772.6757847,17266.8523922
2014-10-17,16353.698419,16713.00948735,17245.9562611
2014-10-20,16352.306077,16654.17642005,17225.77716154
2014-10-21,16460.044082,16605.6263695,17208.29617124
2014-10-22,16329.090097,16566.011036649998,17184.74118408
2014-10-23,16457.184612,16536.272070450003,17166.96182698
2014-10-24,16434.412636,16511.76188785,17147.30582404
2014-10-27,16277.411661,16477.9034823,17125.170202639998
2014-10-28,16296.329485,16445.189428050002,17103.43083952
2014-10-29,16347.391753,16420.650752349997,17080.9580234
2014-10-30,16454.955433,16417.07031185,17056.858134259997
2014-10-31,16483.421204,16417.599554149998,17032.38346858
2014-11-04,16405.980403,16401.06407865,17008.179088560002
2014-11-05,16496.77485,16382.970199549998,16985.21559264
2014-11-06,16576.411064,16375.053641800001,16962.871656440002
2014-11-07,16565.466459,16371.597936900002,16938.257563720003
2014-11-10,16527.178637,16368.015010899999,16913.01688944
2014-11-11,16366.609235,16375.360380100003,16883.0059282
2014-11-12,16397.69127,16389.824283500002,16852.83035622
2014-11-13,16232.11288,16401.77271085,16818.99347312
2014-11-14,16193.884771,16400.4177514,16783.94563872
2014-11-18,16081.686718,16386.81716635,16748.70048956
2014-11-19,16087.188551,16373.561290050002,16715.10024228
2014-11-20,16053.532506,16353.23571125,16683.449281960002
2014-11-21,16141.184557,16343.84043425,16655.434434479997
2014-11-24,15998.268105,16320.8946089,16624.082206
2014-11-25,15873.497676,16292.8488609,16592.12564128
2014-11-26,15664.10887,16262.18372135,16555.44617782
2014-11-27,15467.211898,16220.727841999998,16515.2454642
2014-11-28,15396.56903,16173.186705850001,16474.51331764
2014-12-01,15226.790938,16111.778481100002,16429.03819142
2014-12-02,15107.648577,16042.989849750002,16380.25067564
2014-12-03,15280.988945,15986.74027685,16335.291106079998
2014-12-04,15087.260036,15916.26453615,16288.41540494
2014-12-05,15141.594587,15844.5237123,16248.8193616
2014-12-09,14984.334333,15765.467106,16207.46676954
2014-12-10,14570.032676,15667.609807950003,16160.3750973
2014-12-11,14236.610342,15561.109863299998,16106.015708700003
2014-12-12,13981.15216,15440.282907799998,16046.6265405
2014-12-15,13631.075369,15310.231032250002,15982.48474254
2014-12-16,13864.213,15193.7474437,15929.237717680002
2014-12-17,14372.522146,15108.289215100001,15887.23143344
2014-12-18,14469.783636,15027.41896935,15841.8933079
2014-12-19,14753.424725,14962.4135803,15799.78875376
2014-12-22,15409.935987,14925.851151800001,15773.29262912
2014-12-23,15508.737475,14901.3746203,15750.77576748
2014-12-24,15541.637722,14884.7816226,15729.63177878
2014-12-26,15335.526869,14868.35252255,15711.94827914
2014-12-29,15234.095204,14856.69668785,15694.46191918
2014-12-30,15310.825193,14852.409496000002,15680.81553638
2015-01-02,14986.935996,14840.4167489,15656.1345771
2015-01-05,14356.438898,14802.856264949998,15616.18938668
2015-01-06,14363.006707,14756.95715305,15576.40339928
2015-01-07,14411.168225,14723.152562500001,15535.42588214
2015-01-08,14511.252686,14691.63546745,15499.069133919998
2015-01-09,14466.970445,14665.76727305,15459.264850579999
2015-01-13,14316.926828,14653.111980649997,15416.91513442
2015-01-14,14068.087155,14644.6858213,15372.728644300001
2015-01-15,13995.001363,14645.378281450001,15326.702081860001
2015-01-16,13949.788912,14661.3139586,15278.750025039999
2015-01-19,13958.571323,14666.031874749999,15228.82234284
2015-01-20,13967.699229,14645.7907289,15178.50790334
2015-01-21,14074.600062,14626.031550199998,15131.88029652
2015-01-22,14315.520532,14604.136340549998,15088.255210159998
2015-01-23,14431.16907,14555.197994699998,15045.35037028
2015-01-26,14464.996561,14503.010949,15003.34097232
2015-01-27,14431.432361,14447.50068095,14961.426046800001
2015-01-28,14270.62693,14394.255684,14919.506400700002
2015-01-29,14276.923792,14346.397113399998,14877.09105114
2015-01-30,14073.171625,14284.514435,14833.91222604
2015-02-02,14275.049003,14248.920085350002,14795.535510679998
2015-02-03,14572.575083,14259.726894600002,14765.353277979999
2015-02-04,14482.185673,14265.685842900002,14733.25322042
2015-02-05,14548.615097,14272.558186499999,14703.15487224
2015-02-06,14585.04114,14276.2476092,14672.032003900002
2015-02-09,14467.424689,14276.270321400001,14641.41513558
2015-02-10,14229.117834,14271.879871699999,14608.52753874
2015-02-11,14019.632959,14269.4571619,14575.63802052
2015-02-12,14009.899784,14270.20208295,14546.49177824
2015-02-13,14175.060758,14281.465675249998,14522.061612800002
2015-02-16,14186.055432,14292.839880700001,14501.246902679999
2015-02-17,14177.521467,14303.330992599998,14482.64436048
2015-02-18,14180.96934,14308.6494565,14460.64396838
2015-02-19,14066.303172,14296.1885885,14440.224831099998
2015-02-20,13884.996262,14268.879948099999,14415.092864600001
2015-02-23,13967.794535,14244.019846800002,14394.76206864
2015-02-24,13850.823778,14214.98941765,14380.37789068
2015-02-25,13834.364406,14193.17629145,14372.332971959999
2015-02-26,13827.188189,14170.689511300001,14369.25369254
2015-02-27,13877.532407,14160.907550400001,14374.1828333
2015-03-02,13621.592701,14128.234735299999,14369.33042732
2015-03-03,13370.118048,14068.11188355,14349.282345360001
2015-03-04,13413.598192,14014.6825095,14328.158636479999
2015-03-05,13301.731725,13952.3383409,14299.12477648
2015-03-06,12993.075942,13872.740081,14250.787575579998
2015-03-09,12764.916532,13787.61467315,14195.91115672
2015-03-10,12678.278238,13710.072693350001,14138.64396704
2015-03-11,12688.354484,13643.508769600001,14085.700519340002
2015-03-12,12882.227619,13587.12516135,14038.663167640001
2015-03-13,13011.95158,13528.96970245,13992.68569538
2015-03-16,13067.801072,13473.056984450002,13954.3029969
2015-03-17,13074.772658,13417.919544,13928.669672099999
2015-03-18,13238.066962,13370.7744251,13906.1708772
2015-03-19,13189.709795,13326.944756249999,13881.741708599999
2015-03-20,13124.922621,13288.9410742,13854.0151073
2015-03-24,13055.339149,13243.318304900002,13825.78248138
2015-03-25,13176.880253,13209.621128649998,13802.981549880002
2015-03-26,13229.201422,13179.362979450001,13786.20383522
2015-03-27,13167.749726,13146.3910563,13769.658802479998
2015-03-30,13200.789827,13112.5539273,13754.678820780002
2015-03-31,13260.54221,13094.50140275,13740.718238520001
2015-04-01,13510.354721,13101.513236399998,13731.57134836
2015-04-06,13723.944333,13117.030543449999,13724.558233780002
2015-04-07,13782.729808,13141.0804476,13713.9024193
2015-04-08,13669.142346,13174.883767800002,13698.66188482
2015-04-09,13757.171483,13224.49651535,13684.505383259999
2015-04-10,13731.448648,13277.15503585,13670.505709
2015-04-13,13823.750386,13333.92483095,13661.56817812
2015-04-14,13834.134956,13381.5201978,13652.712401400002
2015-04-15,13877.643253,13424.804781449999,13648.80183396
2015-04-16,13922.186616,13467.52405865,13641.744586220002
2015-04-17,13893.947813,13508.482816400001,13628.17204082
2015-04-20,13729.377312,13533.0483339,13613.1158736
2015-04-21,13562.215019,13551.673595100001,13593.387872039999
2015-04-22,13730.736518,13581.96428995,13576.3017796
2015-04-23,13851.124249,13621.75354495,13563.9757708
2015-04-24,14007.270215,13663.27304305,13559.538818420002
2015-04-27,14195.074589,13711.566701400001,13563.04765102
2015-04-28,14398.768329,13773.11763155,13570.82502192
2015-04-29,14325.913168,13829.3737986,13573.842070120001
2015-04-30,14162.169899,13874.455183050002,13573.36435946
2015-05-04,14224.068871,13910.14089055,13574.29530754
2015-05-05,14393.797513,13943.63354955,13578.551871
2015-05-06,14324.607632,13970.727440749999,13583.7179602
2015-05-07,13989.848339,13986.7627404,13585.815001739998
2015-05-08,13881.142306,13992.96128155,13584.081957159999
2015-05-11,13869.522317,13999.864964999997,13584.455927940002
2015-05-12,13826.396637,13999.997277550001,13584.29657256
2015-05-13,13791.323484,13997.85670395,13583.57927846
2015-05-14,13815.365884,13994.742835499997,13582.335948
2015-05-15,13777.24046,13987.495527699997,13585.44890318
2015-05-19,13892.939598,13987.44511695,13595.905334179999
2015-05-20,13840.828561,13993.0176794,13604.44994156
2015-05-21,13771.966473,14003.5052521,13613.854636519998
2015-05-22,13741.520319,14004.04444215,13628.82352406
2015-05-25,13683.025137,13995.63948655,13647.185696159999
2015-05-26,13576.610633,13974.106507450002,13665.15234406
2015-05-27,13313.326896,13930.0191228,13677.6517923
2015-05-28,13276.533741,13873.9073934,13685.537914739998
2015-05-29,13264.246141,13820.824042050002,13690.58380596
2015-06-01,13208.542856,13773.142689899998,13693.398641640002
2015-06-02,13289.964967,13726.4374947,13697.70248782
2015-06-03,13315.160714,13672.505654749999,13699.244362860001
2015-06-04,13287.80341,13620.66544365,13701.206235160002
2015-06-05,13400.663806,13591.206217000003,13706.72105886
2015-06-09,13390.28396,13566.663299700002,13713.41995508
2015-06-10,13433.531811,13544.8637744,13718.552986239998
2015-06-11,13536.248648,13530.356374949999,13724.69393076
2015-06-12,13500.126636,13515.79653255,13731.34146896
2015-06-16,13513.552504,13500.70586355,13737.5967225
2015-06-17,13509.08698,13487.298189550002,13742.567617900002
2015-06-18,13560.378348,13470.67012705,13743.568090440001
2015-06-19,13400.979153,13448.67765665,13737.108786839999
2015-06-22,13458.991569,13433.02891145,13730.634022060001
2015-06-23,13648.683198,13428.387055399999,13730.2248391
2015-06-24,13652.958018,13426.883699450002,13728.140569800002
2015-06-25,13495.614065,13422.83387105,13723.42387814
2015-06-26,13575.90682,13435.96286725,13718.46700682
2015-06-30,13545.500538,13449.411207100002,13712.69431846
2015-07-01,13365.656312,13454.481715650001,13702.45457964
2015-07-02,13439.56587,13466.03286635,13692.802164719998
2015-07-03,13364.913985,13469.780317249999,13682.22148816
2015-07-06,13334.100492,13470.727306149998,13674.31595176
2015-07-07,13296.068452,13471.140558250001,13668.993020419999
2015-07-08,13192.94095,13460.754415450001,13658.237109059999
2015-07-09,13244.610331,13453.470733999999,13646.1068307
2015-07-10,13345.399311,13449.064108999999,13632.86941262
2015-07-13,13379.303276,13441.2168404,13616.55398636
2015-07-14,13493.754388,13440.898228,13598.45370754
2015-07-15,13483.213711,13439.381288350001,13581.5997184
2015-07-16,13503.947854,13439.124332049998,13568.435277499999
2015-07-17,13332.358342,13427.723331749998,13550.60106692
2015-07-21,13241.936726,13419.7712104,13527.563851179999
2015-07-22,13303.813135,13412.0122887,13507.147961240002
2015-07-23,13314.376611,13395.296959349998,13493.63852668
2015-07-24,13272.401908,13376.269153849998,13481.463718720002
2015-07-27,13169.028275,13359.939864349999,13467.453837879999
2015-07-28,13219.357403,13342.112393500001,13455.3130532
2015-07-29,13498.41327,13339.758030100002,13449.45484892
2015-07-30,13464.303015,13344.690365249999,13442.433591539999
2015-07-31,13321.592706,13338.79170705,13433.320636460001
2015-08-03,13133.702732,13327.231144399999,13418.13589914
2015-08-04,13122.154054,13316.633822500002,13403.762409
2015-08-05,13031.44934,13303.4028669,13388.952066340002
2015-08-06,13052.539452,13296.382791999999,13375.172449
2015-08-10,12996.805651,13283.992557999998,13361.448059280001
2015-08-11,12859.585058,13259.70184535,13347.10754778
2015-08-12,12954.321753,13238.452769200001,13339.92744492
2015-08-13,12867.992502,13207.164674900001,13331.75662014
2015-08-14,12834.811517,13174.744565199999,13323.167927659999
2015-08-18,12750.648816,13137.0796133,13314.010046859998
2015-08-19,12542.838791,13097.60363575,13299.067523340002
2015-08-20,12426.950389,13056.854318900001,13281.303316840002
2015-08-21,12062.708415,12994.799082900001,13256.80141694
2015-08-24,11638.931995,12911.0268521,13221.56678072
2015-08-25,11626.077151,12828.71061425,13186.282644539999
2015-08-26,11664.18491,12753.468446,13150.895706520001
2015-08-27,12126.733494,12698.83725055,13122.705403439999
2015-08-28,12319.669786,12639.90007635,13099.09626644
2015-08-31,12582.698643,12595.81985775,13080.47918922
2015-09-01,12221.515157,12540.8159803,13054.72775276
2015-09-02,12303.044628,12499.2830751,13029.581078359999
2015-09-03,12505.080054,12468.4293751,13011.663096380002
2015-09-04,12474.966331,12440.60522465,12991.982591619999
2015-09-07,12531.329841,12414.5447441,12969.63552448
2015-09-08,12561.762842,12392.79260365,12947.811620960001
2015-09-09,12454.229519,12372.5248267,12926.98393004
2015-09-10,12671.242848,12358.37088145,12908.890650599998
2015-09-11,12612.462297,12345.594371199999,12890.229885779998
2015-09-14,12619.260063,12334.8167985,12875.3019608
2015-09-15,12652.152785,12329.89199695,12859.5536991
2015-09-16,12769.509188,12341.225516800001,12847.645603160001
2015-09-17,12757.81643,12357.76881885,12836.11992192
2015-09-18,12600.885888,12384.6776925,12822.21627064
2015-09-21,12453.030455,12425.3826155,12807.41806074
2015-09-22,12266.035718,12457.38054385,12787.84656848
2015-09-23,12197.866256,12484.06461115,12764.89590738
2015-09-24,12304.59693,12492.957782950001,12743.401780459999
2015-09-25,12289.832621,12491.4659247,12719.32334512
2015-09-28,12165.45366,12470.60367555,12692.9681441
2015-09-29,12161.194236,12467.5876295,12666.11307174
2015-09-30,12327.789743,12468.82488525,12646.02169976
2015-10-01,12243.470452,12455.74440515,12626.052374280001
2015-10-02,12332.835504,12448.637863799999,12606.63282166
2015-10-05,12530.382279,12448.5904857,12590.95293502
2015-10-06,12703.813837,12455.69303545,12579.581173599998
2015-10-07,12900.212373,12477.992178149998,12574.20485556
2015-10-08,12964.855516,12492.67281155,12569.11481782
2015-10-09,12960.848559,12510.09212465,12558.3635236
2015-10-13,12900.569851,12524.15761405,12547.088860320002
2015-10-14,12743.010066,12528.7004781,12535.517207519999
2015-10-15,12665.627352,12523.5063863,12526.15569992
2015-10-16,12671.180359,12519.17458275,12517.136226019999
2015-10-19,12630.249634,12520.64277005,12509.112231899999
2015-10-20,12623.672288,12529.174861700001,12500.534888619999
2015-10-21,12618.769274,12546.8115395,12492.974161080001
2015-10-22,12653.853141,12569.61088375,12488.859522739998
2015-10-23,12659.102626,12587.33616855,12482.955140200002
2015-10-26,12651.503303,12605.41970265,12478.62535622
2015-10-27,12567.149046,12625.504471949998,12473.272106800001
2015-10-28,12470.786556,12640.98408795,12467.6748616
2015-10-29,12375.268506,12643.358026099999,12464.323455899997
2015-10-30,12337.449583,12648.05698265,12462.533439779998
2015-11-03,12334.534372,12648.14192605,12467.969958919999
2015-11-04,12343.329461,12638.78928515,12482.05790824
2015-11-05,12420.31359,12624.614272800001,12497.94263702
2015-11-06,12393.940947,12599.3007015,12512.53775776
2015-11-09,12326.772649,12567.39655815,12516.53854086
2015-11-10,12290.181644,12533.8632124,12515.94877802
2015-11-11,12204.613964,12499.065418049999,12508.38708444
2015-11-12,11981.17742,12460.97378575,12503.5803297
2015-11-13,11672.408462,12411.31284125,12490.96760638
2015-11-17,11261.506217,12340.829134149999,12466.096129639998
2015-11-18,11405.368759,12279.5850904,12444.704178199998
2015-11-19,11351.264627,12215.964707349998,12421.10287392
2015-11-20,11560.722723,12163.0623798,12401.082071539999
2015-11-23,11546.147246,12107.67708505,12382.920426080002
2015-11-24,11390.319551,12044.2379313,12357.301960140001
2015-11-25,11217.561872,11972.540859749999,12329.40395164
2015-11-26,11179.774799,11903.1721474,12300.61424636
2015-11-27,11077.481298,11833.5068845,12269.12081662
2015-11-30,11213.263455,11775.406631950002,12237.99590196
2015-12-01,11192.662632,11718.1672844,12206.692825999999
2015-12-02,11012.584893,11652.06981045,12174.926806100002
2015-12-03,10911.333329,11580.47000385,12144.092863580001
2015-12-04,10829.191321,11500.9138904,12115.355975639999
2015-12-07,10610.329869,11411.7333365,12083.605247899999
2015-12-09,10721.321904,11331.46079925,12051.93974738
2015-12-10,10887.423759,11261.322905,12023.89157014
2015-12-11,10852.058389,11193.69512625,11997.62366472
2015-12-14,10845.842042,11136.92835735,11971.316620840002
2015-12-15,11111.404674,11108.878167949999,11946.98891946
2015-12-16,11405.611584,11116.0834363,11930.231742099999
2015-12-17,11519.063387,11121.7681677,11913.956299759999
2015-12-18,11500.707888,11129.24033075,11893.36281194
2015-12-21,11421.916637,11122.30002645,11867.72486794
2015-12-22,11389.562132,11114.47077075,11837.511863119998
2015-12-23,11726.486661,11131.27912625,11812.74448602
2015-12-24,11697.330468,11155.267556050001,11787.474124200002
2015-12-28,11653.311456,11178.9443889,11762.528956299999
2015-12-29,11624.084861,11206.27456705,11740.1504522
2015-12-30,11674.393121,11229.33105035,11720.325767580001
2016-01-04,11425.068481,11240.951342800001,11695.403530020001
2016-01-05,11559.134771,11268.2788367,11673.981232760001
2016-01-06,11413.893303,11293.406835400001,11649.785653060002
2016-01-07,11200.769521,11311.9857454,11621.425658
2016-01-08,11120.918544,11337.51517915,11590.766966060002
2016-01-12,10920.282172,11347.463192550002,11555.99055698
2016-01-13,11106.710428,11358.427526,11525.09469948
2016-01-14,11417.871157,11386.7181644,11502.1091417
2016-01-15,11172.463407,11403.049232649999,11476.142678719998
2016-01-18,10921.812187,11393.5696083,11447.073552340002
2016-01-19,11134.968406,11380.0374494,11423.0239288
2016-01-20,11231.657534,11365.66715675,11400.966392039998
2016-01-21,11388.32859,11360.048191849999,11381.866374619998
2016-01-22,11666.772295,11372.290974749998,11366.795548720002
2016-01-25,11552.904041,11380.458070199998,11349.974810599999
2016-01-26,11615.070586,11374.88726645,11335.74076934
2016-01-27,11678.178062,11373.92964615,11323.500697700001
2016-01-28,11799.506258,11381.23938625,11315.39854358
2016-01-29,11869.47516,11393.508901199999,11313.16449838
2016-01-31,11869.47516,11403.26300315,11317.10583234
2016-02-01,11931.83233,11428.601195599998,11330.512354600001
2016-02-02,11786.62558,11439.97573605,11338.137491020001
2016-02-03,11933.99723,11465.980932399998,11349.79214308
2016-02-04,12013.01904,11506.59340835,11358.83806942
2016-02-05,12079.70471,11554.53271665,11369.5092187
2016-02-08,12057.037765,11611.3704963,11382.84358298
2016-02-09,12098.091551,11660.93955245,11400.45417656
2016-02-10,12139.368312,11697.014410200001,11419.646046819998
2016-02-11,12121.206737,11744.451576700001,11440.5205556
2016-02-12,12222.902198,11809.50607725,11460.71333046
2016-02-15,12230.340292,11864.27467155,11481.466883660001
2016-02-16,12136.327326,11909.50816115,11503.941732319998
2016-02-17,12468.403569,11963.5119101,11535.083137120002
2016-02-18,12485.227938,12004.43469225,11568.203869460001
2016-02-19,12484.96303,12051.0376417,11605.696532680002
2016-02-22,12498.36868,12095.2025464,11641.2374682
2016-02-23,12437.119507,12133.14961865,11672.231383159999
2016-02-24,12413.510805,12163.849846000001,11703.46043148
2016-02-25,12539.255409,12197.338858449999,11737.32869882
2016-02-26,12607.316884,12234.230944649998,11767.246943019998
2016-02-29,12570.823374,12266.18049685,11790.55117882
2016-03-01,12682.939495,12310.9961926,11813.828700979999
2016-03-02,12896.020284,12359.0973453,11841.734948899999
2016-03-03,13088.347562,12412.8637714,11875.0635674
2016-03-04,13076.767024,12462.7168871,11908.807665240001
2016-03-07,13206.336892,12520.181843449998,11938.404669859998
2016-03-08,13077.346609,12569.14459635,11966.004992679998
2016-03-09,13094.573516,12616.90485655,11994.83023388
2016-03-10,13123.085774,12666.9988084,12024.810252140001
2016-03-11,13163.539009,12714.03064895,12054.5931699
2016-03-14,13123.794822,12758.703375449999,12088.567696719998
2016-03-15,12983.980709,12801.086044599999,12117.064615479998
2016-03-16,12978.817564,12826.60674435,12148.363100699999
2016-03-17,13094.800023,12857.085348600001,12186.243710739998
2016-03-18,13223.552494,12894.0148218,12228.29638974
2016-03-22,13303.564204,12934.274598,12275.96203038
2016-03-23,13349.625027,12979.899873999999,12320.820322359998
2016-03-28,13223.241009,13020.3863842,12356.927719399999
2016-03-29,13159.35137,13051.39118225,12396.665478660001
2016-03-30,13361.343694,13089.092522750001,12445.456108800001
2016-03-31,13508.891281,13135.995918100001,12492.934566300002
2016-04-01,13488.977265,13176.297806600001,12538.08096092
2016-04-04,13539.706661,13208.482125449998,12581.10852234
2016-04-05,13296.190555,13218.8742751,12613.69688754
2016-04-06,13379.711848,13234.021516300001,12650.23304368
2016-04-07,13325.180868,13239.9637151,12684.43524932
2016-04-08,13430.409833,13257.616876299999,12719.47988474
2016-04-11,13542.153257,13279.995863350001,12754.33282472
2016-04-12,13821.710582,13314.92710375,12793.37753316
2016-04-13,13892.370558,13351.3686812,12833.83544112
2016-04-14,13835.228114,13386.940345800002,12871.9033568
2016-04-15,13735.920563,13424.537338500002,12910.88925646
2016-04-18,13730.802643,13462.136592450002,12946.82536472
2016-04-19,13812.035777,13497.99838015,12982.80569946
2016-04-20,13958.935654,13534.767538149998,13020.39031834
2016-04-21,13952.092405,13567.193948199998,13058.29141114
2016-04-22,13936.275574,13596.52647555,13095.0550916
2016-04-25,13783.526946,13624.5407724,13127.938264280001
2016-04-26,13847.569417,13658.951674750002,13162.465517879999
2016-04-27,13814.92228,13681.63060405,13194.30591952
2016-04-28,13815.111357,13696.941607850002,13226.00134082
2016-04-29,13562.360315,13700.610760349999,13254.522000600002
2016-05-02,13562.220828,13701.736468699999,13276.39834578
2016-05-03,13342.995698,13704.076725850002,13293.55370098
2016-05-04,13258.480671,13698.015167,13309.0240538
2016-05-05,13049.498611,13684.23105415,13320.04665242
2016-05-06,13068.39687,13666.130406,13332.672199679999
2016-05-10,13428.733109,13660.4593986,13352.976645759998
2016-05-11,13506.708247,13644.70928185,13372.325702519998
2016-05-12,13658.299542,13633.005731050001,13393.345355680001
2016-05-13,13647.681682,13623.62840945,13414.882521840002
2016-05-16,13719.710458,13622.817904200001,13435.617941100001
2016-05-17,13581.216636,13615.33860385,13449.32186814
2016-05-18,13418.200048,13595.6468174,13455.918917859999
2016-05-19,13372.193314,13566.309700400001,13461.827443659999
2016-05-20,13364.286594,13536.919409850001,13464.986437700001
2016-05-23,13392.967773,13509.7540198,13471.298860980001
2016-05-24,13332.998561,13487.227600549999,13476.067361880001
2016-05-25,13208.628785,13455.28056895,13477.7782221
2016-05-26,13162.80109,13422.674509450002,13477.763463719999
2016-05-27,13164.900123,13390.16394775,13478.58556974
2016-05-31,13057.99167,13364.9455155,13480.06578896
2016-06-01,13145.167701,13344.092859150001,13483.3927917
2016-06-02,13163.369604,13335.11155445,13484.76418332
2016-06-03,13211.844717,13332.77975675,13484.53002778
2016-06-07,13291.984794,13344.904065899998,13484.29843958
2016-06-08,13469.383041,13364.953374449999,13486.69359986
2016-06-09,13471.702111,13367.101824550002,13491.662821900001
2016-06-10,13340.27486,13358.780155199998,13495.281291700001
2016-06-13,13286.689136,13340.1996349,13493.78820054
2016-06-14,13166.423963,13316.13674895,13486.93885418
2016-06-15,13171.191764,13288.710814250002,13480.583144159998
2016-06-16,13210.72298,13270.186131450002,13474.003470539998
2016-06-17,13216.955256,13260.123891849998,13472.41876456
2016-06-20,13294.799655,13256.2542089,13470.7205207
2016-06-21,13369.814481,13256.53060325,13471.613192960001
2016-06-22,13395.811491,13256.67278915,13470.92122612
2016-06-23,13429.143265,13261.480024350001,13468.66102628
2016-06-24,13309.828602,13266.540015199998,13458.423386679999
2016-06-27,13187.859979,13267.79295965,13444.3331751
2016-06-28,13222.302649,13270.66308595,13432.0746658
2016-06-29,13305.189482,13283.02297655,13423.460044180001
2016-06-30,13320.395844,13291.7843837,13415.251908200002
2016-07-01,13318.17067,13299.524437,13405.374606059999
2016-07-05,13225.553087,13300.209855500001,13390.706954719999
2016-07-06,13296.729435,13300.447087550001,13377.59969532
2016-07-07,13213.413004,13287.648585699999,13363.142443919998
2016-07-08,13171.636787,13272.645319500001,13350.904640739998
2016-07-11,13265.358666,13268.899509799998,13339.26042572
2016-07-12,13401.747442,13274.6524251,13330.99692896
2016-07-13,13456.879113,13289.1751826,13323.83228408
2016-07-14,13527.858335,13307.00851115,13323.14224448
2016-07-15,13595.720259,13326.2583751,13323.812233099998
2016-07-18,13588.968753,13344.859049949999,13328.7316942
2016-07-19,13585.590827,13359.398608550002,13335.27389732
2016-07-21,13492.338892,13365.524829099999,13344.13070294
2016-07-22,13534.965132,13372.48251115,13353.462068179999
2016-07-25,13439.121382,13372.981416999999,13353.669833640002
2016-07-26,13365.987702,13375.789372,13350.855422740002
2016-07-27,13425.781096,13387.68542785,13346.20505382
2016-07-28,13383.14663,13395.7276269,13340.914352779999
2016-07-29,13217.518012,13391.3440534,13330.87050386
2016-08-01,13193.802244,13385.014373400001,13323.122216020001
2016-08-02,13166.495324,13377.4306061,13318.088121540002
2016-08-03,13179.207956,13375.11334955,13314.22841438
2016-08-04,13208.870821,13370.72041885,13311.120098919999
2016-08-05,13227.709202,13371.435228749999,13307.8149275
2016-08-08,13276.10808,13376.658793400002,13306.677117879999
2016-08-09,13374.965603,13382.139140250001,13310.00385424
2016-08-10,13358.609307,13379.9822335,13313.920018580002
2016-08-11,13414.477094,13377.862132549999,13318.911558
2016-08-12,13371.55538,13370.046984800001,13325.1828322
2016-08-16,13562.623698,13368.392156749998,13333.531952140002
2016-08-17,13625.035465,13370.195492349998,13342.76526936
2016-08-18,13615.920402,13371.711971100001,13350.846783059998
2016-08-19,13633.642426,13378.777147800001,13357.679935700002
2016-08-22,13627.05608,13383.3816952,13360.83339648
2016-08-23,13721.819053,13397.516578749997,13365.835735319999
2016-08-24,13832.90233,13420.862310150002,13375.688284719998
2016-08-25,13844.389726,13441.792741649999,13386.842296519999
2016-08-26,13875.209533,13466.3958868,13401.01800792
2016-08-29,13860.090079,13498.524490150001,13414.79597422
2016-08-30,13878.572552,13532.76300555,13428.152965660001
2016-08-31,13941.491283,13571.5128035,13442.643686200001
2016-09-01,13933.519753,13609.22839335,13455.41808816
2016-09-02,14084.296922,13652.999698399999,13469.70773698
2016-09-05,14119.295023,13697.57898945,13484.17740762
2016-09-06,14168.637629,13742.2054669,13498.967294900001
2016-09-07,14317.151495,13789.3147615,13519.11375276
2016-09-08,14302.631801,13836.5158862,13541.409189200001
2016-09-09,14120.623837,13871.823223350002,13559.375612959999
2016-09-12,14007.178465,13903.6043776,13573.41539262
2016-09-13,13809.702013,13915.95829335,13583.201516
2016-09-14,13870.403361,13928.22668815,13594.246169820002
2016-09-15,13878.38596,13941.349966049998,13607.30282728
2016-09-16,13688.426148,13944.089152149998,13615.13676154
2016-09-19,13688.1539,13947.14404315,13624.631579460001
2016-09-20,13553.540483,13938.73011465,13632.26965338
2016-09-21,13552.691958,13924.719596050001,13638.016319220002
2016-09-22,13721.273103,13918.563764899998,13644.40683244
2016-09-23,13656.178092,13907.612192849998,13648.392812020002
2016-09-26,13605.723961,13894.893886950002,13649.95012454
2016-09-27,13506.471072,13876.28881295,13648.165140800002
2016-09-28,13719.410797,13865.18478865,13650.773981680002
2016-09-29,13623.107504,13849.664176200002,13651.524315220002
2016-09-30,13558.996935,13823.399176850002,13652.85747608
2016-10-03,13479.012131,13791.385032250002,13651.73841606
2016-10-04,13528.991509,13759.402726249999,13653.535818599998
2016-10-05,13591.696572,13723.129980099999,13658.049996
2016-10-06,13617.884224,13688.892601250001,13661.89205856
2016-10-07,13665.711181,13666.14696845,13667.54334958
2016-10-10,13686.457075,13650.11089895,13676.92213084
2016-10-11,13776.865798,13648.4690882,13688.58340192
2016-10-12,13741.79779,13642.038809650001,13700.08945124
2016-10-13,13740.057398,13635.122381550002,13711.30644008
2016-10-14,13655.628536,13633.48250095,13720.24159438
2016-10-18,13752.02695,13636.67615345,13730.727949339998
2016-10-19,13835.651464,13650.7817025,13741.91881702
2016-10-20,13806.501032,13663.4721562,13750.549525600001
2016-10-21,13824.604039,13668.638703,13759.86942024
2016-10-24,13785.83555,13675.1215759,13767.29658936
2016-10-25,13763.256421,13682.998198899999,13775.130610179998
2016-10-26,13773.027371,13696.326013849999,13779.33868364
2016-10-27,13795.11503,13700.111225499999,13782.74027494
2016-10-28,13807.555326,13709.333616599999,13786.572973420001
2016-10-31,13808.723763,13721.819958000002,13790.074600159998
2016-11-01,13860.469292,13740.892816050002,13794.742864400001
2016-11-02,13837.039903,13756.29523575,13797.0472814
2016-11-03,13711.185876,13762.26970095,13794.61295232
2016-11-04,13599.515804,13761.351279949999,13789.71547388
2016-11-08,13693.548523,13762.743147050001,13786.08225368
2016-11-09,13691.053008,13762.9729437,13782.701512259999
2016-11-10,13335.744917,13740.91689965,13771.84495956
2016-11-11,13128.86853,13710.27043665,13755.592504499999
2016-11-15,13108.774126,13678.70627305,13739.097591959999
2016-11-16,13138.977043,13652.873698399999,13720.19119438
2016-11-17,13196.45995,13625.0953484,13701.734492919999
2016-11-18,13212.681746,13593.9468625,13682.61537526
2016-11-21,13266.832225,13566.963422149998,13661.608989859998
2016-11-22,13209.554457,13536.210943050002,13639.747442979999
2016-11-23,13226.00319,13508.219325049999,13621.85503004
2016-11-24,13226.462177,13481.37961285,13606.24070428
2016-11-25,13097.243771,13447.59043285,13591.99153944
2016-11-28,13039.104845,13409.7899236,13575.365569119998
2016-11-29,12848.481562,13361.836235400002,13554.767481159999
2016-11-30,12999.067409,13321.3534177,13540.98030638
2016-12-01,13112.454507,13283.95267845,13529.46631852
2016-12-02,13205.488331,13252.37509985,13522.50527548
2016-12-05,13287.350615,13231.183336799999,13517.198448619998
2016-12-06,13308.153785,13216.61523585,13508.93606226
2016-12-07,13283.276342,13196.1016268,13501.478027259998
2016-12-09,13399.113771,13181.50466495,13497.34582346
2016-12-12,13382.791443,13183.85699125,13494.872230879999
2016-12-13,13506.434593,13202.735294399998,13490.612706799999
2016-12-14,13409.048481,13217.749012149998,13486.33152634
2016-12-15,13551.25473,13238.3628965,13486.176682240002
2016-12-16,13568.099814,13256.9448897,13487.9584359
2016-12-19,13552.283171,13273.92496095,13488.424269140001
2016-12-20,13610.458059,13291.106252649999,13488.79949888
2016-12-21,13573.746119,13309.315835750001,13487.91673678
2016-12-22,13551.436114,13325.587481949999,13485.631235439998
2016-12-23,13452.69462,13336.8991041,13480.95598634
2016-12-26,13595.420593,13361.8079452,13477.32708224
2016-12-27,13572.457073,13388.4755566,13473.9402679
2016-12-28,13719.401457,13432.02155135,13473.52714908
2016-12-29,13689.490561,13466.54270895,13474.20438958
2017-01-02,13630.142774,13492.427122300001,13471.766706060002
2017-01-03,13729.726961,13518.639053800001,13469.648216000001
2017-01-04,13918.701084,13550.206577250001,13471.892217039998
2017-01-05,13967.421511,13583.16996355,13474.748566479999
2017-01-06,13928.78498,13615.44539545,13477.60755508
2017-01-10,13913.501091,13641.16476145,13480.612448480002
2017-01-11,13939.920602,13669.0212194,13483.9503131
2017-01-12,13884.091799,13687.9040797,13485.72984848
2017-01-13,13883.642313,13711.6337713,13487.25158822
2017-01-16,13797.027927,13723.92243115,13487.0176715
2017-01-17,13801.198959,13735.5773884,13485.832264839999
2017-01-18,13791.540457,13747.5402527,13484.92227592
2017-01-19,13781.769049,13756.105802200002,13486.333939380002
2017-01-20,13728.600955,13763.848544000002,13488.9156424
2017-01-23,13738.695837,13773.211530149998,13489.818588679998
2017-01-24,13854.394337,13793.296515999999,13493.08541526
2017-01-25,13837.348808,13805.39292675,13503.117493079999
2017-01-26,13903.988547,13821.96950045,13518.61989342
2017-01-27,13916.03905,13831.801380100002,13534.765191899998
2017-01-30,13837.622774,13839.207990750001,13548.738106519999
2017-01-31,13721.141975,13843.7579508,13559.231747020001
2017-02-01,13723.66052,13843.454628750002,13569.451322499997
2017-02-02,13813.988743,13838.2190117,13580.394452860002
2017-02-03,13843.988672,13832.047369750002,13593.083137160002
2017-02-06,13824.409278,13826.828584649998,13605.05125892
2017-02-07,13750.846476,13818.695853899999,13615.5389449
2017-02-08,13645.750693,13803.987358450002,13626.50908334
2017-02-09,13603.595387,13789.962537849997,13637.798894180001
2017-02-10,13617.855234,13776.673183899999,13653.186367620001
2017-02-13,13657.248388,13769.684206950002,13666.349987200001
2017-02-14,13350.956906,13747.1721043,13671.12003518
2017-02-15,13491.029252,13732.14654405,13676.830853600002
2017-02-16,13587.594496,13722.437816399999,13682.83573122
2017-02-17,13560.82622,13714.04907965,13687.88917992
2017-02-20,13551.627634,13704.6956695,13693.25620576
2017-02-21,13506.345881,13687.293246700001,13695.40084796
2017-02-22,13452.317676,13668.041690100003,13696.79137262
2017-02-23,13562.440805,13650.964303,13697.91149686
2017-02-24,13480.596932,13629.192197100001,13699.342465880001
2017-02-27,13488.911097,13611.756613250001,13698.09559322
2017-02-28,13405.893886,13595.9942088,13694.851474660001
2017-03-01,13429.175641,13581.269964850002,13692.38932406
2017-03-02,13410.502953,13561.095675350001,13688.390221939999
2017-03-03,13438.24998,13540.808740749999,13685.680299159998
2017-03-06,13482.47241,13523.71189735,13684.301025080002
2017-03-07,13470.040453,13509.671596199998,13684.647941739999
2017-03-08,13386.370784,13496.70260075,13680.46694556
2017-03-09,13446.335993,13488.839631050001,13677.94452396
2017-03-10,13499.805874,13482.93716305,13673.5526123
2017-03-13,13567.292919,13478.4393896,13671.10865946
2017-03-14,13320.767164,13476.929902500002,13664.92114726
2017-03-15,13441.55702,13474.4562909,13659.157748439999
2017-03-16,13565.018345,13473.32748335,13652.08409366
2017-03-17,13515.072979,13471.0398213,13643.03712302
2017-03-21,13581.666689,13472.541774050002,13636.0947572
2017-03-22,13654.10388,13479.929674000003,13630.906812979998
2017-03-23,13734.942781,13494.060929250001,13626.80725656
2017-03-24,13697.715705,13500.82467425,13623.079734680001
2017-03-27,13701.874265,13511.888540900001,13619.44437372
2017-03-28,13802.621311,13527.574051599999,13619.5562414
2017-03-29,13812.461919,13547.902453249999,13619.781500599998
2017-03-30,13872.417996,13570.064571,13621.39905138
2017-03-31,13830.545509,13591.066698799998,13622.374580579999
2017-04-03,13857.896623,13612.049030949998,13624.960493940001
2017-04-04,13858.650611,13630.857941,13627.35958942
2017-04-05,13892.166727,13651.9642547,13628.11503722
2017-04-06,13877.69308,13676.530369499998,13628.921922660002
2017-04-07,13873.612581,13697.894198900001,13628.314403339999
2017-04-10,13942.835406,13720.0456755,13628.850330460002
2017-04-11,13933.605247,13738.3612919,13630.76997992
2017-04-12,13974.121963,13771.02903185,13635.82957968
2017-04-17,13932.733435,13795.587852599998,13640.01103798
2017-04-18,13930.195088,13813.84668975,13642.335164879998
2017-04-19,13847.047509,13830.44541625,13642.396341619999
2017-04-20,13845.750125,13843.649588049997,13642.823158559999
2017-04-21,13835.33613,13852.711200549998,13644.51295164
2017-04-24,13895.186656,13860.7233943,13649.5016709
2017-04-25,13964.943909,13874.084804499998,13656.72864134
2017-04-26,13987.288377,13888.3555101,13664.1173042
2017-04-27,13863.750311,13891.411960099998,13668.24734266
2017-04-28,13879.118548,13894.74479155,13678.8105755
2017-05-02,13893.965268,13895.82215515,13686.86929582
2017-05-03,13863.19126,13897.454442700002,13692.3812311
2017-05-04,13928.511996,13900.98521135,13699.734946620001
2017-05-05,14012.036853,13908.654523449999,13708.943131
2017-05-08,14195.679648,13923.830169500001,13722.72980634
2017-05-09,14236.999712,13941.795501099998,13738.42344706
2017-05-10,14314.529802,13963.841362149999,13753.465227
2017-05-11,14384.938896,13985.946536649999,13771.552066279999
2017-05-12,14603.86585,14019.4595668,13793.85116134
2017-05-15,14749.815605,14058.2442489,13820.72959572
2017-05-16,14661.569745,14094.6860644,13845.3774778
2017-05-17,14544.880252,14125.420322599999,13868.06502378
2017-05-18,14459.638612,14156.04987775,13888.492796420001
2017-05-19,14527.775184,14190.1511307,13909.398851900001
2017-05-22,14533.309005,14225.049774449999,13930.664222939999
2017-05-23,14606.986759,14260.639779599998,13955.076542439998
2017-05-24,14627.449663,14293.765067299999,13978.69881584
2017-05-25,14613.574555,14325.0793762,14000.974189459997
2017-05-26,14659.144388,14364.84908005,14022.811218840001
2017-05-30,14609.36718,14401.36151165,14048.58321916
2017-05-31,14540.514627,14433.6889796,14070.5623713
2017-06-01,14574.05105,14469.231969099998,14090.743025400001
2017-06-02,14563.609901,14500.98686435,14111.713763839998
2017-06-05,14595.638161,14530.16692975,14131.993193280001
2017-06-06,14711.114242,14555.93865945,14153.13340052
2017-06-07,14658.82161,14577.02975435,14171.6109771
2017-06-08,14647.376536,14593.67209105,14190.60419372
2017-06-09,14650.720821,14606.961187300001,14209.581124840002
2017-06-12,14614.280627,14607.48192615,14225.814311159998
2017-06-13,14649.510011,14602.46664645,14242.555273
2017-06-14,14712.899138,14605.033116100001,14259.36489584
2017-06-15,14709.185852,14613.248396100002,14276.9377027
2017-06-16,14793.553895,14629.944160249997,14295.65084814
2017-06-20,14651.786631,14636.1447326,14311.513568539998
2017-06-21,14508.939437,14634.926254200001,14323.84902274
2017-06-22,14497.333211,14629.443576800002,14336.241825359999
2017-06-23,14492.557425,14622.698964900002,14348.62072224
2017-06-27,14545.572257,14619.298850000001,14360.67545926
2017-06-28,14682.398041,14620.46153265,14375.65131514
2017-06-29,14777.973337,14628.8918405,14391.728342620001
2017-06-30,14819.947772,14642.863497749999,14409.47262936
2017-07-04,14942.696088,14661.295749650002,14429.722649360001
2017-07-05,14996.973592,14682.963934199997,14452.721171019999
2017-07-06,15010.713999,14703.7177261,14476.0204485
2017-07-07,14899.408636,14713.132445800002,14497.30189862
2017-07-10,14868.88589,14723.635659799998,14516.775883300003
2017-07-11,14944.38343,14738.486004499999,14536.36467372
2017-07-12,15098.670605,14760.883493700001,14558.59231828
2017-07-13,15119.421085,14786.1405166,14583.70573376
2017-07-14,15077.721983,14807.5511152,14607.67780246
2017-07-17,15074.361224,14825.6242195,14631.28572158
2017-07-18,15010.475881,14840.688720949998,14654.231413999998
2017-07-19,14895.940171,14845.808034750002,14673.579977500001
2017-07-21,14922.692483,14859.353327350002,14691.793090100002
2017-07-24,14967.461165,14882.279413749999,14707.22872044
2017-07-25,14971.888053,14906.00715585,14721.92648726
2017-07-26,14951.254755,14928.94202235,14734.66098632
2017-07-27,15012.786544,14952.3027367,14747.21793928
2017-07-28,15083.630517,14972.3643605,14756.81323262
2017-07-31,14962.360725,14981.583729900001,14761.06413502
2017-08-01,14928.309703,14987.001826450001,14766.398934179999
2017-08-02,14957.81285,14987.75766455,14774.657586140002
2017-08-03,14926.342319,14984.226100900001,14783.99166028
2017-08-04,14911.145626,14979.24768225,14791.65906912
2017-08-08,14842.737283,14976.4141146,14797.847634680002
2017-08-09,14849.574149,14975.448527550001,14802.699382480001
2017-08-10,14780.882696,14967.273490850002,14805.76804314
2017-08-11,14775.924036,14951.136162399998,14809.01503276
2017-08-14,14768.826787,14933.606447499998,14811.208680740001
2017-08-15,14672.437754,14913.34223605,14812.470092219999
2017-08-16,14827.530643,14901.000707,14818.21041254
2017-08-17,14851.422012,14893.048013550002,14823.75783178
2017-08-18,14916.931187,14894.097564349999,14830.824257500002
2017-08-22,14972.011339,14896.56350715,14838.351721059998
2017-08-23,14956.266748,14896.0037863,14843.254771180002
2017-08-24,14917.394425,14893.279104899999,14848.42622748
2017-08-25,14894.531938,14890.442964049998,14853.36933552
2017-08-28,14903.493857,14884.978329700001,14858.424796239999
2017-08-29,14925.639459,14877.078776800001,14864.65197288
2017-08-30,14857.578714,14871.83967625,14868.813346940002
2017-08-31,14969.571658,14873.902773999998,14873.94679734
2017-09-01,15089.423165,14880.483289749998,14881.5515436
2017-09-04,15161.466489,14892.23949825,14888.90979548
2017-09-05,15200.069894,14906.68571165,14899.875460740002
2017-09-06,15221.961605,14925.646927750004,14914.1359041
2017-09-07,15181.622667,14942.24935365,14927.82169322
2017-09-08,15142.303511,14960.320394400002,14940.816614939999
2017-09-11,15198.824245,14981.46540485,14953.881654699999
2017-09-12,15084.43045,14997.245588,14961.922302879999
2017-09-13,15065.888449,15016.91812275,14967.68060512
2017-09-14,15060.68283,15028.575732100002,14972.49530628
2017-09-15,15082.423806,15040.125821799997,14975.289860640001
2017-09-18,15121.079708,15050.33324785,14977.771982960001
2017-09-19,15106.788654,15057.072113600001,14979.69347606
2017-09-20,15015.845758,15060.0510641,14982.0222185
2017-09-21,14989.482075,15063.6554466,14984.4341422
2017-09-22,15011.904167,15069.52405805,14985.78455694
2017-09-25,14977.458382,15073.2222843,14983.360312480003
2017-09-26,14987.523114,15076.316467050001,14980.72235306
2017-09-27,15048.202483,15085.8476555,14980.13196306
2017-09-28,15041.556041,15089.44687465,14979.4758594
2017-09-29,15049.800015,15087.46571715,14980.262342080001
2017-10-02,15049.193323,15081.852058850001,14983.327405119999
2017-10-03,15053.190381,15074.5080832,14985.937363079998
2017-10-04,15014.644354,15064.14222065,14986.881026860001
2017-10-05,15040.533098,15057.0877422,14988.25392776
2017-10-06,15094.337947,15054.689464,14991.115591599999
2017-10-09,15018.736666,15045.68508505,14991.23459404
2017-10-10,15040.745455,15043.500835300001,14990.3768928
2017-10-11,15016.695835,15041.041204600002,14991.463594999997
2017-10-12,15026.436677,15039.328896949999,14993.42613448
2017-10-13,15044.926785,15037.454045900002,14995.16841318
2017-10-17,14989.933702,15030.896745600001,14996.440240840002
2017-10-18,14967.135636,15023.914094700001,14997.56004104
2017-10-19,14869.873686,15016.6154911,14998.1027691
2017-10-20,14827.762314,15008.529503050002,14997.666532399999
2017-10-23,14780.287642,14996.9486768,14997.654631319998
2017-10-24,14779.959221,14987.07371875,14997.735335020001
2017-10-25,14892.590104,14982.32706825,15000.210601359999
2017-10-26,14911.91184,14975.512536100001,15005.00008308
2017-10-27,14648.185168,14955.843992450002,15001.41317358
2017-10-30,14567.620371,14931.73501025,14995.73714076
2017-10-31,14405.532392,14899.551963700002,14985.50916486
2017-11-01,14557.532001,14874.7690447,14977.219578100001
2017-11-02,14416.8217,14844.877912,14966.430677139999
2017-11-03,14342.921268,14809.997320500002,14954.941214
2017-11-07,14508.750725,14780.7179594,14947.22558974
2017-11-08,14508.765754,14755.2194138,14939.33102768
2017-11-09,14565.036752,14731.43397865,14932.11897354
2017-11-10,14504.032113,14705.800792549999,14925.04804152
2017-11-14,14410.542595,14675.006088450002,14913.86746026
2017-11-15,14465.801509,14646.049824650001,14901.395027140003
2017-11-16,14525.583962,14622.83233765,14888.6773766
2017-11-17,14595.59774,14604.255442849997,14876.587933519999
2017-11-20,14622.45097,14591.88430705,14864.59772082
2017-11-21,14644.377707,14582.715076699998,14853.852821620001
2017-11-22,14674.54675,14577.4280321,14844.497686400002
2017-11-23,14668.558293,14571.8579857,14833.89236736
2017-11-24,14655.595738,14560.0082674,14825.315673120002
2017-11-27,14626.417249,14545.73353785,14816.526249120001
2017-11-28,14631.847794,14544.91666915,14807.9495484
2017-11-29,14657.922571,14549.431779150002,14799.459523700001
2017-11-30,14612.916476,14559.80098335,14789.296259060002
2017-12-01,14659.196516,14564.8842091,14780.3444163
2017-12-04,14620.806592,14575.083453700001,14772.44363298
2017-12-05,14647.527721,14590.313776349998,14765.6045459
2017-12-06,14634.590315,14596.60575585,14758.05826886
2017-12-07,14666.087954,14604.47186585,14751.830860299999
2017-12-11,14876.258228,14620.032939649998,14749.60556258
2017-12-12,14875.780791,14638.620373549998,14746.15712874
2017-12-13,14902.257615,14663.206124549999,14743.37116022
2017-12-14,14928.611291,14686.346613650001,14740.947385739999
2017-12-15,14824.343051,14701.2845681,14736.450380299999
2017-12-18,14920.094691,14717.509415650002,14733.788466500002
2017-12-19,14933.50886,14733.06231015,14732.16575662
2017-12-20,15011.492075,14751.41802855,14731.584936159998
2017-12-21,15080.169399,14771.699161000002,14731.3015652
2017-12-22,15141.45506,14795.343999349998,14733.755933080001
2017-12-26,15136.125018,14819.370463349998,14735.66352434
2017-12-27,15251.932129,14850.64620735,14740.36825022
2017-12-28,15303.704148,14884.23902505,14745.91359964
2017-12-29,15303.704148,14916.5281039,14751.0891469
2018-01-02,15338.207874,14952.7926738,14758.05463034
2018-01-03,15335.563355,14986.611015749999,14765.42318472
2018-01-04,15495.247944,15030.333083349999,14777.93066988
2018-01-05,15635.073991,15079.710396850001,14794.076903420002
2018-01-09,15653.278471,15130.644804649997,14811.53672
2018-01-10,15556.244523,15175.1526331,14827.06242604
2018-01-11,15411.041469,15201.89179515,14837.43145334
2018-01-12,15391.500945,15227.677802850001,14847.02323544
2018-01-15,15313.74688,15248.2522661,14860.33446968
2018-01-16,15571.378942,15280.39064865,14880.409641100001
2018-01-17,15616.011437,15319.974067950001,14904.619222
2018-01-18,15661.502498,15357.0444583,14926.69863194
2018-01-19,15691.255729,15394.931801749999,14952.18731252
2018-01-22,15759.330442,15432.323720099997,14980.515496
2018-01-23,15884.925908,15472.56154555,15008.03899966
2018-01-24,16079.043836,15519.44098435,15039.4445613
2018-01-25,16072.466574,15566.25806215,15069.59315774
2018-01-26,16116.002854,15609.461598400001,15101.832572559999
2018-01-29,16171.622713,15652.857526650001,15137.054174919998
2018-01-30,16015.872324,15688.46593545,15168.05559122
2018-01-31,15752.070418,15709.15906265,15192.585320339998
2018-02-01,15989.908792,15741.876334499999,15220.47154138
2018-02-02,15855.603525,15759.89411355,15245.13459248
2018-02-05,15403.044675,15748.29264775,15260.307931839998
2018-02-06,15440.87582,15737.6725152,15275.63451324
2018-02-07,15440.657579,15731.893167999999,15291.076498960001
2018-02-08,15217.857581,15722.2339736,15302.32173582
2018-02-09,15182.929322,15711.805392450002,15313.45197728
2018-02-12,15269.162849,15709.576190900003,15326.19827838
2018-02-13,15221.356481,15692.075067849999,15337.46695658
2018-02-14,15359.522313,15679.250611649997,15352.399073319999
2018-02-15,15313.230288,15661.83700115,15365.47974876
2018-02-16,15377.003105,15646.124369950001,15380.603679020001
2018-02-19,15320.752997,15624.195497700002,15394.068184540001
2018-02-20,15340.009971,15596.949700849998,15408.176577659999
2018-02-21,15419.788325,15563.986925300002,15423.25058508
2018-02-22,15489.2917,15534.8281816,15435.511254519999
2018-02-23,15498.002662,15503.928172,15447.95569194
2018-02-26,15419.552659,15466.3246693,15458.30159282
2018-02-27,15335.05355,15432.2837306,15466.430438000001
2018-02-28,14948.656719,15392.11304565,15468.91671136
2018-03-01,14826.903274,15333.96276975,15467.052883019998
2018-03-02,14726.893995,15277.52729325,15462.920585720001
2018-03-05,14861.854375,15250.467778249998,15459.927831720002
2018-03-06,14919.239979,15224.3859862,15456.709243320001
2018-03-07,14901.183662,15197.412290350001,15451.90381536
2018-03-08,14906.441046,15181.8414636,15447.310135919999
2018-03-09,14986.426476,15172.0163213,15442.00002286
2018-03-12,14953.246882,15156.22052295,15434.99087754
2018-03-13,14839.371393,15137.121268550001,15425.70422244
2018-03-14,14801.118084,15109.201057100003,15414.962426639999
2018-03-15,14835.252436,15085.3021645,15404.956208259999
2018-03-16,14920.982326,15062.50112555,15393.4708959
2018-03-20,14931.658008,15043.0463761,15379.402576240002
2018-03-21,15023.668734,15027.229314250002,15366.810381500001
2018-03-22,14846.04509,14998.542152500002,15352.606392839998
2018-03-23,14781.122043,14963.133669649998,15340.008004320001
2018-03-26,14887.188446,14932.59295885,15329.921754340001
2018-03-27,14700.702897,14896.650470749999,15317.660874680001
2018-03-28,14755.715684,14867.683577449998,15301.347609519999
2018-03-30,14755.715684,14858.036525700003,15284.14169446
2018-04-02,14909.575398,14862.170131899999,15269.10315246
2018-04-03,15132.528124,14882.45183835,15257.928600360001
2018-04-04,15180.188259,14898.368532550001,15246.345756699999
2018-04-05,15353.939997,14920.10353345,15235.726038480001
2018-04-06,15413.417225,14945.715211600002,15222.41350626
2018-04-09,15523.257872,14976.556052900001,15211.429332220001
2018-04-10,15694.147032,15011.942080700002,15202.992215780001
2018-04-11,15815.745542,15055.067013700002,15195.874672360002
2018-04-12,15773.12061,15101.75447455,15191.01963808
2018-04-13,15662.821844,15144.839662549999,15189.234666600001
2018-04-16,15580.454255,15182.0997535,15181.04557586
2018-04-17,15807.38939,15226.420106700001,15180.081293159998
2018-04-18,15913.994368,15275.5369247,15190.300287020002
2018-04-19,16017.487581,15325.22786705,15201.83252224
2018-04-20,15906.439501,15378.2475876,15211.148160679999
2018-04-23,16059.024527,15442.142711800003,15227.9714996
2018-04-24,15916.709264,15493.6187527,15242.64709844
2018-04-25,15875.377569,15552.3524863,15254.77139284
2018-04-26,15834.103494,15606.271876800001,15267.026333099999
2018-04-27,15966.121047,15666.792144949999,15279.158307780002
2018-04-30,15838.722117,15713.2494809,15289.66814436
2018-05-02,15838.839257,15748.56503755,15298.904867399999
2018-05-03,15711.225651,15775.116907149999,15306.71432048
2018-05-04,15650.531216,15789.9464681,15312.92474538
2018-05-07,15621.958824,15800.373548049998,15316.968155359998
2018-05-08,15645.699108,15806.49560985,15320.09630352
2018-05-09,15766.530255,15810.114770999999,15325.46685538
2018-05-10,15707.663713,15804.71067955,15331.229076459998
2018-05-11,15681.628187,15800.136058400001,15338.160569200001
2018-05-15,15896.889288,15811.839430600001,15357.125220580001
2018-05-16,15653.653798,15815.499407750001,15373.66023106
2018-05-17,15433.324174,15796.796146949997,15387.78883464
2018-05-18,15382.520306,15770.222443850002,15398.20215326
2018-05-21,15343.535264,15736.524828,15406.68805896
2018-05-22,15425.262694,15712.465987649999,15417.1696396
2018-05-23,15408.149918,15679.9222572,15427.203817040001
2018-05-24,15459.867867,15657.080187349999,15436.67264486
2018-05-25,15439.92946,15635.3077819,15446.40629642
2018-05-28,15424.273299,15614.816272150001,15458.10433454
2018-05-29,15572.829741,15595.15170685,15473.538567680002
2018-05-30,15641.71459,15585.3013305,15489.66781076
2018-05-31,15642.209993,15575.4698673,15504.0923641
2018-06-01,15821.017893,15580.9594794,15521.8795618
2018-06-05,15771.792195,15587.022528349999,15536.842031019998
2018-06-06,15720.3535,15591.942262150002,15554.32819922
2018-06-07,15669.037527,15593.1091831,15572.0865089
2018-06-08,15654.783261,15587.5218334,15587.4384052
2018-06-12,15680.188987,15586.148097099998,15607.028127
2018-06-13,15706.418707,15587.3876231,15626.04218746
2018-06-14,15683.621027,15576.724210049997,15644.600294319998
2018-06-15,15586.004669,15573.341753600002,15658.128879740001
2018-06-18,15729.648541,15588.15797195,15670.071288079998
2018-06-19,15547.513852,15596.407649249999,15677.41779994
2018-06-20,15494.428677,15603.9523199,15680.227573539998
2018-06-21,15515.772494,15608.477809900001,15682.27467892
2018-06-22,15416.825206,15608.9115743,15680.146025600001
2018-06-25,15416.107642,15606.723563049998,15674.5852378
2018-06-26,15663.089123,15617.881546200002,15671.532109419999
2018-06-27,15729.023766,15633.11906955,15670.650172539998
2018-06-28,15781.891368,15643.5721509,15673.031563019998
2018-06-29,15979.241633,15660.448503050002,15681.007310579998
2018-06-30,15979.241633,15677.30008505,15684.44435544
2018-07-03,15824.927877,15677.49558425,15682.66302562
2018-07-04,15923.58327,15685.085137999999,15680.7849394
2018-07-05,15883.488007,15693.24186335,15680.325909520001
2018-07-06,15814.009865,15700.49048025,15675.42561628
2018-07-09,15791.240133,15707.313323849998,15672.916233660002
2018-07-10,15850.900952,15715.8489221,15672.42670132
2018-07-11,15779.999811,15719.527977299998,15671.34462766
2018-07-12,15692.79035,15719.986443450001,15665.878013719997
2018-07-13,15705.001577,15725.936288849998,15663.20360292
2018-07-16,15754.499244,15727.178823999999,15661.51680266
2018-07-17,15740.553227,15736.83079275,15662.103354179999
2018-07-18,15762.373625,15750.22804015,15664.34020236
2018-07-19,15713.615238,15760.120177349998,15666.173330640002
2018-07-23,15731.509819,15775.854408,15667.889544860001
2018-07-24,15689.347055,15789.51637865,15666.345880859999
2018-07-25,15512.654312,15781.994638099999,15662.44569284
2018-07-26,15617.248784,15776.405888999998,15661.15810478
2018-07-27,15604.527574,15767.5376993,15655.3108705
2018-07-30,15724.931529,15754.8221941,15656.736425120002
2018-07-31,15444.141246,15728.067174750002,15656.95276656
2018-08-01,15582.869151,15715.96423845,15660.95974346
2018-08-02,15469.311044,15693.250627149999,15663.47525906
2018-08-03,15497.237728,15673.938113200002,15664.91475974
2018-08-06,15457.585928,15656.116916349998,15665.90347994
2018-08-08,15594.789759,15646.294397650001,15668.601917779999
2018-08-09,15499.259518,15628.712325950002,15669.78851894
2018-08-10,15427.027666,15611.063718700001,15669.84360628
2018-08-13,15376.610463,15595.254724349998,15665.91922072
2018-08-14,15414.092723,15580.709281650003,15661.36678338
2018-08-15,15382.377148,15562.103176850002,15656.17012648
2018-08-16,15429.460873,15546.54855915,15648.33898608
2018-08-17,15462.388847,15531.549320250002,15642.15091912
2018-08-21,15508.138546,15521.275485650001,15637.906620039998
2018-08-22,15537.029564,15511.551472899999,15635.266460780002
2018-08-23,15521.320532,15503.15014675,15632.597206199998
2018-08-24,15562.887626,15505.66181245,15630.251178980001
2018-08-27,15620.146239,15505.8066852,15628.52572962
2018-08-28,15662.558912,15508.708252100001,15628.10448732
2018-08-29,15617.733463,15503.3483488,15628.7390632
2018-08-30,15586.621227,15510.47234785,15625.87851692
2018-08-31,15604.594801,15511.558630349999,15627.0201359
2018-09-03,15537.389026,15514.96252945,15627.87934288
2018-09-04,15478.287894,15514.01503775,15627.12965088
2018-09-05,15260.468233,15504.159153,15624.002511420002
2018-09-06,15021.457579,15475.492543999999,15616.10951016
2018-09-07,14927.572082,15446.908172200001,15601.399169339998
2018-09-10,14885.760644,15419.844821099998,15584.5339069
2018-09-11,14975.561975,15399.7923967,15568.407319040001
2018-09-12,15275.832638,15392.87939245,15554.33913914
2018-09-13,15189.732465,15383.247158299997,15538.54895578
2018-09-14,15158.304551,15369.6893422,15525.21648926
2018-09-17,15129.828271,15353.061313399998,15509.341389280002
2018-09-18,15273.187931,15341.313782649999,15497.13538776
2018-09-19,15232.516327,15326.088120800001,15485.505517000001
2018-09-20,15033.151359,15301.67966215,15470.34374152
2018-09-21,15004.054816,15273.738021649999,15453.4068188
2018-09-24,15098.804468,15247.670933100002,15439.782911939998
2018-09-25,15092.714585,15219.17871675,15427.78139664
2018-09-26,15078.899796,15192.2370334,15415.25936102
2018-09-27,15190.272889,15172.4196165,15403.97483392
2018-09-28,15262.487674,15155.31426015,15394.41352286
2018-09-30,15262.487674,15141.56919255,15384.41580384
2018-10-01,15331.48394,15134.22899485,15376.77317788
2018-10-02,15322.61625,15137.3363957,15368.5953065
2018-10-03,15457.948909,15159.160962200001,15363.967343580001
2018-10-04,15382.229337,15181.89382495,15361.35884408
2018-10-05,15156.600598,15195.43582265,15352.14588036
2018-10-08,15062.899472,15199.8026975,15341.31331832
2018-10-09,15189.231415,15195.47263635,15330.599316039998
2018-10-10,15009.565454,15186.464285799997,15321.907800199999
2018-10-11,14810.105973,15169.0543569,15306.45253664
2018-10-12,14837.545868,15154.44023675,15293.81723312
2018-10-16,15007.200849,15141.140882650001,15284.016495539998
2018-10-17,14980.005299,15128.51533125,15274.464882960001
2018-10-18,14828.008204,15118.258173499999,15259.129251859998
2018-10-19,14756.679423,15105.88940385,15244.27764996
2018-10-22,14635.127477,15082.705554299999,15228.439646180002
2018-10-23,14569.66323,15056.55298655,15212.30070152
2018-10-24,14348.635724,15020.03978295,15190.991561540002
2018-10-25,14182.1103,14969.631653499999,15166.98622458
2018-10-26,14203.298213,14916.672180450001,15142.462971380002
2018-10-29,14155.193677,14861.307480599999,15116.319067979999
2018-10-30,14179.826617,14803.72461445,15089.7528294
2018-10-31,14083.998948,14741.793749350001,15060.692217079999
2018-11-01,13990.522724,14668.4224401,15030.076260920001
2018-11-02,14068.45795,14602.733870749998,15000.1876674
2018-11-06,14175.806807,14553.6941812,14971.30087876
2018-11-07,14392.573565,14520.17788585,14945.90117182
2018-11-08,14412.283304,14481.330480300001,14921.792168639999
2018-11-09,14360.88827,14448.896621100002,14897.2775095
2018-11-13,14031.616677,14409.9721563,14865.81794702
2018-11-14,14173.890913,14376.789408550001,14838.54798476
2018-11-15,14430.611799,14347.959956050001,14817.59446286
2018-11-16,14530.755439,14325.497463049998,14803.00020698
2018-11-19,14390.696289,14303.6318673,14790.384981180001
2018-11-20,14048.769442,14268.23636825,14772.808928379998
2018-11-21,14058.212735,14239.39063115,14756.257970200002
2018-11-22,14038.989004,14212.856919849999,14737.52651078
2018-11-23,13863.279422,14188.589104749999,14709.27544646
2018-11-26,14093.490825,14184.158131,14687.350613659999
2018-11-27,13991.443558,14173.565398249999,14664.0133938
2018-11-28,14028.437869,14167.22760785,14641.98558576
2018-11-29,14045.043826,14160.488468300002,14617.42270366
2018-11-30,13968.275968,14154.7023193,14592.137896479999
2018-12-03,14233.905408,14166.8714535,14576.152977459999
2018-12-04,14174.20807,14172.1589595,14559.556042540002
2018-12-05,14261.807146,14176.458976449998,14542.816096100001
2018-12-06,14075.73265,14160.6169307,14522.4764574
2018-12-07,13999.340859,14139.969808449998,14500.88527866
2018-12-10,13944.088752,14119.12983255,14475.96159592
2018-12-11,13908.437668,14112.9708821,14448.880595800001
2018-12-12,13917.600017,14100.156337299999,14421.982842660002
2018-12-13,13827.175539,14069.984524299998,14391.89667464
2018-12-14,13765.994163,14031.746460499999,14360.764232900001
2018-12-17,13526.440805,13988.533686300001,14322.13407082
2018-12-18,13531.352564,13962.6628424,14285.11653536
2018-12-19,13492.865955,13934.3955034,14251.8418425
2018-12-20,13149.748645,13889.933485450001,14213.57882596
2018-12-21,13184.766899,13856.007859300002,14173.489535640001
2018-12-24,13216.510349,13812.158835499999,14137.62843354
2018-12-26,13494.219458,13787.297630500001,14111.31070324
2018-12-27,13452.11984,13758.481729050001,14083.602182679999
2018-12-28,13446.358956,13728.547485549998,14052.385344819999
2018-12-31,13446.358956,13702.45163495,14021.71241796
2019-01-02,13514.786746,13666.495701849999,13995.4479888
2019-01-03,13675.295028,13641.55004975,13973.8203009
2019-01-04,13764.0703,13616.66320745,13956.399157359998
2019-01-08,13879.31049,13606.84209945,13942.59210256
2019-01-09,13975.445323,13605.64732265,13935.128294539998
2019-01-10,14040.444684,13610.465119249999,13932.294982219999
2019-01-11,14083.809729,13619.233722300001,13929.905212539998
2019-01-14,14131.830648,13629.94525385,13929.437951959997
2019-01-15,14133.991168,13645.2860353,13928.52124298
2019-01-16,14116.128166,13662.792735449999,13929.16382734
2019-01-17,14116.79976,13692.3106832,13931.689368059999
2019-01-18,14132.063527,13722.34623135,13932.9614796
2019-01-21,14191.930873,13757.29947725,13933.283960920002
2019-01-22,14242.188804,13811.9214852,13930.276265699998
2019-01-23,14268.049443,13866.085612400002,13927.39158848
2019-01-24,14371.208115,13923.820500699998,13927.597985380002
2019-01-25,14458.993823,13972.059218949998,13936.1455283
2019-01-28,14510.235905,14024.9650222,13942.87242814
2019-01-29,14583.415119,14081.817830349999,13945.928494540001
2019-01-30,14706.298012,14144.81478315,13949.439345999997
2019-01-31,14632.940553,14200.7224735,13954.28423128
2019-02-01,14782.465607,14256.08100245,13968.95815458
2019-02-04,14911.754458,14313.465210350001,13986.02898904
2019-02-05,15097.09329,14374.35435035,14007.19107476
2019-02-06,15051.670587,14428.16561355,14030.95889806
2019-02-07,14882.617644,14470.27426155,14046.74143444
2019-02-08,14848.808164,14508.5241833,14063.88872656
2019-02-11,14846.483682,14544.256835000002,14080.24964282
2019-02-12,14899.723305,14582.543441849999,14097.343232399999
2019-02-13,14887.825565,14621.128311800003,14115.73422434
2019-02-14,14930.055243,14661.79108595,14129.657221039999
2019-02-15,15051.140258,14707.744922499998,14147.195864799998
2019-02-18,14988.662969,14747.581527299999,14161.73298126
2019-02-19,14938.933,14782.4187371,14178.996988259998
2019-02-20,14947.569006,14816.39471525,14197.9615512
2019-02-21,14945.89292,14845.1289555,14217.99763456
2019-02-22,15078.983434,14876.12843605,14241.40854988
2019-02-25,15265.165058,14913.8748937,14268.359850699999
2019-02-26,15366.172824,14953.01277895,14299.1397964
2019-02-27,15332.714587,14984.333607700002,14330.47420488
2019-02-28,15248.127222,15015.09294115,14364.90793322
2019-03-01,15319.161231,15041.92772235,14400.66410656
2019-03-04,15335.139288,15063.09696385,14437.50957322
2019-03-05,15347.181057,15075.6013522,14481.458221460001
2019-03-06,15486.30168,15097.332906850002,14527.488917080002
2019-03-07,15342.989145,15120.351481900001,14570.018493000001
2019-03-08,15193.622649,15137.592206149999,14604.006556819999
2019-03-11,15423.961468,15166.46609545,14643.443389380001
2019-03-12,15499.891143,15196.474487349999,14684.51403312
2019-03-13,15771.795494,15240.6729838,14731.02276388
2019-03-14,15919.635304,15290.15198685,14779.119735039998
2019-03-15,15965.832884,15335.88661815,14824.93049216
2019-03-18,16233.302699,15398.118604649999,14874.315140140001
2019-03-19,16306.927517,15466.5183305,14922.867480679999
2019-03-20,16452.599809,15541.76987065,14972.410570400001
2019-03-21,16483.396774,15618.64506335,15021.2696122
2019-03-22,16140.0703,15671.699406650001,15062.394823620001
2019-03-26,16260.849873,15721.4836474,15104.975208120002
2019-03-27,15915.079745,15748.928993450001,15140.59697966
2019-03-28,15894.605003,15777.023514249999,15176.1665164
2019-03-29,16073.768278,15818.30556705,15215.30588676
2019-03-31,16073.768278,15856.035919400001,15254.139981780001
2019-04-01,16017.84025,15890.170967500002,15290.65816932
2019-04-02,15995.975314,15922.61068035,15325.73389952
2019-04-03,16107.714936,15953.68134315,15362.527209380001
2019-04-04,16102.537389,15991.65875535,15397.15379486
2019-04-05,16199.644331,16041.95983945,15431.96680502
2019-04-08,16372.374077,16089.3804699,15469.209568459999
2019-04-09,16430.682424,16135.92003395,15506.154914559998
2019-04-10,16468.781043,16170.7693114,15541.404575180002
2019-04-11,16331.726476,16191.37387,15575.380293639999
2019-04-12,16271.631674,16206.6638095,15605.163614980002
2019-04-15,15950.568243,16192.527086700002,15625.939890679998
2019-04-16,16037.766698,16179.069045749999,15644.75335884
2019-04-17,16135.937993,16163.23595495,15666.43870696
2019-04-22,16304.513893,16154.291810899998,15694.87663194
2019-04-23,16343.005472,16164.4385695,15724.760578099998
2019-04-24,16395.475268,16171.16983925,15755.74040982
2019-04-25,16397.009167,16195.26631035,15785.68612706
2019-04-26,16376.067272,16219.339423799998,15815.450961199998
2019-04-29,16322.265381,16231.764278949999,15843.29516396
2019-04-30,15929.92762,16224.57224605,15860.8709112
2019-05-02,15812.462396,16214.303353349998,15877.34689974
2019-05-03,15744.412084,16201.72519185,15893.45648142
2019-05-06,15681.124888,16180.39568945,15908.12759906
2019-05-07,15540.775679,16152.307603949997,15920.02525424
2019-05-08,15581.444598,16121.397617300001,15930.07447752
2019-05-09,15616.141948,16083.58601085,15937.094015319999
2019-05-10,15694.641679,16046.783973599999,15943.66339242
2019-05-13,15345.117407,15990.6007918,15943.911448820001
2019-05-14,15277.365398,15937.8827379,15944.49621234
2019-05-15,15200.960927,15884.349200550001,15942.132206260001
2019-05-16,15215.990244,15847.6203006,15939.74922538
2019-05-17,15185.386695,15805.001300450002,15936.513338140001
2019-05-20,15011.045332,15748.7566674,15927.00821118
2019-05-21,15118.420006,15689.45197305,15922.5168284
2019-05-22,15078.066772,15626.205038049997,15920.205710860002
2019-05-23,14903.612392,15551.61189425,15909.798729339998
2019-05-24,15077.404326,15485.631652199998,15901.348993
2019-05-27,14981.884213,15415.92249925,15885.550767379998
2019-05-28,14819.058659,15340.762163150002,15863.53923448
2019-05-29,15004.353959,15294.4834801,15844.30965598
2019-05-30,15057.992464,15256.7599835,15820.80345128
2019-05-31,15033.37526,15221.2081423,15795.33240614
2019-06-04,15136.954048,15193.999600299998,15769.01949092
2019-06-05,14996.193026,15166.77046765,15739.27541596
2019-06-06,15062.344231,15140.815449299998,15717.720894580001
2019-06-07,15262.175854,15123.117144599999,15697.7474142
2019-06-10,15153.969714,15096.08354635,15682.525213579998
2019-06-11,15365.668088,15097.1110804,15671.94647528
2019-06-12,15296.742565,15098.079938750001,15656.40596102
2019-06-13,15382.63023,15107.1634039,15642.583200059998
2019-06-14,15429.575789,15117.84268115,15630.81791084
2019-06-17,15347.479102,15125.9473015,15617.847986600002
2019-06-18,15544.235567,15152.606813249999,15606.57839922
2019-06-19,15628.985116,15178.13506875,15597.107353759999
2019-06-20,15713.762843,15209.9198723,15587.389723999999
2019-06-21,15798.424633,15254.660484349999,15575.91073512
2019-06-25,15807.952759,15291.187906000001,15563.456141820001
2019-06-26,15725.69112,15328.378251350001,15548.594343359999
2019-06-27,15705.052162,15372.677926499999,15536.06085708
2019-06-28,15722.838431,15408.602150100001,15525.08499222
2019-06-30,15722.838431,15441.844448450001,15520.53039598
2019-07-02,15669.364676,15473.64391925,15513.162355539998
2019-07-03,15872.907002,15510.441566950001,15507.90173572
2019-07-04,15895.264036,15555.395117450002,15499.71673858
2019-07-05,16028.528002,15603.704306000003,15493.427189180002
2019-07-08,16054.023904,15643.296708500002,15486.5981619
2019-07-09,16134.648706,15692.330658099998,15481.35095268
2019-07-10,16255.529228,15736.823715100001,15478.9401918
2019-07-11,16251.23222,15784.54819785,15477.51952858
2019-07-12,16297.936133,15830.313493,15484.87969884
2019-07-15,16295.778921,15873.6236496,15494.546029340001
2019-07-16,16442.9998,15928.399684500002,15508.517783660001
2019-07-17,16321.544499,15967.265131099999,15521.32617588
2019-07-18,16135.899128,15992.6108317,15533.22864486
2019-07-19,16271.107748,16020.478076950001,15547.021907859998
2019-07-22,16210.46189,16041.0799398,15558.908306700001
2019-07-23,16288.050167,16065.084810200002,15570.776476460002
2019-07-24,16192.652162,16088.432862299998,15587.72717156
2019-07-25,16220.282062,16114.194357299999,15606.58550484
2019-07-26,16075.117476,16131.808309549999,15624.068635819998
2019-07-29,16121.92673,16151.762724499999,15642.187365540001
2019-07-30,15948.241729,16165.70657715,15657.444466219999
2019-07-31,15793.514379,16161.736945999999,15673.09384716
2019-08-01,15546.003213,16144.273904849999,15681.645511300001
2019-08-02,15604.199007,16123.057455099999,15692.168155999998
2019-08-05,15196.371689,16080.17484435,15698.023341940001
2019-08-06,15295.272084,16038.206013250001,15702.3806971
2019-08-08,15623.911637,16006.6251337,15715.221245580002
2019-08-09,15548.49306,15971.4881757,15729.8099336
2019-08-12,15481.298023,15930.6562702,15739.34881488
2019-08-13,15717.124743,15901.7235613,15752.53146046
2019-08-14,15325.476491,15845.847395850002,15758.37348508
2019-08-15,15409.882644,15800.2643031,15763.832056999998
2019-08-16,15598.424876,15773.3905905,15775.876694
2019-08-20,15654.550732,15742.5627397,15787.72082402
2019-08-21,15584.792227,15711.279256550002,15794.173151480001
2019-08-22,15437.216362,15668.737566299998,15799.838084440002
2019-08-23,15218.44906,15620.0274112,15796.89370388
2019-08-26,15357.860235,15576.906319849999,15798.116057280002
2019-08-27,15488.190334,15547.559962750001,15800.22725936
2019-08-28,15540.239401,15518.4755963,15802.4405316
2019-08-29,15597.250973,15500.926058500001,15807.43596902
2019-08-30,15768.121279,15499.656403500001,15811.91368326
2019-09-02,15780.523875,15511.382436599999,15814.944458440003
2019-09-03,15787.176502,15520.531311349998,15816.412731620001
2019-09-04,15831.292194,15552.277336599998,15817.07008284
2019-09-05,15845.82188,15579.804826399999,15817.827465260001
2019-09-06,15847.505771,15590.9845331,15820.26375828
2019-09-09,15939.870523,15610.55340625,15824.960125500002
2019-09-10,15901.809676,15631.5789889,15828.5395504
2019-09-11,16031.859509,15647.3157272,15834.719971960001
2019-09-12,16056.883417,15683.8860735,15842.47034678
2019-09-13,15985.514486,15712.6676656,15844.722496460001
2019-09-16,16187.887296,15742.140786599999,15850.57496166
2019-09-17,16160.479492,15767.437224599998,15853.21399146
2019-09-18,16154.366713,15795.915948899998,15855.220847640001
2019-09-19,16121.325709,15830.12141625,15854.9543877
2019-09-20,16122.253917,15875.3116591,15852.28888148
2019-09-23,16151.201979,15914.978746300001,15850.28827666
2019-09-24,16089.847933,15945.06162625,15846.12651266
2019-09-25,16176.779616,15976.888637,15843.746526559999
2019-09-26,16227.822366,16008.41720665,15839.44297788
2019-09-27,16061.789507,16023.10061805,15834.247878040002
2019-09-30,15982.208965,16033.184872550002,15831.17407478
2019-10-01,16033.503336,16045.50121425,15826.42198654
2019-10-02,15956.7257,16051.77288955,15821.34726274
2019-10-03,16095.585041,16064.2610476,15817.49796022
2019-10-04,16140.131817,16078.892349900003,15816.44755332
2019-10-07,16178.750992,16090.836373350001,15815.61693192
2019-10-08,16116.198473,16101.555813199997,15816.43855186
2019-10-09,16110.175519,16105.471613700001,15816.203527640002
2019-10-10,16050.738306,16105.16435815,15818.253459180001
2019-10-11,16125.346231,16112.1559454,15824.890096219999
2019-10-15,16003.767108,16102.949936,15834.045374119998
2019-10-16,16009.71202,16095.4115624,15842.155634379998
2019-10-17,16033.217126,16089.354083050002,15858.89254312
2019-10-18,16032.896989,16084.93264705,15873.64504122
2019-10-21,16225.867294,16090.113315899998,15885.684154359999
2019-10-22,16385.715798,16101.839006849998,15902.428609120001
2019-10-23,16384.507745,16116.571997449999,15920.492803559999
2019-10-24,16411.812548,16128.32364405,15934.386559659999
2019-10-25,16537.796083,16143.8223299,15958.632951500002
2019-10-28,16476.381914,16164.55195025,15979.9629369
2019-10-29,16588.463324,16194.8646682,15999.76370586
2019-10-30,16594.736859,16222.92634435,16018.5674284
2019-10-31,16508.891539,16250.534636299999,16037.04941464
2019-11-01,16636.006203,16277.555694400002,16061.025211459999
2019-11-05,16834.426625,16312.2704348,16093.34476276
2019-11-06,16748.44442,16340.755106199998,16121.15644646
2019-11-07,16733.985515,16371.644458300001,16146.07235008
2019-11-08,16538.996402,16393.085502449998,16166.047490100002
2019-11-12,16495.637889,16415.3304816,16184.01522842
2019-11-13,16417.299547,16429.928147399998,16196.99879378
2019-11-14,16312.550038,16445.367293900003,16207.639317039999
2019-11-15,16447.502266,16467.2568062,16220.84583232
2019-11-18,16401.326529,16485.662276349998,16232.24651902
2019-11-19,16248.377142,16496.436284000003,16240.297624259998
2019-11-20,16176.604046,16493.9731216,16246.879589760001
2019-11-21,16168.386433,16483.10665335,16251.44990796
2019-11-22,16310.926341,16479.42758315,16259.63224126
2019-11-25,16178.709535,16467.772432499998,16262.56924178
2019-11-26,16141.977715,16447.9815141,16264.271127740001
2019-11-27,16047.642137,16426.54452525,16265.51368076
2019-11-28,16210.83484,16407.663101050002,16265.97263164
2019-11-29,16294.256381,16392.63907715,16268.648169420001
2019-12-02,16156.415621,16375.015281250002,16268.68914758
2019-12-03,16071.306924,16346.7803173,16267.68877188
2019-12-04,16295.307477,16319.824359899998,16271.14984308
2019-12-05,16341.299377,16299.46710775,16274.951791039999
2019-12-06,16310.179358,16278.2767999,16279.35841954
2019-12-09,16245.869019,16263.620430750001,16280.7402076
2019-12-10,16223.247119,16250.000892249998,16280.64870266
2019-12-11,16246.962887,16241.48405925,16284.35217026
2019-12-12,16380.172616,16244.865188149997,16292.31144328
2019-12-13,16505.197899,16247.7499698,16301.74533454
2019-12-16,16516.665558,16253.516921249999,16312.9441317
2019-12-17,16512.171798,16266.70665405,16321.27586684
2019-12-18,16620.136943,16288.883298899998,16330.87596936
2019-12-19,16730.692954,16316.998624950002,16341.9148086
2019-12-20,16692.170306,16336.0608232,16353.43424526
2019-12-23,16915.073716,16372.879032250003,16369.5322092
2019-12-24,16962.163954,16413.8883442,16387.76072216
2019-12-26,16895.828912,16456.29768295,16403.17037578
2019-12-27,16908.985868,16491.20523435,16421.274750980003
2019-12-30,16833.643437,16518.17458715,16437.753379320002
2020-01-02,16796.256849,16550.16664855,16453.01417378
2020-01-03,16990.084163,16596.1055105,16472.157917260003
2020-01-07,16861.306812,16624.405477250002,16484.86670762
2020-01-08,16791.897526,16646.9353847,16492.99034218
2020-01-09,16759.115845,16669.38220905,16500.48250418
2020-01-10,16772.91068,16695.734292099998,16507.70446682
2020-01-13,16742.081042,16721.67598825,16511.790166
2020-01-14,16754.583192,16747.057003500002,16517.35419156
2020-01-15,16709.941553,16763.54545035,16519.78375614
2020-01-16,16700.491887,16773.31014975,16521.8988567
2020-01-17,16783.321538,16786.64294875,16527.38745668
2020-01-20,16789.593039,16800.514010799998,16530.459193400002
2020-01-21,16760.267579,16807.5205426,16528.976012479998
2020-01-22,16728.543848,16807.4130873,16528.578001039998
2020-01-23,16706.311983,16808.12017115,16528.024530400002
2020-01-24,16703.416998,16797.53733525,16531.31294232
2020-01-27,16461.363202,16772.49729765,16530.62744858
2020-01-28,16473.181311,16751.3649176,16531.74508386
2020-01-29,16565.294076,16734.180328,16536.79996462
2020-01-30,16608.948239,16722.9455681,16540.02888408
2020-01-31,16412.511865,16703.7583189,16540.2525908
2020-02-03,16431.2563,16675.81692575,16543.91017396
2020-02-04,16627.236361,16664.1134032,16552.92282026
2020-02-05,16749.863788,16662.011716300003,16564.55236736
2020-02-06,16727.653207,16660.4385844,16572.88690468
2020-02-07,16730.712701,16658.32868545,16583.926968
2020-02-10,16608.145259,16651.6318963,16593.25031888
2020-02-11,16634.272519,16645.61636265,16604.98292652
2020-02-12,16771.759066,16648.707238299998,16616.201411039998
2020-02-13,16812.166236,16654.290955750002,16626.55960814
2020-02-14,16825.251231,16656.3874404,16639.93632034
2020-02-17,16834.646662,16658.64012155,16655.203115099997
2020-02-18,16832.51711,16662.2525981,16665.94730776
2020-02-19,16938.209165,16672.73586395,16677.885503520003
2020-02-20,16877.330227,16681.286776150002,16689.2285209
2020-02-21,16498.367365,16671.034294499997,16694.27848782
2020-02-24,16406.522025,16668.29223565,16697.94398594
2020-02-25,16301.204953,16659.69341775,16699.02882726
2020-02-26,16094.523308,16636.15487935,16693.3158411
2020-02-27,15766.846532,16594.049794,16678.54881376
2020-02-28,15699.390562,16558.39372885,16662.20331384
2020-03-02,15567.963086,16515.229068149998,16643.319139599997
2020-03-03,15327.76106,16450.2553031,16617.47162194
2020-03-04,15644.789534,16395.0015904,16595.75355354
2020-03-05,15665.272439,16341.882552,16575.2155962
2020-03-06,15229.026099,16266.7982219,16541.494643859998
2020-03-09,13656.881951,16119.2350565,16475.3890038
2020-03-10,13814.186764,15978.23076875,16413.75616084
2020-03-11,13160.583554,15797.671993150001,16338.78811456
2020-03-12,11955.791574,15554.853260049998,16241.2310773
2020-03-13,11955.63437,15311.372417,16144.41862772
2020-03-16,10183.907059,14978.83543685,16008.29508564
2020-03-17,10216.396807,14648.0294217,15875.396885539998
2020-03-18,9143.939438,14258.31593535,15722.43772378
2020-03-19,9219.775499,13875.43819895,15571.65091686
2020-03-20,9383.409697,13519.690315549999,15423.860897199998
2020-03-24,9444.543262,13171.591377400002,15277.9101416
2020-03-25,10677.506305,12890.406444999999,15156.36860386
2020-03-26,11951.859024,12683.2732308,15061.20695328
2020-03-27,11742.815166,12482.0716625,14962.05341886
2020-03-30,11561.178601,12275.16106445,14857.61056012
2020-03-31,11500.612998,12071.79356005,14751.830959300001
2020-04-01,10892.674816,11850.03924785,14634.479104040001
2020-04-02,11405.57602,11638.07857215,14528.01974748
2020-04-03,11537.771545,11431.70352745,14424.64893872
2020-04-06,11860.585242,11263.2814846,14327.7923036
2020-04-07,11902.812243,11175.577999199999,14236.621284419998
2020-04-08,12137.867756,11091.7620488,14149.915013319998
2020-04-13,12202.841969,11043.87496955,14062.66597118
2020-04-14,12384.046953,11065.2877385,13978.167945460002
2020-04-15,12311.971649,11083.10460245,13896.15714114
2020-04-16,12295.986668,11188.708582899999,13813.451748500001
2020-04-17,12328.160458,11294.296765449999,13727.470230440002
2020-04-20,12205.722089,11447.385898,13636.587396459998
2020-04-21,11722.504545,11572.522350299998,13536.48442322
2020-04-22,11747.821625,11690.7429467,13436.8266017
2020-04-23,11938.40549,11815.4360581,13343.43180632
2020-04-24,11643.797552,11863.75062045,13243.622306980002
2020-04-27,11587.269725,11845.5211555,13139.93252016
2020-04-28,11875.222067,11852.141500549998,13041.193636779999
2020-04-29,11877.061569,11867.93564895,12942.229843539999
2020-04-30,11593.457922,11872.57789515,12837.40606874
2020-05-04,11258.581562,11890.873232449998,12725.92735778
2020-05-05,11198.196909,11880.504276900001,12611.127112659999
2020-05-06,11107.816193,11859.0065093,12495.73683198
2020-05-07,11338.337819,11832.89413815,12392.53624106
2020-05-08,11308.630235,11803.18503775,12290.57840526
2020-05-11,11239.966628,11758.28998135,12189.35363876
2020-05-12,11102.78844,11703.2873049,12089.5189414
2020-05-13,10763.805216,11622.275218050001,11989.458115079999
2020-05-14,10728.249804,11543.089125800001,11890.03529992
2020-05-15,10743.79087,11465.4793359,11793.5518556
2020-05-18,11032.02659,11400.6726425,11707.6371662
2020-05-19,10879.475171,11334.3602966,11612.330878940002
2020-05-20,10926.258611,11294.5479999,11517.55060238
2020-05-21,10864.493064,11250.381571850001,11430.25994168
2020-05-22,10781.262773,11192.524436,11372.74755812
2020-05-26,10937.375382,11157.2033275,11315.21133048
2020-05-27,11090.370887,11132.3583856,11273.80707714
2020-05-28,11058.379068,11091.51623565,11255.85882702
2020-05-29,11119.058462,11053.616080299998,11239.12730886
2020-06-01,11337.554944,11040.8209314,11262.20026656
2020-06-02,11344.060711,11045.094888849999,11284.753544640002
2020-06-03,11741.66671,11072.2683789,11336.70809008
2020-06-04,11802.385658,11106.99685215,11388.36029326
2020-06-05,12194.099114,11149.7849169,11444.574081600002
2020-06-08,12446.152513,11206.6610308,11504.606266619998
2020-06-09,12264.498946,11257.8876467,11536.34611944
2020-06-10,11947.868746,11300.141662,11536.26631388
2020-06-11,11377.619249,11330.832363649999,11528.962395539998
2020-06-12,11592.467947,11374.043270799999,11529.58818246
2020-06-16,11709.671481,11422.337301349999,11533.76935212
2020-06-17,11554.144676,11448.443205649999,11546.998749319999
2020-06-18,11551.176962,11482.028295200002,11549.91076816
2020-06-19,11775.096924,11524.47021085,11554.657275739999
2020-06-23,11593.099272,11560.90052125,11549.307556339998
2020-06-24,11451.907077,11594.43273645,11540.289453020001
2020-06-25,11447.229396,11619.925437150001,11526.47668582
2020-06-26,11307.218189,11630.76780225,11508.564210219998
2020-06-30,11312.792384,11643.48846805,11487.139118840001
2020-07-01,11295.890042,11652.33004705,11466.817486699998
2020-07-02,11386.368983,11654.770749,11448.625133
2020-07-03,11448.680124,11660.001719650001,11431.035526319998
2020-07-06,11527.07764,11649.27226615,11417.46263734
2020-07-07,11550.117807,11636.658873600001,11414.01490258
2020-07-08,11765.659585,11615.23689715,11414.37166178
2020-07-09,11670.542011,11576.45637205,11409.0143922
2020-07-10,11715.630075,11549.0129285,11410.451042659999
2020-07-13,11689.12089,11536.075535699998,11412.48806596
2020-07-14,11683.299523,11551.3595494,11408.649615080001
2020-07-15,11686.497632,11556.06103365,11404.83833634
2020-07-16,11801.176696,11560.636294400001,11408.99271182
2020-07-17,11831.610757,11574.50959845,11420.453295719999
2020-07-21,11936.635511,11593.7825259,11435.222067760002
2020-07-22,11955.529187,11602.80413905,11452.17632764
2020-07-23,12088.377751,11627.568063,11467.17712628
2020-07-24,12009.718817,11655.45865,11481.198897920001
2020-07-27,12076.364586,11686.9154095,11497.926857080001
2020-07-28,11985.597483,11720.834374200002,11515.583037940001
2020-07-29,12026.404346,11756.514972300001,11540.83502054
2020-07-30,11922.234295,11787.83218495,11564.71471036
2020-07-31,11508.27972,11793.9277218,11580.004487359998
2020-08-03,11496.421982,11796.3148147,11589.292395199998
2020-08-04,11449.053613,11792.41361335,11600.68396404
2020-08-05,11544.741606,11792.1448033,11613.053623940003
2020-08-06,11586.177693,11783.1707087,11627.48731652
2020-08-10,11598.816627,11779.584439499999,11643.8383936
2020-08-11,11521.262253,11769.866048400001,11655.51613102
2020-08-12,11594.411506,11765.1305792,11665.5969434
2020-08-13,11674.217687,11764.6764874,11677.91371578
2020-08-14,11708.798448,11765.7915282,11689.7085155
2020-08-18,11861.347115,11768.80004915,11700.184358920002
2020-08-19,11796.855973,11767.06230995,11709.24026416
2020-08-20,11923.872009,11766.42413485,11712.88437014
2020-08-21,12044.164554,11770.855903200001,11717.719948060001
2020-08-24,12232.738132,11778.073922250001,11718.49272842
2020-08-25,12485.085646,11801.8422637,11719.271391080001
2020-08-26,12456.561258,11820.852097300001,11723.11263732
2020-08-27,12437.711379,11843.457792099998,11732.90948998
2020-08-28,12447.333371,11864.50424335,11754.30377242
2020-08-31,12333.323769,11885.05871705,11769.12088886
2020-09-01,12731.293727,11946.2094174,11789.553333779999
2020-09-02,12755.217129,12009.14917475,11813.57478284
2020-09-03,12642.216291,12068.80730865,11835.395569420001
2020-09-04,12577.003498,12120.420403250002,11851.433700900001
2020-09-07,12603.780893,12171.30056325,11871.64733332
2020-09-08,12497.394049,12216.22943435,11892.557072759999
2020-09-09,12573.631745,12268.84790895,11915.085119739999
2020-09-10,12370.870577,12307.670862500001,11936.358167500002
2020-09-11,12298.92858,12338.90640715,11956.08089142
2020-09-14,12171.08699,12362.020834250001,11973.584830380001
2020-09-15,12112.713514,12374.589154199999,11988.111721000001
2020-09-16,12134.453204,12391.469015749999,12001.8271826
2020-09-17,12106.393453,12400.59508795,12013.41349886
2020-09-18,12246.170864,12410.69540345,12027.33456
2020-09-21,12152.781502,12406.69757195,12035.07699834
2020-09-22,12057.060059,12385.2962926,12042.807359299999
2020-09-23,11973.858782,12361.161168800001,12047.97193344
2020-09-24,11982.376004,12338.394400050001,12053.837035720002
2020-09-25,11929.535111,12312.50448705,12058.761747479999
2020-09-28,11981.919186,12294.934257899999,12064.67017856
2020-09-29,11874.830317,12252.1110874,12066.14325098
2020-09-30,11929.057234,12210.803092650001,12068.09218052
2020-10-01,11842.117803,12170.79816825,12066.20182636
2020-10-02,11868.353032,12135.36564495,12064.45830326
2020-10-05,11899.087699,12100.13098525,12060.67250222
2020-10-06,11908.579971,12070.69028135,12058.6497253
2020-10-07,11963.789813,12040.198184750001,12056.39822984
2020-10-08,12091.378489,12026.223580349999,12058.51384996
2020-10-09,12125.729569,12017.563629799999,12060.50035442
2020-10-13,11933.181364,12005.6683485,12060.7192958
2020-10-14,11939.38974,11997.002159799998,12069.3414962
2020-10-15,11888.335486,11984.6962739,12077.179766280002
2020-10-16,11949.614875,11976.857345,12087.19099152
2020-10-19,11980.383028,11963.5679532,12095.90381996
2020-10-20,12101.993679,11961.02856205,12106.22013968
2020-10-21,12007.685828,11958.559850499998,12114.397523700001
2020-10-22,12007.475864,11960.240704599999,12124.121795919998
2020-10-23,12012.913104,11961.7675596,12132.49182788
2020-10-26,12029.964812,11966.789044649999,12139.60677038
2020-10-27,11890.478975,11962.2170341,12143.240380919999
2020-10-28,11470.413675,11941.996201999998,12135.421712119998
2020-10-29,11570.417246,11924.0642026,12130.89293758
2020-10-30,11569.968044,11910.456714650001,12123.814858279999
2020-11-03,11715.226784,11902.800402249999,12117.23610288
2020-11-04,11765.626429,11896.12733875,12107.89386882
2020-11-05,11831.688879,11892.28278415,12094.82593348
2020-11-06,11927.618727,11890.47422985,12084.24708286
2020-11-09,12341.050631,11902.95783695,12082.313867900002
2020-11-10,12337.006445,11913.52168075,12080.10732938
2020-11-11,12406.426147,11937.183919899999,12081.56937694
2020-11-12,12276.68116,11954.0484909,12072.477125599999
2020-11-13,12303.115423,11974.78748775,12063.43509148
2020-11-17,12513.749972,12002.994242600002,12060.865765100001
2020-11-18,12551.791908,12031.564686599999,12060.361533299998
2020-11-19,12514.309344,12052.18046985,12058.57210232
2020-11-20,12617.342688,12082.66331285,12060.9710751
2020-11-23,12697.679621,12117.173500699999,12063.452032620002
2020-11-24,12927.719866,12162.9138388,12074.5890184
2020-11-25,12859.166456,12204.373921,12085.79377592
2020-11-26,12855.958779,12252.6479112,12099.491211699999
2020-11-27,12844.863088,12321.37038185,12114.134203179998
2020-11-30,12772.196184,12381.45932875,12126.88906278
2020-12-01,13045.033711,12455.2126121,12145.66186794
2020-12-02,13081.470015,12523.524773649999,12162.36785096
2020-12-03,13176.441901,12594.06554725,12182.841058940001
2020-12-04,13613.468557,12683.15453115,12213.969228900001
2020-12-07,13837.486228,12778.6479062,12251.241777819998
2020-12-09,14061.823174,12864.686533349999,12292.83072122
2020-12-10,13906.935778,12943.182999999999,12332.378734560001
2020-12-11,13999.159705,13022.8196779,12372.723544940001
2020-12-14,14114.439306,13114.707585200002,12417.51572472
2020-12-15,14301.562063,13214.6299172,12464.9658213
2020-12-16,14438.310471,13310.85794215,12516.88967466
2020-12-17,14656.20611,13416.078652250002,12572.64673622
2020-12-18,14485.287429,13514.6275565,12624.370730820001
2020-12-21,13991.741322,13583.347488200001,12666.03395784
2020-12-22,14227.29248,13659.82813115,12711.30401118
2020-12-23,14384.785775,13732.6814266,12757.1721569
2020-12-24,14477.41727,13813.5939673,12804.20591092
2020-12-28,14569.424565,13899.267256600002,12856.930774940001
2020-12-29,14764.796717,13995.263938049999,12913.43891448
2020-12-30,14615.234213,14087.415839499998,12967.97688902
2021-01-04,14413.496863,14155.8389971,13017.25452878
2021-01-05,14552.425728,14229.386782750002,13068.695382779999
2021-01-06,14594.173366,14300.273356,13118.53897652
2021-01-07,14591.149065,14349.1573814,13170.208241259998
2021-01-08,14773.498372,14395.957988600003,13225.52869142
2021-01-12,14856.569305,14435.695295149999,13282.40181544
2021-01-13,14799.579236,14480.32746805,13337.79410392
2021-01-14,14911.592979,14525.949131750001,13398.216384000001
2021-01-15,14772.430064,14558.84866965,13464.25671178
2021-01-18,14791.046305,14583.32288175,13528.66929296
2021-01-19,14840.679194,14603.4413179,13594.083515960001
2021-01-20,14844.92051,14612.8770379,13656.67739048
2021-01-21,14708.954852,14624.060409049998,13715.543958940001
2021-01-22,14436.718028,14646.30924435,13767.644541919999
2021-01-25,14222.465153,14646.067877999998,13813.54147044
2021-01-26,14273.981156,14640.52764705,13852.20008094
2021-01-27,14000.432266,14616.67839685,13885.468597359999
2021-01-28,13927.322274,14584.5732823,13915.8865199
2021-01-29,13680.03999,14530.33544595,13943.9536965
2021-02-01,13772.388897,14488.19318015,13973.339165979998
2021-02-02,13883.67442,14461.702057999999,14000.73765494
2021-02-03,13790.264039,14423.59397355,14025.507097560003
2021-02-04,13796.053155,14383.687962999998,14051.14197378
2021-02-05,13904.850693,14349.3730444,14076.892133880001
2021-02-08,14032.84105,14312.340178299997,14103.595362459999
2021-02-09,14012.326753,14270.128050700001,14125.2875002
2021-02-10,13951.196394,14227.7089086,14147.12809896
2021-02-11,13883.94369,14176.326444150001,14167.68779718
2021-02-12,13867.7606,14131.09297095,14188.145747420001
2021-02-15,13901.260542,14086.603682800001,14210.727034580003
2021-02-16,13839.328308,14036.5361385,14226.612926520002
2021-02-17,13871.740931,13987.87715955,14242.41834484
2021-02-18,13744.527166,13939.65577525,14253.78005014
2021-02-19,13733.282605,13904.484004099999,14256.176331100001
2021-02-22,13728.600571,13879.790775000001,14253.99861796
2021-02-23,13765.307483,13854.35709135,14248.068304139999
2021-02-24,13920.013058,13850.33613095,14248.32984974
2021-02-25,13568.542482,13832.39714135,14239.717505279998
2021-02-26,13791.738755,13837.982079600002,14233.26349426
2021-03-01,13753.421651,13837.0337173,14222.300686020002
2021-03-02,13698.009974,13827.750495,14207.49467608
2021-03-03,13666.66835,13821.570710549999,14187.70392088
2021-03-04,13565.478018,13810.041953700002,14169.30773266
2021-03-05,13642.33137,13796.91598755,14162.319533619999
2021-03-08,13564.286147,13773.4882424,14149.05940696
2021-03-09,13613.706504,13753.55722995,14133.637821539998
2021-03-10,13670.656107,13739.5302156,14117.502598279998
2021-03-11,13699.229417,13730.29450195,14100.09869532
2021-03-12,13734.765213,13723.6447326,14079.49806524
2021-03-15,13767.25832,13716.9446215,14062.538547380002
2021-03-16,13698.628284,13709.909620299999,14048.241175800002
2021-03-17,13632.555183,13697.9503329,14029.843764899999
2021-03-18,13451.079457,13683.277947450002,14006.981886720001
2021-03-19,13439.423406,13668.584987500002,13983.94737354
2021-03-23,13393.992714,13651.85459465,13956.35726038
2021-03-24,13447.349752,13635.956708100002,13928.17286932
2021-03-25,13395.922287,13609.75216955,13900.09973034
2021-03-26,13348.197169,13598.7349039,13868.83181414
2021-03-29,13414.019486,13579.84894045,13841.66360258
2021-03-30,13480.712075,13566.21346165,13815.456917980002
2021-03-31,13373.261005,13549.9760132,13786.1085542
2021-04-05,13446.652126,13538.975202000001,13758.143186520001
2021-04-06,13448.800184,13533.1413103,13732.94009316
2021-04-07,13563.791392,13529.214311400001,13715.481560440001
2021-04-08,13463.023629,13524.151185499999,13700.29272996
2021-04-09,13424.500068,13514.690863699998,13683.3031082
2021-04-12,13379.548785,13500.1354976,13670.88543858
2021-04-13,13347.943034,13482.571178449998,13659.29785378
2021-04-14,13425.697368,13467.1177862,13654.21100134
2021-04-15,13433.953941,13450.452567249999,13647.44230222
2021-04-16,13402.430533,13435.642679699999,13637.81742448
2021-04-19,13387.826906,13423.406265849999,13629.76868182
2021-04-20,13372.386718,13419.4716289,13621.295353079999
2021-04-21,13309.782116,13412.9895644,13609.393981539999
2021-04-22,13217.793754,13404.1796164,13593.093035620002
2021-04-23,13078.997058,13385.7619817,13574.42644172
2021-04-26,13123.972608,13372.16449775,13557.881966
2021-04-27,13190.821145,13364.29569655,13544.0195151
2021-04-28,13120.712536,13349.63034905,13529.078553820002
2021-04-29,13038.920152,13327.540752900002,13511.831746019998
2021-04-30,12684.728661,13293.114135699998,13488.739753079999
2021-05-03,12344.097781,13237.98641845,13458.186890079998
2021-05-04,12352.17116,13183.15496725,13430.33976996
2021-05-05,12575.116415,13133.7212184,13407.176446160001
2021-05-06,12836.547699,13102.3974219,13389.335388720001
2021-05-07,13005.81391,13081.463114,13374.145517260002
2021-05-10,13308.745077,13077.9229286,13361.920157640001
2021-05-11,13140.581931,13067.55487345,13353.360946620001
2021-05-12,13071.374053,13049.8387077,13338.953652580001
2021-05-13,12840.965455,13020.1892834,13320.704528659999
2021-05-14,13113.788411,13005.7571773,13309.020097400002
2021-05-18,12896.89863,12981.2107635,13293.624703
2021-05-19,12867.192291,12955.95104215,13279.65898846
2021-05-20,12799.23502,12930.423687350001,13262.797061460002
2021-05-21,12693.571302,12904.21256475,13245.382764560001
2021-05-24,12528.661377,12876.6957807,13223.681862020001
2021-05-25,12285.702631,12834.78228185,13195.9827925
2021-05-26,12158.374413,12783.15994525,13165.16569242
2021-05-27,12074.519734,12730.85030515,13131.960782839999
2021-05-28,12323.067361,12695.057665600001,13103.07696366
2021-05-31,12189.136071,12670.2780361,13072.887119399998
2021-06-01,12412.312849,12673.6887895,13048.48227272
2021-06-02,12659.863436,12689.0734033,13032.6579523
2021-06-03,12764.795803,12698.5573727,13019.16540024
2021-06-04,12634.851071,12688.4725413,13003.982567379999
2021-06-08,12768.392041,12676.60144785,12990.40341316
2021-06-09,12733.710509,12647.84971945,12977.1591776
2021-06-10,12782.666586,12629.953952200001,12965.84856594
2021-06-11,12794.604241,12616.1154616,12953.46026104
2021-06-15,12703.207505,12609.2275641,12937.91016964
2021-06-16,12688.117101,12587.9439986,12924.20729156
2021-06-17,12666.880694,12576.4431018,12908.61186292
2021-06-18,12751.828389,12570.6749067,12894.672427020001
2021-06-21,12642.613923,12562.84385185,12876.248877639999
2021-06-22,12604.92914,12558.411743749999,12859.08698786
2021-06-23,12646.181084,12564.2877291,12843.52060818
2021-06-24,12979.276306,12598.966412849999,12835.5151586
2021-06-25,13064.998229,12644.29760365,12829.8562625
2021-06-28,12928.599087,12687.0015713,12819.91429688
2021-06-29,12782.21329,12709.95886775,12806.87948386
2021-06-30,12703.609044,12735.6825164,12792.90305408
2021-07-01,12817.597003,12755.946724099998,12781.49845602
2021-07-02,13105.839435,12778.24552405,12776.16751036
2021-07-06,12925.40537,12786.2760024,12768.479975440001
2021-07-07,13069.388235,12808.002860600001,12765.511865059998
2021-07-08,13042.952303,12821.7308737,12764.79096996
2021-07-09,13135.168875,12841.803792,12765.014895299999
2021-07-12,13188.535621,12862.097243749999,12764.96918482
2021-07-13,13139.895808,12879.3618221,12765.352850259998
2021-07-14,13046.119745,12896.5074341,12765.496842120001
2021-07-15,12981.219029,12911.1625305,12771.426649480001
2021-07-16,12973.745279,12926.50575975,12784.01959944
2021-07-19,12628.382975,12920.333489050001,12789.543835740002
2021-07-21,12752.971114,12925.8513486,12793.10092972
2021-07-22,12764.497085,12933.82974585,12791.65991744
2021-07-23,12787.824018,12940.911892549999,12787.300119599999
2021-07-26,12812.503761,12932.573265300001,12777.375293279998
2021-07-27,12748.597143,12916.753211,12769.53559752
2021-07-28,12682.994827,12904.472998000001,12761.768012999999
2021-07-29,12711.08803,12900.916735,12759.1704645
2021-07-30,12556.736474,12893.573106500002,12748.02942576
2021-08-02,12549.249912,12880.155751950002,12741.076451400002
2021-08-03,12540.77397,12851.9024787,12734.54808498
2021-08-04,12593.755178,12835.3199691,12730.438488139998
2021-08-05,12458.446824,12804.77289855,12725.73599858
2021-08-06,12449.875025,12775.11903465,12724.16027154
2021-08-09,12477.988613,12742.26002155,12728.005991179998
2021-08-10,12548.661446,12710.2663128,12735.81173184
2021-08-11,12652.424017,12685.892723250001,12747.3698175
2021-08-12,12771.967555,12672.18511375,12756.347821379997
2021-08-13,12874.608595,12666.85459205,12770.057271860001
2021-08-17,13203.758312,12678.3552437,12785.886181119999
2021-08-18,13446.438221,12719.258006,12801.61767682
2021-08-19,13483.685799,12755.79374025,12815.99547674
2021-08-20,13455.250421,12790.33140705,12832.40346374
2021-08-23,13531.542719,12827.517342100002,12847.6664773
2021-08-24,13472.165408,12860.500424450001,12862.435575279998
2021-08-25,13486.951628,12897.418148699999,12876.521276119998
2021-08-26,13331.511767,12929.843995700001,12887.259426640003
2021-08-27,13445.524475,12966.565817949999,12902.10576604
2021-08-30,13415.478669,13009.5029277,12916.652997399999
2021-08-31,13385.32477,13051.306670599999,12931.021878919999
2021-09-01,13406.604856,13094.598214900001,12944.11740826
2021-09-02,13512.887384,13140.5548252,12961.522877480002
2021-09-03,13468.317062,13191.048337100001,12978.790635919999
2021-09-06,13463.962897,13241.752730699998,12995.146272179998
2021-09-07,13400.317311,13287.869165600001,13003.567092280002
2021-09-08,13392.001696,13330.036178100001,13010.10716162
2021-09-09,13418.112334,13368.32059395,13019.897426559999
2021-09-10,13395.377284,13399.491080400001,13032.160706440001
2021-09-13,13315.837887,13421.552544999999,13044.405283299999
2021-09-14,13293.591519,13426.044205350001,13053.92517362
2021-09-15,13412.157078,13424.3301482,13060.05152648
2021-09-16,13421.672915,13421.229503999999,13069.976877379999
2021-09-17,13403.998406,13418.666903250001,13076.6690808
2021-09-20,13251.489425,13404.664238549998,13080.83982324
2021-09-21,13198.990894,13391.005512849999,13082.11626362
2021-09-22,13286.854434,13381.00065315,13084.082639880002
2021-09-23,13306.301525,13379.740141049999,13087.410754220002
2021-09-24,13277.704296,13371.3491321,13092.04244524
2021-09-27,13655.475186,13383.348957949998,13105.52756838
2021-09-28,13709.506529,13399.5580459,13120.24279338
2021-09-29,13808.22515,13419.6390606,13143.839636879999
2021-09-30,13813.356952,13434.662539,13165.04735364
2021-10-01,13896.226488,13456.058010300001,13187.6819417
2021-10-04,14009.104579,13483.315094399999,13212.10755292
2021-10-05,14024.365281,13514.5174929,13236.344783319999
2021-10-06,14010.630197,13545.44891795,13261.585444399998
2021-10-07,14131.836435,13581.135123,13290.56227656
2021-10-08,14206.895099,13621.711013749999,13320.47841794
2021-10-11,14261.608074,13668.999523100001,13354.57584994
2021-10-12,14062.591329,13707.4495136,13384.842678279998
2021-10-13,14140.023857,13743.84285255,13416.827676019999
2021-10-14,14370.807982,13791.2996059,13452.368732100002
2021-10-15,14465.218091,13844.360590150001,13492.504157440002
2021-10-19,14367.768416,13900.1745397,13530.86202526
2021-10-20,14342.621361,13957.356063050003,13568.154680220001
2021-10-21,14302.020193,14008.114351,13603.22185516
2021-10-22,14196.068655,14052.602707500002,13634.094747920002
2021-10-25,14250.684391,14101.25171225,13663.669084639998
2021-10-26,14385.693429,14137.762624400002,13693.890781319998
2021-10-27,14293.079679,14166.941281900003,13715.677208660001
2021-10-28,14331.182497,14193.08914925,13733.37209418
2021-10-29,14168.429952,14210.842799250002,13747.066977240002
2021-11-02,14133.086377,14222.685793699999,13760.623696360002
2021-11-03,14269.943943,14235.7277619,13775.39172084
2021-11-04,14146.318305,14241.8254131,13788.874778780002
2021-11-05,14109.838506,14246.78582855,13801.33251634
2021-11-08,14168.375821,14248.612797849997,13818.06979742
2021-11-09,14071.404875,14241.83828665,13830.58740542
2021-11-10,13882.127968,14222.864281350001,13839.9203914
2021-11-11,13883.355907,14213.902510250002,13849.88101414
2021-11-12,13790.714197,14196.43702725,13857.563200960001
2021-11-16,13558.87231,14155.84024365,13858.48289948
2021-11-17,13530.121116,14109.085394899997,13859.71898056
2021-11-18,13599.058608,14070.649904499998,13862.42089478
2021-11-19,13209.029152,14013.97029405,13858.5951316
2021-11-22,13344.194443,13966.07900655,13857.63898654
2021-11-23,13386.526132,13925.6018804,13857.007262500001
2021-11-24,13523.75571,13889.255446350002,13859.574831019998
2021-11-25,13612.632166,13850.602383200001,13865.510716600002
2021-11-26,13407.078135,13806.302305999998,13867.78044892
2021-11-29,13698.513898,13774.66887605,13873.50758532
2021-11-30,13909.707377,13761.7327473,13883.26827456
2021-12-01,14354.384384,13772.797647649999,13902.27599412
2021-12-02,14579.529897,13788.276945349999,13928.836803560001
2021-12-03,14489.828999,13805.452480049998,13954.653565659997
2021-12-06,14476.41034,13823.78107175,13978.444683779999
2021-12-07,14310.972077,13830.910884550001,13998.538094819998
2021-12-09,14204.7794,13837.579610800001,14017.0795969
2021-12-10,14104.623124,13848.7043686,14026.06255566
2021-12-13,13769.439725,13843.008559499998,14027.261219580001
2021-12-14,13820.390031,13844.4923512,14027.504517200001
2021-12-15,13984.62058,13865.7797647,14030.929789759999
2021-12-16,14309.479544,13904.7476861,14039.194850879998
2021-12-17,14179.196383,13933.754574850002,14042.59668696
2021-12-20,14040.785519,13975.3423932,14042.92509172
2021-12-21,14019.962606,14009.130801349998,14043.1117399
2021-12-22,14175.812605,14048.595125000002,14043.991263299999
2021-12-23,14185.078897,14081.66128435,14043.55493926
2021-12-24,14245.117561,14113.285554099999,14043.225129
2021-12-27,14294.412435,14157.652269100003,14047.861551120002
2021-12-28,14329.109067,14189.182027550001,14051.643255320001
2021-12-29,14407.744741,14214.08389575,14052.3819905
2021-12-30,14298.67555,14211.29845405,14049.051139679998
2021-12-31,14298.67555,14197.2557367,14047.66928236
2022-01-03,14338.824894,14189.70553145,14047.59335302
2022-01-04,14427.851977,14187.2776133,14050.1099887
2022-01-05,14211.037184,14182.280868650001,14050.409359279998
2022-01-06,14002.786242,14172.18121075,14045.4513963
2022-01-07,14127.268392,14173.313474150002,14040.282895560002
2022-01-11,14410.995413,14205.391258550002,14042.641210239999
2022-01-12,14695.451928,14249.144353399999,14049.92659886
2022-01-13,14852.700285,14292.548338650002,14063.612005519999
2022-01-14,14508.840832,14302.516403049998,14071.12709462
2022-01-17,15448.934076,14366.0032877,14094.706897280003
2022-01-18,16000.451165,14463.98657,14131.78955448
2022-01-19,15977.330554,14561.8549674,14169.13939544
2022-01-20,15620.400129,14634.0843436,14198.1798816
2022-01-21,15382.074106,14693.93410405,14224.39326622
2022-01-24,15369.593063,14750.157879149998,14254.14256812
2022-01-25,15423.787957,14806.626655249998,14284.951209119998
2022-01-26,15374.054805,14858.873942150001,14316.618021280003
2022-01-27,15356.725679,14906.322989049999,14352.57508866
2022-01-28,15450.747269,14963.926575,14390.98761172
2022-01-31,15499.476257,15023.96661035,14428.9959647
2022-02-01,15495.069397,15081.7788355,14474.716769600001
2022-02-02,15409.596852,15130.866079249998,14516.02481778
2022-02-03,15276.159877,15184.122213899998,14553.81749268
2022-02-04,15337.429828,15250.8543932,14590.090975040002
2022-02-07,15447.584109,15316.87017905,14626.7900139
2022-02-08,15347.590356,15363.699926199999,14665.600258319999
2022-02-09,15201.396315,15388.99714555,14695.65790666
2022-02-10,14868.988643,15389.811563449999,14714.84353198
2022-02-11,15042.844353,15416.511739499998,14728.612731359999
2022-02-14,14921.052676,15390.1176695,14735.44318694
2022-02-15,14981.129068,15339.15156465,14745.26918832
2022-02-16,15138.110942,15297.19058405,14758.503200359999
2022-02-17,15139.975368,15273.169345999999,14775.083266180001
2022-02-18,15056.33809,15256.882545199998,14792.114439980001
2022-02-21,15066.855358,15241.74565995,14811.359084660002
2022-02-22,15071.285206,15224.1205224,14837.395994280001
2022-02-23,15251.457655,15217.990664899999,14866.017346760002
2022-02-24,15244.639109,15212.386336400003,14891.217717340001
2022-02-25,15320.327114,15205.865328650001,14911.434668740001
2022-02-28,15429.430854,15202.363058500001,14936.43935816
2022-03-01,15538.726208,15204.545899050001,14966.398171940002
2022-03-02,15459.01164,15207.01663845,14995.17915262
2022-03-03,15496.292474,15218.023268300001,15021.58875
2022-03-04,15575.300429,15229.91679835,15049.39318064
2022-03-07,15540.209379,15234.54806185,15075.295017000002
2022-03-08,15510.426297,15242.6898589,15099.615294239999
2022-03-09,15555.618393,15260.4009628,15124.14548076
2022-03-10,15609.704483,15297.436754800001,15148.1846756
2022-03-11,15665.60387,15328.574730650002,15175.523242000001
2022-03-14,15362.212937,15350.6327437,15196.79398974
2022-03-15,15403.155656,15371.7340731,15218.080604980001
2022-03-16,15461.932973,15387.92517465,15238.762224900001
2022-03-17,15613.157348,15411.584273650002,15266.80462818
2022-03-18,15583.212136,15437.92797595,15298.41314606
2022-03-22,15743.140763,15471.742246200001,15330.73059348
2022-03-23,16059.222373,15521.13910455,15363.695132679999
2022-03-24,16119.735981,15564.553020850002,15392.18081374
2022-03-25,16255.766221,15615.10937645,15420.24213246
2022-03-28,16262.244271,15662.2052343,15455.31020124
2022-03-29,16268.061434,15704.1367633,15471.692748399999
2022-03-30,16151.960183,15734.798462049997,15474.72292876
2022-03-31,16566.937686,15790.194764349999,15486.5150714
2022-04-01,16672.877766,15849.024028949998,15507.564624140003
2022-04-04,16587.394678,15899.6287414,15531.671035579999
2022-04-05,16736.424254,15959.43948515,15559.0076594
2022-04-06,16659.12907,16016.874623799999,15583.714481660001
2022-04-07,16688.842403,16073.535824300003,15610.01023362
2022-04-08,16663.593056,16126.230252949998,15636.147581160001
2022-04-11,16712.480057,16178.574062299998,15661.38223692
2022-04-12,16668.754542,16243.901142550001,15684.76780262
2022-04-13,16781.636423,16312.825180900001,15710.49914314
2022-04-18,16670.622334,16373.259648950003,15735.71965278
2022-04-19,16665.901766,16425.89686985,15763.51449056
2022-04-20,16870.140114,16490.24326875,15794.168696279998
2022-04-21,16683.392319,16537.255846549997,15818.884860480002
2022-04-22,16665.176309,16567.553543349997,15845.236579540002
2022-04-25,16276.589388,16575.396213699998,15866.740441
2022-04-26,16275.807238,16576.39826455,15894.8768129
2022-04-27,16384.215076,16582.4968048,15921.70422736
2022-04-28,16457.671323,16591.97729925,15952.4366003
2022-04-29,15801.620774,16574.4603288,15968.84643442
2022-05-02,15999.088443,16546.06786665,15986.065984440002
2022-05-03,16106.103899,16517.729173300002,16005.388555059999
2022-05-04,16306.555402,16503.6872095,16030.392901299998
2022-05-05,15994.171344,16466.574564000002,16048.939221019999
2022-05-06,15742.697919,16420.753006450002,16062.36747528
2022-05-09,15275.366911,16350.079231849999,16062.845660400002
2022-05-10,15269.727605,16280.3859593,16063.34743032
2022-05-11,15243.779285,16206.950920700003,16061.81647374
2022-05-12,15211.810647,16134.10372595,16057.4640696
2022-05-13,15277.458173,16058.89481345,16052.238708899999
2022-05-16,15324.921105,15991.609751999998,16049.556898200002
2022-05-17,15261.658687,15921.39759805,16044.86422246
2022-05-18,14855.238388,15820.652511749999,16030.462981640001
2022-05-19,14312.694272,15702.117609400002,16005.9126795
2022-05-20,14787.251361,15608.221362000002,15991.449180780002
2022-05-23,15025.762382,15545.6800117,15980.852060559999
2022-05-24,15058.846029,15484.831951250002,15969.83489148
2022-05-25,15145.357666,15422.88908075,15959.429967400001
2022-05-26,15306.551258,15365.333077500001,15958.31673382
2022-05-27,15579.918803,15354.247978950001,15961.85199676
2022-05-31,16200.454527,15364.31628315,15976.62242784
2022-06-01,16212.669011,15369.644538749999,15988.6126611
2022-06-02,16268.73556,15367.753546650001,16002.32312958
2022-06-03,16305.472016,15383.31858025,16013.569754639999
2022-06-06,16250.71981,15408.719674799999,16017.39970338
2022-06-07,16040.298307,15446.9662446,16015.810949899998
2022-06-08,15776.097959,15472.284762300002,16006.21758466
2022-06-09,15439.869193,15482.089257700001,15989.7700831
2022-06-10,15474.439519,15495.2207013,15973.897644800001
2022-06-13,15015.285862,15482.112085749997,15951.16415838
2022-06-14,15175.34201,15474.633131,15923.332244860001
2022-06-15,14804.144031,15451.7573982,15885.957570159999
2022-06-16,14899.834951,15453.98722635,15852.206375620002
2022-06-17,14701.156944,15473.41035995,15811.501029419998
2022-06-21,14150.23428,15441.559505899999,15761.323133619999
2022-06-22,13895.24988,15385.0338808,15705.451283159999
2022-06-23,13558.049741,15309.994066399999,15643.340416860001
2022-06-24,13924.317068,15248.9420365,15587.577157079999
2022-06-28,14082.462089,15187.73757805,15535.851308020001
2022-06-29,13746.288933,15096.05608455,15475.14435822
2022-06-30,13467.360417,14959.40137905,15411.07911988
2022-07-01,13812.784011,14839.40712905,15354.016764779999
2022-07-05,13572.028153,14704.5717587,15288.054525560001
2022-07-06,13599.350463,14569.26568105,15226.373688439999
2022-07-07,13732.903814,14443.374881250002,15167.728238539998
2022-07-08,13782.948626,14330.5073972,15117.855423300001
2022-07-11,13681.857849,14225.795391700001,15065.976435519999
2022-07-12,13719.855609,14139.794712500001,15012.689246180002
2022-07-13,13437.643405,14037.9549068,14952.28868782
2022-07-14,12968.845006,13935.632864000003,14895.63317246
2022-07-15,13015.589576,13827.645242300001,14835.96319512
2022-07-18,13093.358004,13742.105940950001,14775.70827722
2022-07-19,13305.332623,13662.38082455,14715.683821640001
2022-07-21,13184.001076,13586.52303115,14659.480416280001
2022-07-22,12867.970582,13522.40984625,14601.98586954
2022-07-25,13164.869932,13485.890848849998,14559.775929959998
2022-07-26,13213.773084,13468.677015999998,14518.65683954
2022-07-27,13266.6896,13435.795642599998,14479.11504584
2022-07-28,13468.206079,13405.0828421,14444.242954480002
2022-07-29,12946.577678,13365.09727935,14397.62534458
2022-08-01,12709.743468,13327.2164319,14345.32179184
2022-08-02,12804.259911,13276.7902269,14296.173816319999
2022-08-03,12783.53506,13237.36557225,14254.73974976
2022-08-04,12801.177028,13197.4569005,14224.50940488
2022-08-05,12984.752809,13160.04935025,14188.459433839998
2022-08-08,13309.48714,13136.37627595,14154.133928999998
2022-08-09,13201.471981,13112.356982549998,14116.98644804
2022-08-10,13122.204204,13082.4744123,14076.523378799997
2022-08-11,13236.654162,13072.42495015,14035.12543688
2022-08-12,13301.686108,13089.06700525,13989.56078298
2022-08-16,13204.50778,13098.51291545,13929.641848039999
2022-08-17,13225.413582,13105.11569435,13869.896739460002
2022-08-18,13234.443942,13101.571260300001,13809.2109071
2022-08-19,13073.200471,13096.031230049999,13744.565476200001
2022-08-22,12930.862695,13099.1758357,13678.168333900001
2022-08-23,12893.899059,13085.627292050001,13615.24034894
2022-08-24,12917.824969,13070.8298863,13558.074889139998
2022-08-25,13039.919372,13059.4913749,13510.075892719999
2022-08-26,12985.155811,13035.338861499999,13460.29021856
2022-08-29,12890.728368,13032.546396,13417.79906868
2022-08-30,12697.396151,13031.92903015,13368.240151499998
2022-08-31,12280.694395,13005.75075435,13317.771158779999
2022-09-01,12237.679134,12978.45795805,13264.52804244
2022-09-02,12325.392825,12954.6687479,13217.01276006
2022-09-05,12364.221228,12923.642168850001,13181.292499020003
2022-09-06,12271.350236,12871.73532365,13148.81450614
2022-09-07,12105.601209,12816.94178505,13119.7655355
2022-09-08,12042.961011,12762.9796254,13082.13841436
2022-09-09,12237.369435,12713.015389049999,13045.23656128
2022-09-12,12365.631247,12666.212646,13017.62340756
2022-09-13,12291.883615,12620.581437750001,12994.113871520001
2022-09-14,12196.316046,12569.12656095,12961.784512220001
2022-09-15,12146.651936,12514.73696065,12933.27698788
2022-09-16,12105.847989,12466.36933655,12903.406938400001
2022-09-19,12064.533425,12423.052873050001,12870.03953062
2022-09-20,11954.09311,12376.062575599999,12833.462420299998
2022-09-21,11986.9618,12329.51941715,12799.564499320002
2022-09-22,12024.887882,12278.76784265,12765.66514478
2022-09-23,11584.87717,12208.7539106,12728.609820079999
2022-09-26,11144.704411,12121.45271275,12692.12700818
2022-09-27,11346.740464,12053.9199284,12658.75002594
2022-09-28,11414.436901,12010.607053700001,12625.17160388
2022-09-29,11477.984661,11972.62233005,12588.62464464
2022-09-30,11394.817848,11926.0935812,12552.84098008
2022-10-03,11677.9404,11891.7795398,12529.04037644
2022-10-04,12079.764741,11882.20026505,12507.338272620002
2022-10-05,12257.703815,11889.80539535,12488.21688724
2022-10-06,12285.127533,11901.91372145,12468.5856459
2022-10-07,12195.477698,11899.8191346,12443.131078280001
2022-10-10,12095.167412,11886.29594285,12426.102872960002
2022-10-11,11923.240975,11867.86381085,12410.372823100002
2022-10-12,11883.309993,11852.2135082,12391.953824740001
2022-10-13,11899.032025,11839.83251265,12374.263764039999
2022-10-14,11811.558772,11825.1180518,12354.47139892
2022-10-18,12011.514686,11822.46711485,12335.006636459999
2022-10-19,12097.993105,11829.6621146,12310.77675576
2022-10-20,12347.968966,11847.7124729,12293.70669546
2022-10-21,12436.67608,11868.3018828,12279.99613298
2022-10-24,12082.131376,11893.164593099998,12256.90567726
2022-10-25,12214.623458,11946.66054545,12235.16442426
2022-10-26,12143.129199,11986.4799822,12213.93685264
2022-10-27,12239.370833,12027.7266788,12194.21599766
2022-10-28,12317.46605,12069.700748250001,12175.876439820002
2022-10-31,12311.176613,12115.5186865,12160.63596266
2022-11-01,12536.820884,12158.462710700001,12152.755126439999
2022-11-02,12443.299642,12176.63945575,12143.743138099999
2022-11-03,12150.989812,12171.3037556,12128.40643496
2022-11-04,12433.961627,12178.7454603,12116.287280060002
2022-11-08,12518.19548,12194.8813494,12106.94807344
2022-11-09,12488.771032,12214.5615304,12098.90892672
2022-11-10,12771.9751,12256.99823665,12100.400505700001
2022-11-11,12656.408214,12295.653147699999,12107.91478208
2022-11-15,12840.376436,12342.72036825,12119.968728119999
2022-11-16,12778.068195,12391.0458394,12129.02223552
2022-11-17,12942.716443,12437.60592725,12140.59213982
2022-11-18,12812.815327,12473.34703835,12151.421441640001
2022-11-21,12307.012086,12471.299194349998,12155.449659179998
2022-11-22,12546.47667,12476.78922385,12165.51997236
2022-11-23,12651.26713,12505.246011550002,12173.79792626
2022-11-24,12670.158064,12528.02274185,12179.8884626
2022-11-25,12653.475259,12553.54004485,12187.12029548
2022-11-28,12401.29933,12561.6364697,12191.21996116
2022-11-29,12473.090698,12569.4177021,12197.748736399999
2022-11-30,12416.737613,12574.6957521,12203.96652888
2022-12-01,12344.493479,12565.079381849999,12209.56572996
2022-12-02,12395.415904,12562.68519495,12218.39218584
2022-12-05,12166.132024,12563.442305550001,12221.975590319998
2022-12-06,12352.718487,12559.380148549999,12228.53220242
2022-12-07,12284.409094,12547.69082925,12242.5228409
2022-12-09,12350.48974,12540.776764650001,12266.63854748
2022-12-12,12302.977999,12517.3269096,12285.763298180002
2022-12-13,12309.560593,12499.984528550001,12303.66577202
2022-12-14,12318.171348,12473.87427415,12320.469505760002
2022-12-15,12284.265298,12449.1841293,12338.258454759998
2022-12-16,12177.644472,12410.93053075,12348.252536200001
2022-12-19,12215.325368,12381.056032800001,12350.96374874
2022-12-20,12335.945517,12382.502704350001,12352.52858278
2022-12-21,12556.267847,12382.9922632,12357.95138906
2022-12-22,12335.107547,12367.18428405,12360.743986039999
2022-12-23,12581.210148,12362.73688825,12370.464840759998
2022-12-26,12529.04439,12356.5153448,12382.58090906
2022-12-27,12753.033677,12374.10206215,12399.97538274
2022-12-28,12814.648505,12391.1799525,12418.287712340001
2022-12-29,12951.639274,12417.92503555,12441.08932238
2023-01-02,12929.040611,12447.152392150001,12459.43984088
2023-01-03,12787.417523,12466.7524731,12473.22832924
2023-01-04,13008.6668,12508.879211899999,12486.44228592
2023-01-05,13271.381544,12554.81236475,12503.1363952
2023-01-06,13355.938512,12608.38883565,12528.61253792
2023-01-09,13355.93851,12658.66127415,12551.438838959999
2023-01-10,13437.331151,12715.37893175,12577.322878
2023-01-11,13526.480252,12776.2249147,12603.06506638
2023-01-12,13464.239944,12833.528344499999,12626.00054426
2023-01-13,13477.948237,12893.21249145,12649.335976739998
2023-01-16,13456.828202,12957.17167795,12667.7361231
2023-01-17,13446.167059,13018.7137625,12687.79347144
2023-01-18,13485.563567,13076.194664999999,12714.48494654
2023-01-19,13432.241484,13119.99334685,12734.450543680001
2023-01-20,13483.26473,13177.401206,12753.75192868
2023-01-23,13425.104395,13219.59591835,12772.47859594
2023-01-24,13213.916426,13253.83952015,12781.317422459999
2023-01-25,13122.289467,13272.30230965,12790.635047520002
2023-01-26,13127.499397,13287.94485425,12796.37750674
2023-01-27,12968.40678,13288.783229550001,12800.18427844
2023-01-30,12911.634481,13287.91292305,12799.562639199998
2023-01-31,12889.195169,13293.00180535,12801.09023604
2023-02-01,12675.180939,13276.3275123,12808.4536131
2023-02-02,12591.949643,13242.35591725,12809.363072560001
2023-02-03,12623.028793,13205.710431300002,12808.798305819999
2023-02-06,12673.988802,13171.612945899999,12808.874920580001
2023-02-07,12690.984842,13134.29563045,12809.62511224
2023-02-08,12631.173611,13089.5302984,12814.22259786
2023-02-09,12449.65175,13038.8008887,12813.7538189
2023-02-10,12450.981743,12987.452564000001,12814.4387015
2023-02-13,12398.122348,12934.5172713,12815.511278880002
2023-02-14,12222.991799,12873.3585083,12812.06279678
2023-02-15,12191.390362,12808.64984805,12812.56796354
2023-02-16,12259.309113,12750.0032295,12810.69977606
2023-02-17,12096.828152,12680.6814006,12806.94815722
2023-02-20,12106.807879,12614.7665748,12802.074519999998
2023-02-21,11975.955161,12552.86851155,12795.534063239998
2023-02-22,11872.23113,12490.365594699999,12786.787473979999
2023-02-23,11920.193652,12430.000307450002,12778.827920059999
2023-02-24,11932.954117,12378.2276743,12771.80169644
2023-02-27,12058.56434,12335.57416725,12769.4200938
2023-02-28,11873.298946,12284.7793561,12762.57956536
2023-03-01,11985.969946,12250.318806450001,12755.580053939999
2023-03-02,11888.652617,12215.15395515,12742.227749340002
2023-03-03,12141.049982,12191.0550146,12738.34659804
2023-03-06,12350.069533,12174.859051149999,12733.723785740001
2023-03-07,12360.648559,12158.342237,12730.355869120001
2023-03-08,12407.631614,12147.165137150001,12723.44782786
2023-03-09,12103.892007,12129.87715,12709.2326979
2023-03-10,11871.540117,12100.905068700002,12687.630714760002
2023-03-13,11541.671679,12058.08253525,12659.88333612
2023-03-14,11562.78441,12025.0721658,12635.390673860002
2023-03-15,11121.919932,11971.5986443,12597.6557365
2023-03-16,11188.055122,11918.03594475,12555.98920806
2023-03-17,11108.160159,11868.602545099999,12511.033641000002
2023-03-21,11298.337286,11828.17901545,12469.881616519999
2023-03-22,11214.991737,11790.13084425,12425.43482824
2023-03-23,10973.61143,11745.19985925,12374.377451800001
2023-03-24,11065.871599,11702.4837566,12326.410084899999
2023-03-27,11192.196436,11665.44587255,12280.695048880001
2023-03-28,11286.401498,11626.837730449999,12237.2865148
2023-03-29,11308.14521,11598.58004365,12194.526077819999
2023-03-30,11576.900553,11578.126574,12156.352817539999
2023-03-31,11687.537078,11568.07079705,12121.45872942
2023-04-03,11948.05685,11558.421140449998,12090.75457182
2023-04-04,11914.815266,11536.6584271,12060.548789240001
2023-04-05,12064.070704,11521.82953435,12037.551874800001
2023-04-10,12141.218541,11508.508880700001,12017.93045628
2023-04-11,12360.342272,11521.331393949999,12002.58731378
2023-04-12,12467.063371,11551.10755665,11992.560445599998
2023-04-13,12546.919783,11601.36996185,11985.26615164
2023-04-14,12681.598325,11657.310657600001,11981.11421476
2023-04-17,12722.025478,11737.3159349,11982.051105539998
2023-04-18,12701.763702,11813.001363899999,11984.247386719999
2023-04-19,12630.082888,11889.09750035,11984.388468620002
2023-04-20,12598.268634,11954.09406775,11982.87406526
2023-04-21,12473.10369,12016.9996654,11978.516442220001
2023-04-24,12569.760457,12096.807116749998,11977.28817914
2023-04-25,12299.148105,12158.470942049998,11974.278106239999
2023-04-26,12179.402681,12207.8312543,11968.846525
2023-04-27,11999.816251,12243.501991950001,11960.88040306
2023-04-28,12158.416,12286.01553145,11959.58888708
2023-05-02,11752.189939,12294.78000075,11950.80487862
2023-05-03,11758.64995,12298.33564435,11940.79169536
2023-05-04,11757.38944,12288.80227385,11934.00292112
2023-05-05,11812.702788,12283.696649950001,11928.1208193
2023-05-08,11745.300845,12267.758157,11923.50773298
2023-05-09,11767.364301,12249.065445,11921.4103964
2023-05-10,11773.351215,12219.715892150001,11918.47354766
2023-05-11,11607.266474,12176.7260473,11911.9597948
2023-05-12,11763.826739,12137.5713951,11906.06504278
2023-05-15,11654.369939,12086.2099758,11901.68646264
2023-05-16,11550.711321,12027.64426795,11892.98129014
2023-05-17,11516.555946,11968.38388015,11885.53935672
2023-05-18,11604.390768,11917.09927415,11874.806172439998
2023-05-19,11476.654001,11861.0185425,11857.3378618
2023-05-23,11463.562688,11810.541492400002,11839.39614438
2023-05-24,11344.951949,11749.301067,11818.14255108
2023-05-25,11224.645702,11695.57594685,11800.55762498
2023-05-26,11250.69808,11649.1407168,11788.14078424
2023-05-29,11256.242819,11611.9620452,11782.432207040001
2023-05-30,11177.428087,11562.912649549999,11774.72508058
2023-05-31,11014.4224,11526.0242726,11772.57512994
2023-06-01,11200.700662,11498.126808199999,11772.828040740002
2023-06-02,11498.612439,11485.18795815,11780.63708634
2023-06-05,11535.521124,11471.32887495,11785.380763100002
2023-06-06,11951.854621,11481.656563749999,11800.11802078
2023-06-07,12009.753304,11493.776013899998,11820.84085826
2023-06-08,11923.573817,11501.287143999998,11837.99490262
2023-06-09,11855.364502,11513.6920454,11851.258263939999
2023-06-13,11868.224225,11518.9119197,11862.89471848
2023-06-14,11798.937068,11526.140276150001,11872.71055564
2023-06-15,11801.725266,11538.6909734,11877.2070499
2023-06-16,11756.984111,11550.712381649999,11878.59599056
2023-06-20,11628.955379,11551.9406122,11872.213961140002
2023-06-21,11537.200374,11554.96793085,11864.6616633
2023-06-22,11436.134036,11553.59649825,11852.10292994
2023-06-23,11355.362092,11554.1170054,11836.385800959999
2023-06-26,11404.547499,11563.11209525,11817.2699055
2023-06-27,11429.685528,11572.06146765,11796.52234864
2023-06-28,11408.093658,11579.654009599999,11773.745826139999
2023-06-29,11443.992428,11592.982226650001,11748.993708200001
2023-06-30,11507.576137,11617.6399135,11724.704721380002
2023-07-04,11512.800454,11633.244903100001,11700.925456420002
2023-07-05,11400.891064,11628.35883435,11676.34161994
2023-07-06,11334.414574,11618.30350685,11651.064538739998
2023-07-07,11513.621772,11596.391864399999,11631.874900379999
2023-07-10,11490.6369,11570.4360442,11610.292429239998
2023-07-11,11669.780949,11557.746400799999,11597.705086120002
2023-07-12,11813.888967,11555.672624050001,11590.394811839999
2023-07-13,11927.770736,11558.6499496,11588.953901539999
2023-07-14,11836.827973,11560.544494849999,11582.522141
2023-07-17,11796.088488,11560.26265595,11583.400111980001
2023-07-18,11890.828106,11566.9548557,11586.0436751
2023-07-19,11931.077613,11582.0609674,11589.51743856
2023-07-21,11921.9749,11601.2996937,11591.702880800001
2023-07-24,11918.065993,11625.39629155,11595.15818376
2023-07-25,11908.024568,11653.02941535,11597.9713891
2023-07-26,11845.509074,11675.0774941,11599.41454628
2023-07-27,11869.766282,11697.081531799999,11604.664542440001
2023-07-28,11820.600737,11717.70688575,11605.8000224
2023-07-31,11759.574289,11733.4859788,11607.9041094
2023-08-01,11800.273493,11748.120846599999,11612.89535284
2023-08-02,11622.140721,11753.58785995,11615.00704834
2023-08-03,11750.412111,11771.0639123,11617.9274752
2023-08-04,11713.974612,11790.0419142,11622.673887420002
2023-08-08,11743.309296,11801.526290400001,11628.268819579998
2023-08-09,11670.121887,11810.50053975,11634.77221834
2023-08-10,11538.512001,11803.93709235,11641.04954432
2023-08-11,11485.620069,11787.52364745,11645.7479841
2023-08-14,11465.693284,11764.419774850001,11649.936993399999
2023-08-15,11310.559529,11738.10635265,11652.59962224
2023-08-16,11443.308743,11720.4673654,11661.177349099999
2023-08-17,11358.33545,11693.8427326,11664.330044859998
2023-08-18,11335.094395,11664.0435717,11661.059683979998
2023-08-22,11164.376203,11626.16363685,11653.636785559998
2023-08-23,10997.730073,11580.14684085,11634.5542946
2023-08-24,11014.240969,11535.4576609,11614.644047899998
2023-08-25,11016.433577,11494.00388605,11596.501243100001
2023-08-28,11039.506679,11452.4909059,11580.18408664
2023-08-29,11115.939132,11417.25782565,11565.138384779999
2023-08-30,11153.673003,11386.96276135,11552.23310348
2023-08-31,10769.504059,11335.42428965,11531.58867934
2023-09-01,10853.700737,11297.00229045,11513.52301186
2023-09-04,10782.388937,11248.60113175,11496.59168302
2023-09-05,10519.314394,11188.86812085,11476.23396342
2023-09-06,10473.518311,11125.3785716,11456.981648919998
2023-09-07,10646.243045,11074.1846295,11442.79926798
2023-09-08,10703.766757,11032.4473673,11428.78365314
2023-09-11,10644.159214,10990.374324549999,11413.07312686
2023-09-12,10850.772209,10959.6282708,11401.926697880002
2023-09-13,10792.957733,10933.748180999999,11388.906003979999
2023-09-14,10839.809709,10903.5732293,11375.55067542
2023-09-15,10997.285428,10885.520728200001,11365.240374899999
2023-09-18,11013.292928,10869.430654849999,11357.48841218
2023-09-19,11060.129718,10864.218330599999,11352.00271506
2023-09-20,11100.777882,10869.37072105,11343.745837260001
2023-09-21,10968.530064,10867.0851758,11333.30370054
2023-09-22,11077.646902,10870.14584205,11321.4610196
2023-09-25,11173.863241,10876.86367015,11308.660505079999
2023-09-26,11143.309018,10878.23216445,11292.97127072
2023-09-27,11357.358278,10888.4164282,11283.38187682
2023-09-28,11459.708978,10922.92667415,11276.65428662
2023-09-29,11332.681683,10946.87572145,11265.491358160001
2023-10-02,11245.225665,10970.01755785,11251.774319199998
2023-10-03,11142.990642,11001.20137025,11236.194634039997
2023-10-04,11091.715868,11032.1112481,11219.66763154
2023-10-05,11054.868761,11052.5425339,11202.6045154
2023-10-06,11149.040276,11074.80620985,11188.67513944
2023-10-09,11309.30878,11108.06368815,11177.4659894
2023-10-10,11283.167346,11129.683444999999,11166.71732158
2023-10-11,11278.047906,11153.93795365,11157.08679392
2023-10-12,11264.062206,11175.1505785,11146.36256818
2023-10-13,11305.283252,11190.5504697,11140.0254188
2023-10-17,11335.937424,11206.6826945,11131.73592506
2023-10-18,11486.787256,11228.015571400001,11127.19217794
2023-10-19,11399.038427,11242.92859865,11120.30676056
2023-10-20,11318.959691,11260.450079999999,11113.28351664
2023-10-23,11231.852943,11268.160382049999,11107.15033548
2023-10-24,11203.395353,11269.63698765,11101.50584116
2023-10-25,11187.781717,11271.860622600001,11095.947609820001
2023-10-26,10990.4768,11253.516548700001,11089.54595524
2023-10-27,11088.88685,11234.975442300001,11082.457517380002
2023-10-30,11037.594865,11220.2211014,11076.042705680002
2023-10-31,10875.77913,11201.74877465,11066.85640038
2023-11-01,10877.80243,11188.48936405,11061.124924920001
2023-11-02,10967.858768,11182.29650905,11060.52749882
2023-11-03,10979.827864,11178.5444642,11059.839236720001
2023-11-07,10929.435068,11167.564203799999,11058.09926654
2023-11-08,10977.824593,11150.989994450001,11056.86562482
2023-11-09,11035.139279,11138.5885911,11055.249627760002
2023-11-10,11022.045983,11125.78849495,11052.617087359999
2023-11-14,11066.001511,11115.885460200001,11058.5470364
2023-11-15,11091.909912,11105.216793200001,11063.3112199
2023-11-16,11077.477174,11092.293780700002,11069.21298464
2023-11-17,11261.585299,11081.03368285,11084.05840274
2023-11-20,11258.176296,11073.9905763,11099.75156244
2023-11-21,11293.029118,11072.69404765,11112.6872839
2023-11-22,11324.515722,11077.3271866,11125.102263199999
2023-11-23,11267.021089,11080.508473400001,11137.559500700001
2023-11-24,11341.462649,11088.19252,11147.373309499999
2023-11-27,11265.909922,11101.964176099998,11156.83235328
2023-11-28,11283.470017,11111.693334450001,11165.705559439999
2023-11-29,11391.103925,11129.36878745,11173.581929380001
2023-11-30,11469.30952,11159.045306950002,11182.702261219998
2023-12-01,11517.05846,11191.008108450002,11191.84083606
2023-12-04,11561.444799,11220.68741,11201.0541744
2023-12-05,11510.439753,11247.21800445,11211.89236818
2023-12-06,11353.360884,11268.41429525,11217.40664782
2023-12-07,11511.554898,11295.1008105,11224.160480960003
2023-12-11,11474.495283,11317.0686107,11230.784206260001
2023-12-12,11551.519556,11343.54228935,11234.66743182
2023-12-13,11714.425678,11375.963497699999,11239.76176582
2023-12-14,11863.908053,11414.563404749999,11250.386293219999
2023-12-15,11905.996822,11455.989387149999,11263.60171636
2023-12-18,11881.989873,11487.009615849998,11278.38170098
2023-12-19,11940.728736,11521.13723785,11295.36195834
2023-12-20,11875.773418,11550.27445285,11311.78005148
2023-12-21,12001.427092,11584.12002135,11328.827787799999
2023-12-22,12154.258013,11628.48186755,11345.726772459999
2023-12-26,12284.76542,11675.6470061,11365.758733940002
2023-12-27,12327.400019,11728.72151095,11386.7457762
2023-12-28,12104.420445,11769.76903235,11403.55294098
2024-01-02,12373.028508,11818.8652615,11424.907846099999
2024-01-03,12433.858698,11867.0927204,11446.866271579998
2024-01-04,12823.384826,11932.4090387,11473.598222980001
2024-01-05,13093.24116,12008.99885675,11507.48227764
2024-01-09,13088.31219,12087.8924786,11542.86932762
2024-01-10,12971.778182,12168.8133435,11577.6678324
2024-01-11,12917.438492,12239.107523199998,11611.948695179999
2024-01-12,12998.046649,12315.285091499998,11648.15399382
2024-01-15,13058.844228,12390.6513251,11689.521342379998
2024-01-16,13017.285704,12455.7943264,11728.08931946
2024-01-17,12927.239777,12508.960912600001,11765.8822177
2024-01-18,12851.552765,12556.23870975,11805.397690400001
2024-01-19,12836.400365,12603.95923435,11844.569649099998
2024-01-22,12800.848691,12646.9652321,11881.22944756
2024-01-23,12722.969544,12689.3250384,11916.092281159998
2024-01-24,12702.259074,12724.3666375,11951.548761279999
2024-01-25,12778.509021,12755.579187899999,11987.56244984
2024-01-26,12914.170573,12787.04944555,12025.14307572
2024-01-29,12887.377425,12815.048315850001,12062.44970456
2024-01-30,12890.874771,12854.37103215,12098.94716976
2024-01-31,12724.01554,12871.920383749999,12131.58928232
2024-02-01,12734.267831,12886.9408404,12164.72509546
2024-02-02,12732.929117,12882.41805495,12194.15197182
2024-02-05,12680.053474,12861.75867065,12222.589515380001
2024-02-06,12721.511917,12843.418657,12251.15917136
2024-02-07,12746.027513,12832.13112355,12279.589407179998
2024-02-08,12566.935007,12814.605949300001,12305.58768554
2024-02-09,12440.822784,12786.74475605,12327.57488824
2024-02-12,12440.163775,12755.8107334,12351.059965299999
2024-02-13,12318.210091,12720.85695275,12371.75476678
2024-02-14,12331.47588,12691.068757899999,12390.562205879998
2024-02-15,12421.045158,12669.54337755,12409.59691864
2024-02-16,12524.342641,12653.94049135,12429.74260226
2024-02-19,12164.176507,12622.10688215,12441.79723642
2024-02-20,12411.79776,12606.54829295,12459.82439656
2024-02-21,12639.494688,12603.41007365,12485.547072640002
2024-02-22,12740.694442,12601.5193447,12510.12986352
2024-02-23,12850.260407,12598.3238364,12537.645166
2024-02-26,12863.833247,12597.1466275,12563.89143982
2024-02-27,12815.819071,12593.3938425,12585.91930768
2024-02-28,12804.759184,12597.4310247,12604.736330300002
2024-02-29,12692.617591,12595.348512699999,12620.46874568
2024-03-01,12813.813474,12599.39273055,12639.105217700002
2024-03-04,12831.128633,12606.9464885,12656.913215640001
2024-03-05,12945.96382,12618.16908365,12678.317023679998
2024-03-06,13007.471925,12631.241304250001,12698.437920340002
2024-03-07,13070.42836,12656.4159719,12716.76132728
2024-03-08,12926.382098,12680.693937600001,12729.593660839999
2024-03-11,12919.684729,12704.669985300001,12741.439355040002
2024-03-12,12727.525382,12725.13574985,12753.90145378
2024-03-13,12781.750854,12747.64949855,12762.0759007
2024-03-14,12772.041535,12765.1993174,12768.839557440002
2024-03-15,12790.890142,12778.52669245,12768.189663759998
2024-03-18,13008.257083,12820.73072125,12766.48998222
2024-03-19,13004.256197,12850.3536431,12764.808862360002
2024-03-20,13023.966686,12869.577243,12765.85263244
2024-03-21,13254.554817,12895.27026175,12772.594958939999
2024-03-22,13332.563788,12919.3854308,12779.28530172
2024-03-26,13350.864726,12943.73700475,12785.12571168
2024-03-27,13497.13106,12977.8026042,12794.7226188
2024-03-28,13497.13106,13012.421198,12806.120444459999
2024-03-29,13497.13106,13052.64687145,12819.032010359999
2024-03-31,13497.13106,13086.81275075,12832.246624260002
2024-04-01,13715.771361,13131.044887150001,12850.54507766
2024-04-02,13889.697238,13178.23155805,12873.87963154
2024-04-03,14000.401068,13227.8780152,12899.84247142
2024-04-04,14251.629404,13286.938067399999,12929.304879079998
2024-04-05,14056.09787,13343.423856,12952.14342502
2024-04-08,14040.949325,13399.487085799998,12975.21486302
2024-04-09,14302.222252,13478.2219293,13003.44181264
2024-04-10,14230.855752,13550.677174200002,13033.578616879999
2024-04-11,14336.140196,13628.88210725,13065.616064179998
2024-04-12,14095.205721,13694.0978862,13092.861596260002
2024-04-15,14000.482287,13743.7091464,13119.27017252
2024-04-16,13882.475627,13787.6201179,13142.48944672
2024-04-17,13703.41803,13821.5926851,13161.637257060002
2024-04-18,13416.428419,13829.6863652,13178.627125300001
2024-04-19,13532.350768,13839.675714199999,13200.45768498
2024-04-22,13651.179572,13854.691456499999,13224.678000920001
2024-04-23,13687.776507,13864.22372885,13252.06932924
2024-04-24,13642.30553,13871.48245235,13278.28592224
2024-04-25,13709.251928,13882.088495749998,13304.050057639999
2024-04-26,13873.772597,13900.920572599998,13331.03865676
2024-04-29,14015.466795,13915.905344300001,13368.06446252
2024-04-30,13494.338491,13896.137406949998,13389.715277140001
2024-05-02,13705.595019,13881.397104500002,13411.037283759999
2024-05-03,13772.851959,13857.458232250001,13431.680434099999
2024-05-06,13729.1763,13841.11215375,13449.25875196
2024-05-07,13723.766707,13825.253022850002,13466.457421160001
2024-05-08,13758.926736,13798.088247050002,13485.319574460002
2024-05-09,13789.071766,13775.999047750001,13505.0058261
2024-05-10,13820.797434,13750.23190965,13527.56942296
2024-05-14,13945.254725,13742.734359850001,13550.198247979999
2024-05-15,13980.58928,13741.7397095,13573.18746092
2024-05-16,14090.273673,13752.1296118,13596.07365798
2024-05-17,14205.629958,13777.240208199999,13620.03681864
2024-05-20,14328.524534,13822.84501395,13645.198742119997
2024-05-21,14319.519436,13862.20344735,13673.061488880001
2024-05-22,14008.301107,13880.059524100001,13694.833816439997
2024-05-23,14007.903089,13896.0658532,13720.441370580002
2024-05-24,14021.255027,13915.013328050001,13745.23145404
2024-05-27,14079.406525,13933.521057900001,13771.37875384
2024-05-28,14030.446539,13941.354755000002,13796.16988178
2024-05-29,13890.454563,13935.104143399998,13813.813831380001
2024-05-30,13983.091878,13959.541812749998,13833.390544999998
2024-05-31,13916.501923,13970.08715795,13851.24124974
2024-06-04,13961.079437,13979.49853185,13865.371742140002
2024-06-05,13986.747838,13992.37710875,13878.45542314
2024-06-06,14027.722828,14007.574914799998,13891.99258518
2024-06-07,14043.566304,14021.806893199999,13902.92129006
2024-06-11,13808.891129,14022.797861349998,13909.15649144
2024-06-12,13736.699066,14018.592942950001,13913.947851559999
2024-06-13,13781.822387,14010.421326050002,13919.641678099997
2024-06-14,13703.349339,13996.559329,13919.39323766
2024-06-17,13710.149763,13977.553133500001,13915.80228816
2024-06-18,13817.892276,13958.1662494,13912.15211232
2024-06-19,13728.872468,13928.1836461,13901.696973600001
2024-06-20,13812.986388,13902.8569937,13896.834743959998
2024-06-21,13708.535829,13887.8687298,13890.186474040001
2024-06-24,13919.665608,13883.456855749999,13882.535341159999
2024-06-25,13840.428424,13874.4155256,13874.7267946
2024-06-26,13849.676318,13862.92901525,13864.997517040001
2024-06-27,13925.88973,13857.701174799999,13861.611197219998
2024-06-28,13840.978332,13855.22736325,13858.421118119999
2024-07-02,13867.076957,13849.4266172,13858.11314472
2024-07-03,13845.416157,13845.872328899999,13860.95310726
2024-07-04,13891.720344,13842.404374250002,13870.458945759998
2024-07-05,13879.723951,13837.053179899998,13877.406409419998
2024-07-08,13883.140324,13829.824054700002,13882.04562446
2024-07-09,13794.214293,13817.35645415,13884.17438018
2024-07-10,13722.65258,13813.0445267,13885.781321180002
2024-07-11,13825.293089,13817.47422785,13888.1021444
2024-07-12,13804.047753,13818.585496149997,13886.707647520001
2024-07-15,13810.548378,13823.945448100003,13882.609279179998
2024-07-16,13800.241352,13828.45002755,13888.7273364
2024-07-17,13726.035813,13823.8572044,13889.136152280002
2024-07-18,13736.037681,13824.215465050002,13888.39986672
2024-07-19,13774.540863,13822.293188799998,13889.307157979998
2024-07-22,13763.858801,13825.059337399998,13890.10899986
2024-07-23,13703.560674,13814.254090699998,13889.00167862
2024-07-24,13700.308227,13807.24808085,13887.22640784
2024-07-25,13692.827411,13799.405635500001,13884.66700738
2024-07-26,13615.308106,13783.876554299999,13878.068075000001
2024-07-29,13565.946494,13770.1249624,13869.77521928
2024-07-30,13512.865899,13752.4144095,13858.2270638
2024-07-31,13387.445551,13729.5158792,13841.86337566
2024-08-01,13348.320769,13702.34590045,13822.25930036
2024-08-02,13102.583665,13663.488886149999,13797.92058494
2024-08-05,12881.954003,13613.4295701,13775.39364286
2024-08-06,12903.841092,13568.91091005,13753.312402919999
2024-08-08,12927.640733,13529.160317699998,13731.44011704
2024-08-09,13038.719715,13489.831649,13710.62638084
2024-08-12,13233.974127,13461.327967700001,13694.696932600002
2024-08-13,13373.100922,13439.4555949,13684.349859779999
2024-08-14,13440.175416,13421.4522981,13673.49153054
2024-08-15,13535.23549,13411.912281949999,13665.866201879999
2024-08-16,13545.000246,13402.3604102,13657.54461806
2024-08-20,13389.775136,13383.12212385,13645.60516402
2024-08-21,13409.116491,13365.38500835,13633.23303728
2024-08-22,13286.883668,13344.551158049999,13618.099384559999
2024-08-23,13247.668864,13321.9191899,13606.874939259998
2024-08-26,13374.704627,13306.0130507,13599.63505048
2024-08-27,13349.450002,13292.7201455,13590.98760278
2024-08-28,13367.54702,13282.800171799998,13584.271556400001
2024-08-29,13291.140593,13271.7139065,13575.891373
2024-08-30,13551.591325,13279.9211952,13570.565353979999
2024-09-02,13480.07983,13286.50914825,13565.58950122
2024-09-03,13407.367546,13301.7483423,13557.477124379999
2024-09-04,13291.492432,13322.22526375,13549.136256439997
2024-09-05,13345.796077,13344.323013000001,13537.658865820002
2024-09-06,13214.926417,13358.687297199998,13525.14882568
2024-09-09,13147.004308,13364.10152685,13511.09538548
2024-09-10,13068.016504,13355.803645699998,13493.93792096
2024-09-11,13030.681433,13338.68267125,13477.73198298
2024-09-12,13133.255823,13323.3366916,13463.0555603
2024-09-13,13049.542846,13299.0520594,13447.138094079999
2024-09-16,13109.694956,13277.286794900001,13431.497586320002
2024-09-17,13063.608324,13260.978454300002,13415.175273780002
2024-09-18,13002.8534,13240.66529975,13397.569535300001
2024-09-19,13134.979349,13233.0700838,13384.38483642
2024-09-20,13137.373971,13227.55533915,13372.67926424
2024-09-23,13149.983901,13216.31930285,13359.17308048
2024-09-24,13276.12323,13212.652964249999,13348.61459002
2024-09-25,13209.267115,13204.738968999998,13336.588964760002
2024-09-26,13312.715671,13205.8177229,13326.83845114
2024-09-27,13243.096873,13190.393000300002,13317.179672339998
2024-09-30,13111.535234,13171.965770499999,13304.689623400001
2024-10-01,13106.903631,13156.94257475,13291.336878760001
2024-10-02,13049.437171,13144.8398117,13277.048446159999
2024-10-03,13068.19952,13130.95998385,13264.34122308
2024-10-04,13087.470523,13124.58718915,13252.084469
2024-10-07,13150.589675,13124.7664575,13241.239714280002
2024-10-08,13066.670704,13124.699167499999,13230.266966239999
2024-10-09,13080.398639,13127.1850278,13220.556009139998
2024-10-10,13168.883907,13128.966431999997,13213.676369300001
2024-10-11,13330.741445,13143.02636195,13212.54228718
2024-10-15,13353.810408,13155.23213455,13212.65207996
2024-10-16,13440.130319,13174.058234299999,13219.403013039999
2024-10-17,13529.527807,13200.39195465,13232.354489119998
2024-10-18,13692.820346,13228.2840045,13248.134074200001
2024-10-21,13635.400067,13253.185309299999,13262.289260880001
2024-10-22,13515.515342,13271.461881349998,13271.82517342
2024-10-23,13290.161244,13272.16378205,13272.948915759998
2024-10-24,13449.12968,13284.156910299998,13274.46949092
2024-10-25,13418.16834,13289.42954375,13274.0293494
2024-10-28,13469.074347,13300.72841745,13272.70612654
2024-10-29,13468.195793,13318.561445399999,13271.170037479998
2024-10-30,13636.677382,13345.05013295,13276.1080824
2024-10-31,13510.351056,13368.095827199999,13278.132773700001
2024-11-01,13454.102821,13387.390992249999,13281.477156760002
2024-11-05,13521.125327,13409.073732450002,13286.94628602
2024-11-06,13567.784695,13429.933483449999,13290.80788738
2024-11-07,13514.694564,13452.334676449998,13294.112778620001
2024-11-08,13280.014485,13462.315468750001,13292.36212792
2024-11-12,13378.940841,13472.81831545,13294.11813288
2024-11-13,13303.60631,13471.4615587,13289.158432580001
2024-11-14,13401.453306,13473.843703600001,13287.5859021
2024-11-15,13385.721838,13471.12327955,13287.152987939999
2024-11-18,13546.461831,13471.96998075,13292.252375920001
2024-11-19,13628.398733,13468.748900100001,13297.90442904
2024-11-20,13788.928027,13476.425298099999,13309.38446124
2024-11-21,13808.422118,13491.0706369,13322.61281744
2024-11-22,13845.258743,13518.82551185,13338.157662220001
2024-11-25,13909.952689,13541.866662299999,13355.743087339999
2024-11-26,13839.529847,13562.934737649999,13369.86856782
2024-11-27,13901.83371,13584.5727058,13386.9143851
2024-11-28,13903.786352,13606.35223375,13402.79621302
2024-11-29,13844.95148,13616.765938650002,13418.423076140001
2024-12-02,13908.599717,13636.678371699998,13436.538002479998
2024-12-03,13838.237944,13655.885127849999,13450.603174380001
2024-12-04,13760.788156,13667.868269300001,13463.07145808
2024-12-05,13867.92272,13682.87517055,13477.43023446
2024-12-06,13753.012669,13694.791075799998,13486.968023239999
2024-12-09,13776.357096,13719.608206349998,13498.30982286
2024-12-10,13821.677078,13741.7450182,13508.489051
2024-12-11,13815.702729,13767.34983915,13519.94116812
2024-12-12,13860.232622,13790.28880495,13534.91511588
2024-12-13,13806.821328,13811.34377945,13548.91346982
2024-12-16,13719.095885,13819.975482150001,13562.306644100003
2024-12-17,13689.865692,13823.048830099997,13574.73996754
2024-12-18,13617.739474,13814.489402449999,13585.345346560001
2024-12-19,13745.378411,13811.3372171,13597.24112128
2024-12-20,13694.851779,13803.816868900001,13609.804742780001
2024-12-23,13902.681403,13803.4533046,13626.25039806
2024-12-24,13966.266413,13809.790132899998,13642.19804818
2024-12-26,13993.35086,13814.3659904,13655.450236480001
2024-12-27,13948.62434,13816.607889800001,13667.34651512
2024-12-30,13851.159798,13816.918305700001,13675.5671047
2025-01-02,14048.834802,13823.930059950002,13685.953244600001
2025-01-03,14020.851002,13833.060712849998,13692.513857720001
2025-01-07,14246.908669,13857.3667385,13704.74402976
2025-01-08,14151.938821,13871.567543549998,13717.47249934
2025-01-09,14130.717869,13890.45280355,13734.28363184
2025-01-10,14108.790457,13907.0744716,13747.476847380001
2025-01-13,14134.255407,13922.70338805,13761.798588720001
2025-01-14,14054.278139,13934.63215855,13773.502664559997
2025-01-15,14042.886715,13943.7648632,13784.996483
2025-01-16,14011.568213,13954.002207450001,13792.494299619999
2025-01-17,13985.783331,13967.336579750001,13802.002945119999
2025-01-20,13949.288659,13980.3077281,13811.90666188
2025-01-21,13994.769898,13999.1592493,13821.379553300001
2025-01-22,13892.562313,14006.5184444,13827.875105660001
2025-01-23,14045.397576,14024.045734249998,13838.4891659
2025-01-24,14224.740139,14040.148671049998,13857.383678979999
2025-01-27,14392.315278,14061.451114300002,13877.65116772
2025-01-28,14806.394084,14102.103275500001,13907.7069232
2025-01-29,15161.220078,14162.733062399999,13942.902258639999
2025-01-30,15490.142699,14244.68220745,13984.99067586
2025-01-31,15127.825052,14298.63171995,14016.617940279999
2025-02-03,14959.669869,14345.572663300001,14043.243363000001
2025-02-04,15140.436683,14390.249064,14070.27353612
2025-02-05,15012.690597,14433.286652800001,14094.358905699999
2025-02-06,15160.506677,14484.7760932,14120.66386438
2025-02-07,15069.615532,14532.81734695,14143.85712124
2025-02-10,15164.675092,14584.338331199999,14170.36002614
2025-02-11,15257.11084,14644.479966249997,14197.46556874
2025-02-12,15228.121366,14703.7416988,14223.95226902
2025-02-13,15269.729935,14766.649784899997,14252.447838119999
2025-02-14,15432.742057,14838.9977212,14282.93068492
2025-02-17,15589.563294,14921.011452950002,14317.957191919999
2025-02-18,15675.999652,15005.07294065,14356.26142184
2025-02-19,15906.982104,15105.793930199998,14397.04260952
2025-02-20,16250.355625,15216.041832650002,14446.98946864
2025-02-21,16210.62476,15315.3360637,14495.674821920002
2025-02-24,16415.823717,15416.51148565,14547.5577547
2025-02-25,16392.440529,15495.8138079,14599.0925107
2025-02-26,16365.308485,15556.018228249999,14649.19402796
2025-02-27,16184.930897,15590.75763815,14696.756219339999
2025-02-28,15977.455297,15633.2391504,14741.923407579998
2025-03-03,15657.54504,15668.132908950001,14781.27699454
2025-03-04,15549.859754,15688.604062499999,14819.919400140001
2025-03-05,15792.291032,15727.584084249998,14860.85765256
2025-03-06,15930.572504,15766.087375600002,14905.572067059999
2025-03-07,16004.579911,15812.835594549999,14947.610037220002
2025-03-10,15721.058021,15840.654741,14982.70586938
2025-03-11,15687.394063,15862.16890215,15016.58673344
2025-03-12,15905.49143,15896.037405349998,15055.72407524
2025-03-13,15821.95423,15923.648620100003,15095.13996388
2025-03-14,16101.367338,15957.079884149998,15136.1906146
2025-03-17,16242.191919,15989.7113154,15180.61743294
2025-03-18,16130.165067,16012.419586150001,15218.282560899997
2025-03-19,16066.987692,16020.419865550002,15256.58353832
2025-03-20,15983.943102,16007.0992394,15293.64804298
2025-03-21,15995.851121,15996.360557450002,15331.38925626
2025-03-25,16247.875358,15987.9631395,15373.661655279999
2025-03-26,16352.512431,15985.9667346,15419.62634112
2025-03-27,16370.708632,15986.236741949999,15466.18277946
2025-03-28,16408.717036,15997.426048899997,15514.12575592
2025-03-31,16487.861752,16022.94637165,15564.167324340002
2025-04-01,16707.580331,16075.448136199999,15619.33315778
2025-04-02,16985.965424,16147.2534197,15679.1570683
2025-04-03,17023.114981,16208.794617150003,15741.768121659998
2025-04-04,16660.415987,16245.2867913,15794.068489880001
2025-04-07,16551.894132,16272.65250235,15840.61156974
2025-04-08,16003.840515,16286.791627049999,15872.84207448
2025-04-09,16485.207759,16326.68231185,15906.418347980001
2025-04-10,15944.943776,16328.654929150001,15922.09282194
2025-04-11,16088.537686,16341.984101949998,15934.06072168
2025-04-14,16292.295599,16351.530515,15957.350132620002
2025-04-15,16513.800296,16365.110933850001,15988.432741159999
2025-04-16,16746.010914,16395.9032262,16020.54422578
2025-04-21,16674.68374,16426.2880286,16053.78408864
2025-04-22,16787.881456,16466.4849463,16086.33158422
2025-04-23,16993.32556,16516.35866825,16124.80578478
2025-04-24,17011.622392,16554.54601995,16161.74473078
2025-04-25,17085.470228,16591.193909799997,16198.31191854
2025-04-28,16854.099894,16615.3634729,16230.831489099999
2025-04-29,16880.040784,16638.929660300004,16263.03770608
2025-04-30,16271.050206,16628.089083000003,16279.80386906
2025-05-02,16325.347895,16608.9774612,16294.519561080002
2025-05-05,16326.546825,16576.00653125,16307.53050454
2025-05-06,16387.407511,16544.22115775,16317.13901268
2025-05-07,16313.643928,16526.8825548,16318.404778740001
2025-05-08,16449.982956,16521.786996000003,16323.191942659998
2025-05-09,16346.322095,16538.911075,16321.80191022
2025-05-12,16446.195634,16536.96046875,16322.877012320001
2025-05-13,16888.577394,16584.14214965,16333.3423905
2025-05-14,16669.96502,16613.21351635,16343.043072960001
2025-05-15,16565.205072,16626.85899,16354.79806846
2025-05-16,16369.30116,16619.6340332,16369.03319086
2025-05-19,16480.789165,16606.372945749998,16387.65177908
2025-05-20,16524.332941,16598.855405799997,16402.29261726
2025-05-21,16447.177892,16581.8202276,16412.624725020003
2025-05-22,16367.425217,16550.52521045,16419.88163114
2025-05-23,16499.483126,16524.91824715,16435.45013324
2025-05-26,16481.432412,16494.71635635,16451.33090022
2025-05-27,16366.316662,16470.327194749996,16460.54740486
2025-05-28,16427.982023,16447.7242567,16472.66796072
2025-05-29,16322.518346,16450.2976637,16477.09098088
2025-05-30,15955.85078,16431.82280795,16471.364158099997
2025-06-03,16297.773944,16430.3841639,16474.71633564
2025-06-04,16374.133978,16429.72048725,16480.85926136
2025-06-05,16419.166135,16434.996597600002,16489.56372202
2025-06-06,16372.13541,16431.1042203,16497.089407800002
2025-06-09,16218.140148,16424.69512295,16496.4947036
2025-06-10,16355.316064,16420.15114445,16496.550776260003
2025-06-11,16452.088387,16398.3266941,16498.178371359998
2025-06-12,16348.48966,16382.252926099998,16496.973823840002
2025-06-13,16348.584283,16371.421886650001,16494.18827446
2025-06-16,16192.426181,16362.5781377,16483.885191459998
2025-06-17,16178.416931,16347.459526,16467.7342216
2025-06-18,16365.173175,16339.5015377,16454.575385480002
2025-06-19,16388.019993,16336.54364275,16449.1274656
2025-06-20,16336.858878,16335.015325800001,16444.82676052
2025-06-24,16570.499099,16338.566124450002,16456.1599322
2025-06-25,16594.899652,16344.23948645,16458.35377006
2025-06-26,16651.903871,16358.518846900002,16472.49297196
2025-06-27,16550.689491,16364.654220300003,16481.73600806
2025-06-30,16550.68949,16376.0627775,16486.903885879998
2025-07-01,16613.65857,16408.953167,16488.90105136
2025-07-02,16801.521066,16434.140523100003,16490.0112544
2025-07-03,16703.574692,16450.6125588,16490.589073439998
2025-07-04,16731.191686,16466.21383635,16489.455278039997
2025-07-07,16710.207439,16483.1174378,16483.79291562
2025-07-08,16753.250524,16509.872956600004,16478.62547826
2025-07-09,16640.069869,16524.11064685,16469.717471080003
2025-07-10,16721.520775,16537.58226625,16467.065888700003
2025-07-11,16770.895517,16558.702559100002,16464.88298336
2025-07-14,16782.989432,16580.42281655,16475.12176788
2025-07-15,16879.024414,16614.7527282,16486.195298259998
2025-07-16,16900.612837,16650.8625235,16497.6766185
2025-07-17,17331.846661,16699.1961978,16516.5654015
2025-07-18,17273.801113,16743.4852538,16535.768545199997
2025-07-21,17360.366942,16794.660657,16553.97622492
2025-07-22,17211.925442,16826.73197415,16571.28829186
2025-07-23,17099.166922,16851.94533765,16584.34771762
2025-07-24,17034.584923,16871.07939025,16587.2678682
2025-07-25,17029.595782,16895.0247048,16594.46048344
2025-07-28,17557.929037,16945.38668215,16614.31496274
2025-07-29,17510.821217,16990.2448145,16637.14536388
2025-07-30,17532.039961,17026.77075925,16658.1703798
2025-07-31,17568.465312,17070.01529025,16679.05302722
2025-08-01,17357.607695,17101.336090700002,16697.26162328
2025-08-04,17359.626334,17133.80703545,16717.105645620002
2025-08-05,17459.778735,17169.133446,16736.3115578
2025-08-06,17583.041203,17216.282012699998,16758.34373362
2025-08-08,17859.812265,17273.1965872,16788.213645680004
2025-08-11,17967.04504,17333.00406335,16818.99490602
2025-08-12,18078.321395,17397.7706615,16854.110967
2025-08-13,18101.682194,17458.9035505,16897.02759528
2025-08-14,18286.035172,17528.174667249998,16936.79281984
2025-08-15,18398.722948,17581.5184816,16977.28459924
2025-08-19,18363.633076,17636.010079749998,17016.17393806
2025-08-20,18380.44614,17687.01403965,17056.34015266
2025-08-21,18350.60477,17743.94800605,17098.9894451
2025-08-22,18406.767974,17809.32805865,17140.0184833
2025-08-25,18319.343797,17873.56600235,17177.3635915
2025-08-26,18372.125004,17940.69246345,17217.83629838
2025-08-27,18259.025492,17975.7472862,17256.04512256
2025-08-28,18196.765023,18010.0444765,17296.131899400003
2025-08-29,18256.961051,18046.290531,17337.7027818
2025-09-01,18231.03679,18079.4191049,17375.0200541
2025-09-02,18091.475643,18116.1125023,17409.0891671
2025-09-03,18080.635151,18152.16294315,17443.96469256
2025-09-04,18327.767895,18195.56240115,17479.11006848
2025-09-05,18416.727849,18237.24673345,17515.54663242
2025-09-08,18495.358182,18269.024029300002,17552.415718639997
2025-09-09,18463.802124,18293.8618835,17590.6779713
2025-09-10,18515.717745,18315.731701,17629.9785364
2025-09-11,18331.093198,18327.202251200004,17664.32722896
2025-09-12,18241.587492,18324.9798672,17693.12855748
2025-09-15,18255.907183,18317.83907895,17724.1752073
2025-09-16,18174.019077,18308.358379,17753.03175512
2025-09-17,18132.065946,18295.9393693,17781.46892526
2025-09-18,18026.617762,18279.7400189,17806.93627002
2025-09-19,18367.271582,18277.765199299996,17841.48030428
2025-09-22,18498.94417,18286.745217950003,17877.02877218
2025-09-23,18498.1381,18293.04587275,17911.573623840002
2025-09-24,18588.344709,18309.5118336,17947.68072938
2025-09-25,18570.474158,18328.19729035,17981.509724260002
2025-09-26,18445.580981,18337.628286850002,18012.40908714
2025-09-29,18557.795344,18353.96621455,18036.9280608
2025-09-30,18528.88614,18375.8367394,18062.02976134
2025-10-01,18434.333415,18393.5216526,18083.509090800002
2025-10-02,18297.753443,18392.02093,18105.22565082
2025-10-03,18417.187558,18392.043915449998,18131.586063540002
2025-10-06,18431.617263,18388.8568695,18159.52671034
2025-10-07,18389.872048,18385.1603657,18186.732235659998
2025-10-08,18562.378543,18387.493405600002,18206.82122578
2025-10-09,18715.058736,18406.6916825,18230.90597616
2025-10-10,18530.414518,18421.1330338,18250.8734673
2025-10-14,18743.651643,18445.520256800002,18274.37719392
2025-10-15,18739.051097,18473.7718578,18302.00606196
2025-10-16,18809.585393,18507.64783015,18331.00524314
2025-10-17,19066.969424,18559.66541325,18363.14905692
2025-10-20,18806.907972,18581.64723275,18387.6263923
2025-10-21,18715.061965,18592.4531225,18404.731386299998
2025-10-22,18984.65225,18616.778830000003,18425.0835305
2025-10-23,19074.850935,18641.1041413,18445.014121300002
2025-10-24,19281.166161,18676.63874145,18468.603800639998
2025-10-27,19391.726095,18723.945997149996,18490.7176191
2025-10-28,19603.708191,18776.2416395,18514.81732396
2025-10-29,19762.756182,18837.9351416,18542.79978608
2025-10-30,19730.395726,18902.73825715,18569.798777800002
2025-10-31,19624.307699,18969.065969950003,18595.27283638
2025-11-04,19935.964969,19045.0048405,18625.85677628
2025-11-05,20105.935148,19128.72073475,18661.5886033
2025-11-06,20200.685409,19219.261402800003,18698.159811399997
2025-11-07,20551.965402,19318.74074575,18744.018609600003
2025-11-10,20459.804346,19405.97802625,18789.27939606
2025-11-11,20563.578453,19507.636223,18835.411744099998
2025-11-12,20549.191485,19597.9132151,18881.774838
2025-11-13,20259.664692,19673.94389485,18925.13861898
2025-11-14,20455.332226,19756.2312365,18972.63256048
2025-11-18,20454.147304,19825.5901305,19015.160148659998
2025-11-19,20374.249064,19903.9571851,19054.310572960003
2025-11-20,20055.568594,19970.98251655,19085.5147812
2025-11-21,20167.982541,20030.1490311,19119.59838954
2025-11-24,19761.344365,20064.4737026,19144.51092194
2025-11-25,20103.817541,20105.6062716,19179.9654088
2025-11-26,20181.678509,20145.103892299998,19218.76722914
2025-11-27,20285.197301,20179.1783478,19259.3530315
2025-11-28,20495.423393,20215.81170835,19305.781117820003
2025-12-01,20574.947672,20258.03930565,19354.63875234
2025-12-02,20912.804722,20322.4641568,19412.36249154
2025-12-03,20813.109154,20366.321366049997,19461.27924298
2025-12-04,20914.419151,20406.7455662,19509.5887426
2025-12-05,20882.003569,20440.8114742,19557.266051979997
2025-12-09,21044.369897,20465.43169895,19606.38655574
2025-12-10,21043.922854,20494.63762435,19655.85552966
2025-12-11,20989.42679,20515.9300412,19706.732445840003
2025-12-12,20934.81097,20535.21101545,19754.27275836
2025-12-15,20765.580871,20560.5068244,19799.00665298
2025-12-16,20572.435492,20566.361987700002,19841.76869452
2025-12-17,20390.656935,20563.18746925,19883.62676436
2025-12-18,20408.684189,20564.9092255,19923.45669698
2025-12-19,20348.246613,20579.54312645,19961.78928398
2025-12-22,20422.871354,20592.2875671,20002.449270099998
2025-12-23,20606.676624,20634.55418005,20043.33523172
2025-12-24,20666.369999,20662.68180295,20082.36145698
2025-12-26,20682.228978,20687.7093264,20125.39774618
2025-12-29,20942.855416,20720.59223215,20169.38182164
2025-12-30,20444.528928,20718.047508900003,20203.491378259998
2026-01-02,20459.85201,20712.292725799998,20236.496710599997
2026-01-05,21095.909741,20721.44797675,20277.07551694
2026-01-06,21505.829416,20756.08398985,20331.05394582
2026-01-07,21483.396293,20784.532846950002,20386.42063238
2026-01-08,21651.195633,20822.99245015,20439.751500039998
2026-01-09,21909.896206,20866.268765599998,20496.45240546
2026-01-13,22137.073923,20920.92631905,20553.5705607
2026-01-14,22384.23909,20990.66693405,20613.4208206
2026-01-15,22638.753374,21075.86405425,20674.121724259996
2026-01-16,23209.234577,21198.046739549998,20743.05129216
2026-01-19,23528.640251,21345.8569775,20819.016182659998
2026-01-20,23769.218473,21514.7850544,20901.914398139998
2026-01-21,24192.325135,21703.9671017,20987.041601459998
2026-01-22,24081.73267,21890.641404550002,21066.557551899998
2026-01-23,24563.615145,22097.6785941,21153.81614662
2026-01-26,24945.270118,22314.6082688,21241.682240939997
2026-01-27,24698.680015,22516.2237696,21326.45975432
2026-01-28,24799.585762,22722.0916088,21411.179900500003
2026-01-29,24670.379301,22908.46780305,21493.60365682
2026-01-30,24441.786869,23108.3307001,21577.246100359996
2026-02-02,23926.042394,23281.640219300003,21646.660303719997
2026-02-03,24065.882818,23430.138873149997,21718.895013999998
2026-02-04,23516.924768,23530.69364075,21781.74852808
2026-02-05,22920.614507,23602.55455145,21839.04944634
2026-02-06,23408.597779,23690.424658750002,21903.861751099997
2026-02-09,23663.040229,23778.081859899998,21981.89566838
2026-02-10,23889.017722,23865.679049849998,22057.599671999997
2026-02-11,23472.724504,23920.10332055,22123.420591899998
2026-02-12,23003.296605,23938.3304821,22177.782577980004
2026-02-13,23400.602942,23947.89890035,22235.88616896
2026-02-16,23318.063814,23937.3700785,22290.748491799997
2026-02-17,23339.159815,23915.8671456,22339.27559366
2026-02-18,23378.48258,23875.17501785,22390.58306218
2026-02-19,23574.426124,23849.80969055,22443.783201640003
2026-02-20,23883.821541,23815.82001035,22503.819561079996
2026-02-23,24383.150421,23787.7140255,22570.59517156
2026-02-24,23668.179295,23736.1889895,22623.080300379996
2026-02-25,23535.950235,23673.00721315,22674.01076928
2026-02-26,22565.113351,23567.743915649997,22706.6168169
2026-02-27,21957.362532,23443.5226988,22730.452450120003
2026-03-02,21220.181115,23308.22963485,22743.407362579997
2026-03-03,21232.122624,23166.54162515,22760.23667636
2026-03-04,21440.077856,23062.69927955,22780.8645497
2026-03-05,21556.384882,22994.4877983,22805.027315080002
2026-03-06,21487.774247,22898.4466217,22826.32537294
2026-03-09,21981.579645,22814.3735925,22853.82343336
2026-03-10,22444.025488,22742.123980800003,22889.376543140002
2026-03-11,22470.344507,22692.00498095,22925.138853720004
2026-03-12,21456.293178,22614.654809599997,22935.407608960002
2026-03-13,21539.031859,22521.576255450003,22957.297667580002
2026-03-16,21585.132118,22434.929670650003,22979.803269739998
2026-03-17,21574.768578,22346.710108799998,22989.38044648
2026-03-18,21519.462787,22253.75911915,22989.6531139
2026-03-19,21737.071908,22161.891408350002,22994.7266262
2026-03-20,22039.514609,22069.676061750004,23002.49300572
2026-03-24,22106.570374,21955.847059400003,23006.42648908
2026-03-25,22460.014479,21895.4388186,23012.8853002
2026-03-26,22198.069821,21828.544797900002,23009.16191482
2026-03-27,21994.55769,21800.01701485,22996.278001140003
2026-03-30,21825.70182,21793.433979250003,22968.607345999997
2026-03-31,22717.374127,21868.293629850003,22952.38202352
2026-04-01,22645.864585,21938.9807279,22929.91494576
2026-04-06,22856.027109,22009.77819055,22903.188985239998
2026-04-07,22474.138898,22055.66589135,22871.037109800003
2026-04-08,22592.482464,22110.9013022,22831.61445618
2026-04-09,22683.775109,22146.011075399998,22786.384556
2026-04-10,22758.031771,22161.71138955,22747.57159112
2026-04-13,23205.577576,22198.473042999998,22715.6914274
2026-04-14,23324.534707,22291.885119450002,22688.774535520002
2026-04-15,22981.080395,22363.98754625,22659.56040604
2026-04-16,23061.261941,22437.7940374,22642.264796980002
2026-04-17,22756.950764,22496.903146700002,22616.0861559
2026-04-20,22631.77195,22552.51860485,22598.38309954
2026-04-21,22586.36377,22594.983197949998,22591.698084800002
2026-04-22,22601.031738,22623.059054399997,22575.54676398
2026-04-23,22292.407072,22632.3508893,22548.134100840005
2026-04-24,22229.279403,22620.814135500004,22514.93933446
2026-04-27,21807.657237,22601.293506299997,22481.637989119998
2026-04-28,21586.72906,22580.9020748,22453.306638220005
2026-04-29,21365.804569,22557.90721225,22412.610670759997
2026-04-30,21645.39872,22504.3084419,22379.157368879998
2026-05-04,21560.882957,22450.0593605,22343.59183172
2026-05-05,21580.460146,22386.281012350002,22307.631383040003
2026-05-06,21736.721185,22349.4101267,22270.87728426
2026-05-07,21524.939692,22296.0329881,22223.699647280002
2026-05-08,21099.342848,22216.81137505,22158.02349582
2026-05-11,20965.98583,22127.209078,22103.979626520002
2026-05-12,20767.820184,22005.3212084,22048.6170255
2026-05-13,20618.06455,21869.99770055,22009.67604948
2026-05-14,21094.810332,21775.6841974,21992.42500548
2026-05-15,20895.422582,21667.39222945,21985.929834820003
2026-05-19,20982.257047,21578.6575436,21980.93252328
2026-05-20,20782.91282,21486.214587100003,21967.789222559997
2026-05-21,20913.014534,21402.547125300003,21954.9218156
2026-05-22,20736.053195,21309.29819815,21939.88739456
2026-05-25,21221.385343,21255.747111700002,21924.68350852
2026-05-26,22163.299147,21252.448098900004,21919.0689817
2026-05-27,21833.195789,21253.7250265,21906.32600734
2026-05-28,21713.097939,21260.04347045,21911.46210256
2026-05-29,21508.887635,21267.19762375,21910.859218079997
