fecha,icolcap_real,icolcap_base100,sintetico_base100,grandes_base100
2009-02-09,30.9,100.0,100.0,100.0
2009-02-10,30.0,97.0874,99.4336,99.4662
2009-02-11,30.0,97.0874,99.4336,99.4662
2009-02-12,30.0,97.0874,99.4336,99.4662
2009-02-13,30.48,98.6408,99.7374,99.7525
2009-02-17,29.34,94.9515,99.0095,99.0663
2009-02-18,29.4,95.1456,99.0484,99.1029
2009-02-19,29.64,95.9223,99.2032,99.249
2009-02-20,28.2,91.2621,98.2985,98.3958
2009-02-23,28.0,90.6149,98.2985,98.3958
2009-02-26,28.26,91.4563,98.2985,98.3958
2009-02-27,28.26,91.4563,98.2985,98.3958
2009-03-02,28.26,91.4563,98.2985,98.3958
2009-03-03,28.26,91.4563,98.2985,98.3958
2009-03-04,28.68,92.8155,98.9808,98.9711
2009-03-05,28.68,92.8155,98.9808,98.9711
2009-03-06,28.68,92.8155,98.9808,98.9711
2009-03-09,28.68,92.8155,98.9808,98.9711
2009-03-10,29.36,95.0162,100.0744,99.8919
2009-03-11,29.36,95.0162,100.0744,99.8919
2009-03-12,29.36,95.0162,100.0744,99.8919
2009-03-13,30.14,97.5405,101.3124,100.9323
2009-03-16,30.86,99.8706,101.4069,101.0116
2009-03-17,31.56,102.1359,101.4069,101.0116
2009-03-18,31.54,102.0712,101.4069,101.0116
2009-03-19,32.26,104.4013,101.4069,101.0116
2009-03-20,32.42,104.9191,101.4069,101.0116
2009-03-24,32.4,104.8544,101.4069,101.0116
2009-03-25,32.26,104.4013,101.4069,101.0116
2009-03-26,31.98,103.4951,101.4069,101.0116
2009-03-27,30.8,99.6764,101.4069,101.0116
2009-03-30,30.06,97.2816,101.1862,100.8263
2009-03-31,30.2,97.7346,101.4069,101.0116
2009-04-01,30.4,98.3819,101.4069,101.0116
2009-04-02,31.42,101.6828,103.0719,102.3833
2009-04-03,31.6,102.2654,103.3629,102.6226
2009-04-06,31.56,102.1359,103.2983,102.5695
2009-04-07,32.0,103.5599,104.0065,103.1516
2009-04-08,32.54,105.3074,104.8689,103.8594
2009-04-13,32.52,105.2427,104.8371,103.8334
2009-04-14,32.52,105.2427,104.8371,103.8334
2009-04-15,32.74,105.9547,105.1865,104.1199
2009-04-16,33.1,107.1197,105.7557,104.5863
2009-04-17,32.7,105.8252,105.1231,104.0679
2009-04-20,32.64,105.6311,105.0278,103.9898
2009-04-21,32.68,105.7605,105.0913,104.0418
2009-04-22,32.42,104.9191,104.6779,103.7027
2009-04-23,34.02,110.0971,107.1961,105.7647
2009-04-24,34.0,110.0324,107.165,105.7393
2009-04-27,34.54,111.7799,108.0016,106.4225
2009-04-28,34.3,111.0032,107.6306,106.1196
2009-04-29,34.9,112.945,108.5556,106.8744
2009-04-30,35.88,116.1165,110.0493,108.0909
2009-05-04,36.1,116.8285,110.0493,108.0909
2009-05-05,36.84,119.2233,111.3142,109.5855
2009-05-06,37.32,120.7767,112.1287,110.5497
2009-05-07,38.0,122.9773,113.2748,111.909
2009-05-08,39.0,126.2136,114.944,113.8936
2009-05-11,38.2,123.6246,113.6101,112.3072
2009-05-12,39.1,126.5372,115.1099,114.0912
2009-05-13,38.02,123.0421,113.3083,111.9488
2009-05-14,38.28,123.8835,113.7441,112.4663
2009-05-15,38.86,125.7605,114.7115,113.6168
2009-05-18,38.6,124.9191,114.2786,113.1017
2009-05-19,39.34,127.3139,115.5073,114.5646
2009-05-20,40.96,132.5566,118.1625,117.7365
2009-05-21,40.22,130.1618,116.9554,116.2928
2009-05-22,40.0,129.4498,116.5947,115.8619
2009-05-26,40.58,131.3269,117.5438,116.9962
2009-05-27,40.0,129.4498,116.5947,115.8619
2009-05-28,41.0,132.6861,118.2274,117.8143
2009-05-29,41.82,135.3398,119.5534,119.4038
2009-06-01,42.8,138.5113,119.5534,119.4038
2009-06-02,44.1,142.7184,123.2808,123.2727
2009-06-05,44.72,144.7249,125.0595,125.1205
2009-06-08,43.8,141.7476,122.4204,122.3792
2009-06-09,44.74,144.7896,125.1169,125.1801
2009-06-10,44.9,145.3074,125.576,125.6572
2009-06-11,45.66,147.767,126.7241,126.8506
2009-06-12,46.6,150.8091,126.7241,126.8506
2009-06-16,45.6,147.5728,126.7241,126.8506
2009-06-17,44.2,143.0421,123.5676,123.5706
2009-06-18,45.24,146.4078,126.5518,126.6715
2009-06-19,45.46,147.1197,126.7241,126.8506
2009-06-23,44.36,143.5599,124.0266,124.0474
2009-06-24,42.88,138.7702,119.7827,119.6417
2009-06-25,44.24,143.1715,123.6824,123.6898
2009-06-26,44.7,144.6602,125.0021,125.0608
2009-06-30,45.3,146.6019,126.7241,126.8506
2009-07-01,46.94,151.9094,126.7241,126.8506
2009-07-02,47.28,153.0097,127.3317,127.8149
2009-07-06,46.86,151.6505,126.7241,126.8506
2009-07-07,46.36,150.0324,126.7241,126.8506
2009-07-08,45.9,148.5437,126.7241,126.8506
2009-07-09,45.08,145.89,126.7241,126.8506
2009-07-10,44.42,143.754,126.7241,126.8506
2009-07-13,45.0,145.6311,126.7241,126.8506
2009-07-14,48.36,156.5049,129.252,130.8801
2009-07-15,47.3,153.0744,127.3674,127.8716
2009-07-16,47.1,152.4272,127.0102,127.3043
2009-07-17,48.4,156.6343,129.3229,130.9937
2009-07-21,49.82,161.2298,131.158,133.9487
2009-07-22,49.96,161.6828,131.158,133.9487
2009-07-23,52.1,168.6084,131.158,133.9487
2009-07-24,51.34,166.1489,131.158,133.9487
2009-07-27,50.72,164.1424,131.158,133.9487
2009-07-28,50.12,162.2006,131.158,133.9487
2009-07-29,48.0,155.3398,128.6135,129.858
2009-07-30,48.9,158.2524,130.2068,132.414
2009-07-31,49.44,160.0,131.158,133.9487
2009-08-03,50.74,164.2071,131.158,133.9487
2009-08-04,50.4,163.1068,131.158,133.9487
2009-08-05,50.7,164.0777,131.158,133.9487
2009-08-06,51.34,166.1489,134.6533,137.5129
2009-08-10,51.5,166.6667,135.594,138.4721
2009-08-11,50.5,163.4304,131.158,133.9487
2009-08-12,49.68,160.7767,131.158,133.9487
2009-08-13,51.4,166.343,135.0056,137.8722
2009-08-14,51.24,165.8252,134.0672,136.9153
2009-08-18,49.7,160.8414,131.158,133.9487
2009-08-19,50.52,163.4951,131.158,133.9487
2009-08-20,51.38,166.2783,134.8881,137.7524
2009-08-21,51.32,166.0841,134.536,137.3933
2009-08-24,51.74,167.4434,137.0118,139.9178
2009-08-25,52.36,169.4498,137.3676,140.2805
2009-08-26,51.92,168.0259,137.3676,140.2805
2009-08-27,52.66,170.4207,137.3676,140.2805
2009-08-28,52.38,169.5146,137.3676,140.2805
2009-08-31,51.8,167.6375,137.3676,140.2805
2009-09-01,48.54,157.0874,137.3676,140.2805
2009-09-03,50.92,164.7896,139.6075,143.9251
2009-09-04,50.92,164.7896,139.6075,143.9251
2009-09-08,53.0,171.521,141.509,147.0461
2009-09-09,53.36,172.6861,141.8331,147.5805
2009-09-10,53.36,172.6861,141.8331,147.5805
2009-09-11,53.98,174.6926,142.3878,148.4968
2009-09-14,54.0,174.7573,142.4056,148.5263
2009-09-15,54.0,174.7573,142.4056,148.5263
2009-09-16,55.66,180.1294,143.8701,150.9556
2009-09-17,55.16,178.5113,143.432,150.2275
2009-09-18,55.96,181.1003,144.1316,151.3911
2009-09-21,56.4,182.5243,144.5136,152.0277
2009-09-22,58.2,188.3495,146.0559,154.6086
2009-09-23,58.76,190.1618,146.5292,155.404
2009-09-24,58.5,189.3204,146.3098,155.0352
2009-09-25,59.34,192.0388,147.0164,156.2241
2009-09-28,61.14,197.8641,147.9813,157.8531
2009-09-29,60.92,197.1521,147.9813,157.8531
2009-09-30,60.5,195.7929,147.9813,157.8531
2009-10-01,59.64,193.0097,147.9813,157.8531
2009-10-02,60.44,195.5987,147.9813,157.8531
2009-10-05,61.2,198.0583,147.9813,157.8531
2009-10-06,62.06,200.8414,147.9813,157.8531
2009-10-07,62.56,202.4595,147.9813,157.8531
2009-10-08,63.68,206.0841,147.9813,157.8531
2009-10-09,63.24,204.6602,147.9813,157.8531
2009-10-13,63.36,205.0485,147.9813,157.8531
2009-10-14,62.9,203.5599,147.9813,157.8531
2009-10-15,61.3,198.3819,147.9813,157.8531
2009-10-16,61.7,199.6764,147.9813,157.8531
2009-10-19,63.7,206.1489,147.9813,157.8531
2009-10-20,61.22,198.123,147.9813,157.8531
2009-10-21,61.0,197.411,147.9813,157.8531
2009-10-22,60.16,194.6926,147.9813,157.8531
2009-10-23,59.8,193.5275,147.9813,157.8531
2009-10-26,59.96,194.0453,147.9813,157.8531
2009-10-27,57.0,184.466,143.1429,150.7344
2009-10-28,54.38,175.9871,141.0353,147.6624
2009-10-29,56.74,183.6246,142.6632,150.0337
2009-10-30,55.86,180.7767,141.0353,147.6624
2009-11-03,54.4,176.0518,141.0353,147.6624
2009-11-04,56.96,184.3366,146.2882,152.1372
2009-11-05,57.24,185.2427,146.8598,152.6223
2009-11-06,57.3,185.4369,146.9822,152.7261
2009-11-09,57.94,187.5081,148.2862,153.8314
2009-11-10,58.96,190.8091,149.8715,155.1727
2009-11-11,58.0,187.7023,148.4083,153.9348
2009-11-12,58.16,188.2201,148.7338,154.2104
2009-11-13,58.64,189.7735,149.7091,155.0354
2009-11-17,59.56,192.7508,149.8715,155.1727
2009-11-18,58.9,190.6149,149.8715,155.1727
2009-11-19,58.66,189.8382,149.7497,155.0697
2009-11-20,58.4,188.9968,149.2216,154.6232
2009-11-23,59.18,191.521,149.8715,155.1727
2009-11-24,59.16,191.4563,149.8715,155.1727
2009-11-25,59.42,192.2977,149.8715,155.1727
2009-11-27,58.88,190.5502,149.8715,155.1727
2009-11-30,58.72,190.0324,149.8715,155.1727
2009-12-01,59.86,193.7217,149.8715,155.1727
2009-12-02,59.42,192.2977,150.5093,155.9347
2009-12-03,59.94,193.9806,149.8715,155.1727
2009-12-04,59.22,191.6505,150.8017,156.2842
2009-12-07,60.14,194.6278,149.8715,155.1727
2009-12-09,60.24,194.9515,149.8715,155.1727
2009-12-10,60.38,195.4045,149.8715,155.1727
2009-12-11,60.38,195.4045,149.8715,155.1727
2009-12-14,60.38,195.4045,149.8715,155.1727
2009-12-15,59.94,193.9806,149.8715,155.1727
2009-12-16,60.54,195.9223,149.8715,155.1727
2009-12-17,60.58,196.0518,149.8715,155.1727
2009-12-18,60.5,195.7929,149.8715,155.1727
2009-12-21,59.86,193.7217,149.8715,155.1727
2009-12-22,58.22,188.4142,152.2874,158.0615
2009-12-23,59.5,192.5566,150.3928,155.7955
2009-12-24,58.7,189.9676,151.5693,157.2021
2009-12-28,59.2,191.5858,150.8311,156.3192
2009-12-29,56.52,182.9126,154.9076,161.2024
2009-12-30,55.76,180.4531,156.1196,162.658
2010-01-04,56.78,183.754,156.1196,162.658
2010-01-05,58.28,188.6084,155.4746,161.4836
2010-01-06,58.46,189.1909,155.3985,161.3453
2010-01-07,59.08,191.1974,155.3817,161.3146
2010-01-08,59.14,191.3916,155.3817,161.3146
2010-01-12,59.6,192.8803,155.3817,161.3146
2010-01-13,60.0,194.1748,155.3817,161.3146
2010-01-14,59.94,193.9806,155.3817,161.3146
2010-01-15,59.56,192.7508,155.3817,161.3146
2010-01-19,61.4,198.7055,155.3817,161.3146
2010-01-20,60.16,194.6926,155.3817,161.3146
2010-01-21,57.8,187.055,155.6789,161.8552
2010-01-22,57.7,186.7314,155.7217,161.9331
2010-01-25,57.86,187.2492,155.6533,161.8085
2010-01-26,57.36,185.6311,155.8679,162.1992
2010-01-27,59.34,192.0388,155.3817,161.3146
2010-01-28,57.86,187.2492,155.6533,161.8085
2010-01-29,58.5,189.3204,155.3817,161.3146
2010-02-01,59.6,192.8803,155.3817,161.3146
2010-02-02,60.9,197.0874,156.2299,162.5114
2010-02-03,59.68,193.1392,155.4343,161.3887
2010-02-04,58.78,190.2265,155.3817,161.3146
2010-02-05,55.5,179.6117,155.3817,161.3146
2010-02-08,55.64,180.0647,155.3817,161.3146
2010-02-09,57.3,185.4369,155.3817,161.3146
2010-02-10,58.0,187.7023,155.3817,161.3146
2010-02-11,59.32,191.9741,155.3817,161.3146
2010-02-12,60.64,196.246,156.0614,162.2734
2010-02-16,61.82,200.0647,156.8221,163.3482
2010-02-17,61.46,198.8997,156.5911,163.0218
2010-02-18,61.96,200.5178,156.9116,163.4749
2010-02-19,62.16,201.165,157.0392,163.6554
2010-02-22,62.02,200.712,156.9499,163.5291
2010-02-23,62.2,201.2945,157.0647,163.6915
2010-02-24,62.48,202.2006,157.2428,163.9436
2010-02-25,61.94,200.4531,156.8988,163.4568
2010-02-26,62.96,203.754,157.5467,164.3739
2010-03-01,63.3,204.8544,157.5467,164.3739
2010-03-02,64.16,207.6375,163.2181,169.4614
2010-03-03,64.1,207.4434,163.2181,169.4614
2010-03-04,63.28,204.7896,157.5467,164.3739
2010-03-05,65.5,211.9741,163.2181,169.4614
2010-03-08,65.68,212.5566,163.2181,169.4614
2010-03-09,65.44,211.7799,163.2181,169.4614
2010-03-10,65.16,210.8738,163.2181,169.4614
2010-03-11,65.6,212.2977,163.2181,169.4614
2010-03-12,64.84,209.8382,163.2181,169.4614
2010-03-15,64.0,207.1197,163.2181,169.4614
2010-03-16,65.12,210.7443,163.2181,169.4614
2010-03-17,65.32,211.3916,163.2181,169.4614
2010-03-18,65.58,212.233,163.2181,169.4614
2010-03-19,64.36,208.2848,163.2181,169.4614
2010-03-23,63.72,206.2136,160.933,167.4145
2010-03-24,63.16,204.4013,157.5467,164.3739
2010-03-25,63.98,207.055,163.0541,169.3146
2010-03-26,63.88,206.7314,162.236,168.5822
2010-03-29,63.74,206.2783,161.0955,167.5602
2010-03-30,64.34,208.2201,163.2181,169.4614
2010-03-31,64.0,207.1197,163.2181,169.4614
2010-04-05,65.26,211.1974,163.2181,169.4614
2010-04-06,66.16,214.11,166.9317,172.8462
2010-04-07,66.16,214.11,166.9317,172.8462
2010-04-08,65.74,212.7508,166.9317,172.8462
2010-04-09,66.02,213.6569,166.9317,172.8462
2010-04-12,66.0,213.5922,166.9317,172.8462
2010-04-13,64.88,209.9676,163.2181,169.4614
2010-04-14,65.98,213.5275,166.9317,172.8462
2010-04-15,65.7,212.6214,166.9317,172.8462
2010-04-16,64.8,209.7087,163.2181,169.4614
2010-04-19,64.26,207.9612,163.2181,169.4614
2010-04-20,64.6,209.0615,163.2181,169.4614
2010-04-21,64.5,208.7379,163.2181,169.4614
2010-04-22,65.18,210.9385,163.2181,169.4614
2010-04-23,66.2,214.2395,166.9317,172.8462
2010-04-26,66.74,215.9871,166.9317,172.8462
2010-04-27,65.0,210.356,163.2181,169.4614
2010-04-28,64.9,210.0324,163.2181,169.4614
2010-04-29,65.84,213.0744,166.9317,172.8462
2010-04-30,65.48,211.9094,166.9317,172.8462
2010-05-03,65.76,212.8155,166.9317,172.8462
2010-05-04,64.46,208.6084,164.8659,172.2467
2010-05-05,62.78,203.1715,162.1729,171.457
2010-05-06,60.3,195.1456,162.1729,171.457
2010-05-07,60.3,195.1456,162.1729,171.457
2010-05-10,63.18,204.466,162.8165,171.6466
2010-05-11,64.0,207.1197,164.1311,172.0322
2010-05-12,64.0,207.1197,164.1311,172.0322
2010-05-13,64.7,209.3851,165.2484,172.3581
2010-05-14,64.38,208.3495,164.7382,172.2095
2010-05-18,63.5,205.5016,163.3303,171.7976
2010-05-19,60.92,197.1521,162.1729,171.457
2010-05-20,60.58,196.0518,162.1729,171.457
2010-05-21,59.86,193.7217,162.1729,171.457
2010-05-24,62.0,200.6472,162.1729,171.457
2010-05-25,59.76,193.3981,162.1729,171.457
2010-05-26,61.34,198.5113,162.1729,171.457
2010-05-27,63.58,205.7605,163.4586,171.8352
2010-05-28,62.78,203.1715,162.1729,171.457
2010-06-01,63.66,206.0194,162.1729,171.457
2010-06-02,65.02,210.4207,162.9944,172.6522
2010-06-03,64.86,209.9029,162.8984,172.5125
2010-06-04,64.86,209.9029,162.8984,172.5125
2010-06-08,63.38,205.1133,162.1729,171.457
2010-06-09,64.9,210.0324,162.9224,172.5475
2010-06-10,65.9,213.2686,163.519,173.4167
2010-06-11,66.66,215.7282,163.9678,174.0714
2010-06-15,66.82,216.246,164.0501,174.1915
2010-06-16,67.66,218.9644,164.0501,174.1915
2010-06-17,68.5,221.6828,164.0501,174.1915
2010-06-18,68.4,221.3592,164.0501,174.1915
2010-06-21,69.24,224.0777,164.0501,174.1915
2010-06-22,67.94,219.8706,164.0501,174.1915
2010-06-23,69.24,224.0777,164.0501,174.1915
2010-06-24,67.92,219.8058,164.0501,174.1915
2010-06-25,68.8,222.6537,164.0501,174.1915
2010-06-28,68.04,220.1942,164.0501,174.1915
2010-06-29,66.88,216.4401,164.0501,174.1915
2010-06-30,66.8,216.1812,164.0501,174.1915
2010-07-01,66.94,216.6343,164.0501,174.1915
2010-07-02,67.7,219.0939,164.7311,175.3613
2010-07-06,68.38,221.2945,165.3364,176.4035
2010-07-07,68.6,222.0065,165.5314,176.7398
2010-07-08,69.94,226.343,166.7107,178.7786
2010-07-09,70.1,226.8608,166.8505,179.021
2010-07-12,70.78,229.0615,167.4427,180.0486
2010-07-13,71.2,230.4207,167.8066,180.6813
2010-07-14,72.12,233.3981,168.599,182.0618
2010-07-15,72.84,235.7282,169.2148,183.1373
2010-07-16,72.26,233.8511,168.7191,182.2713
2010-07-19,72.4,234.3042,168.839,182.4806
2010-07-21,73.5,237.8641,169.7758,184.1193
2010-07-22,74.68,241.6828,170.771,185.8662
2010-07-23,75.32,243.754,171.3066,186.809
2010-07-26,76.22,246.6667,172.0549,188.1292
2010-07-27,77.44,250.6149,172.1708,188.334
2010-07-28,76.92,248.932,172.1708,188.334
2010-07-29,75.54,244.466,171.49,187.1323
2010-07-30,76.36,247.1197,172.1708,188.334
2010-08-02,77.16,249.7087,172.1708,188.334
2010-08-03,78.06,252.6214,174.1112,190.6559
2010-08-04,78.9,255.3398,175.9216,192.8244
2010-08-05,78.24,253.2039,174.4992,191.1205
2010-08-06,78.02,252.4919,174.025,190.5527
2010-08-09,78.28,253.3333,174.5855,191.2237
2010-08-10,78.06,252.6214,174.1112,190.6559
2010-08-11,76.64,248.0259,172.1708,188.334
2010-08-12,75.76,245.178,172.1708,188.334
2010-08-13,76.08,246.2136,172.1708,188.334
2010-08-17,77.66,251.3269,173.2489,189.6238
2010-08-18,77.76,251.6505,173.4645,189.8818
2010-08-19,77.86,251.9741,173.6801,190.1398
2010-08-20,78.04,252.5566,174.0681,190.6043
2010-08-23,78.5,254.0453,175.0596,191.7916
2010-08-24,79.14,256.1165,176.4388,193.4442
2010-08-25,79.0,255.6634,176.1371,193.0826
2010-08-26,79.38,256.8932,176.9558,194.0641
2010-08-27,80.44,260.3236,179.239,196.8033
2010-08-30,80.12,259.288,178.5498,195.9762
2010-08-31,81.92,265.1133,182.4251,200.6313
2010-09-01,84.3,272.8155,182.4251,200.6313
2010-09-02,82.8,267.9612,182.4251,200.6313
2010-09-03,83.76,271.068,182.4251,200.6313
2010-09-07,84.06,272.0388,182.4251,200.6313
2010-09-08,85.82,277.7346,184.9593,206.1208
2010-09-09,85.58,276.9579,184.5599,205.2507
2010-09-10,85.0,275.0809,183.5934,203.1531
2010-09-13,85.18,275.6634,183.8935,203.8033
2010-09-14,85.12,275.4693,183.7935,203.5865
2010-09-15,83.9,271.521,182.4251,200.6313
2010-09-16,83.58,270.4854,182.4251,200.6313
2010-09-17,83.78,271.1327,182.4251,200.6313
2010-09-20,85.26,275.9223,184.0268,204.0925
2010-09-21,85.04,275.2104,183.6601,203.2976
2010-09-22,84.5,273.4628,182.7591,201.3507
2010-09-23,83.12,268.9968,182.4251,200.6313
2010-09-24,83.74,271.0032,182.4251,200.6313
2010-09-27,84.16,272.3625,182.4251,200.6313
2010-09-28,86.82,280.9709,186.621,209.7596
2010-09-29,88.04,284.9191,188.4107,213.7136
2010-09-30,87.9,284.466,188.4107,213.7136
2010-10-01,87.68,283.754,188.4107,213.7136
2010-10-04,87.56,283.3657,188.4107,213.7136
2010-10-05,89.5,289.644,192.4541,219.5553
2010-10-06,90.86,294.0453,195.4773,223.945
2010-10-07,90.02,291.3269,193.6098,221.2313
2010-10-08,91.18,295.0809,196.1889,224.9808
2010-10-11,91.86,297.2816,197.7012,227.1858
2010-10-12,92.76,300.1942,198.1016,227.7703
2010-10-13,93.44,302.3948,198.1016,227.7703
2010-10-14,91.86,297.2816,197.7012,227.1858
2010-10-15,91.4,295.7929,196.6781,225.6936
2010-10-19,91.14,294.9515,196.0999,224.8513
2010-10-20,92.22,298.4466,198.1016,227.7703
2010-10-21,92.78,300.2589,198.1016,227.7703
2010-10-22,93.16,301.4887,198.1016,227.7703
2010-10-25,92.12,298.123,198.1016,227.7703
2010-10-26,91.0,294.4984,195.7886,224.398
2010-10-27,90.28,292.1683,194.1878,222.0704
2010-10-28,90.82,293.9159,195.3884,223.8156
2010-10-29,92.04,297.8641,198.1016,227.7703
2010-11-02,93.06,301.165,198.1016,227.7703
2010-11-03,93.62,302.9773,198.1016,227.7703
2010-11-04,95.38,308.6731,198.1016,227.7703
2010-11-05,95.38,308.6731,198.1016,227.7703
2010-11-08,94.7,306.4725,198.1016,227.7703
2010-11-09,93.18,301.5534,198.1016,227.7703
2010-11-10,91.88,297.3463,197.0535,225.6624
2010-11-11,88.92,287.767,194.3891,220.3419
2010-11-12,85.92,278.0583,191.6352,214.9002
2010-11-16,81.9,265.0485,188.008,207.822
2010-11-17,84.46,273.3333,190.2747,212.2333
2010-11-18,86.02,278.3819,191.7279,215.0824
2010-11-19,84.1,272.1683,189.9371,211.5738
2010-11-22,84.26,272.6861,190.0873,211.867
2010-11-23,82.26,266.2136,188.1984,208.191
2010-11-24,83.8,271.1974,189.6552,211.0237
2010-11-26,81.78,264.6602,188.008,207.822
2010-11-29,81.62,264.1424,188.008,207.822
2010-11-30,82.06,265.5663,188.008,207.822
2010-12-01,83.78,271.1327,188.008,207.822
2010-12-02,85.34,276.1812,194.1058,212.172
2010-12-03,85.92,278.0583,194.1058,212.172
2010-12-06,86.5,279.9353,194.1058,212.172
2010-12-07,85.66,277.2168,194.1058,212.172
2010-12-09,84.84,274.5631,194.1058,212.172
2010-12-10,86.84,281.0356,194.1058,212.172
2010-12-13,85.88,277.9288,194.1058,212.172
2010-12-14,85.76,277.5405,194.1058,212.172
2010-12-15,84.32,272.8803,194.1058,212.172
2010-12-16,84.3,272.8155,194.1058,212.172
2010-12-17,83.92,271.5858,190.1234,209.3367
2010-12-20,83.22,269.3204,188.008,207.822
2010-12-21,83.62,270.6149,188.008,207.822
2010-12-22,85.04,275.2104,194.1058,212.172
2010-12-23,84.82,274.4984,194.1058,212.172
2010-12-27,84.42,273.2039,194.1058,212.172
2010-12-28,82.04,265.5016,188.008,207.822
2010-12-29,83.42,269.9676,188.008,207.822
2010-12-30,84.18,272.4272,194.1058,212.172
2011-01-03,83.96,271.7152,194.1058,212.172
2011-01-04,83.8,271.1974,192.8416,204.2637
2011-01-05,84.44,273.2686,194.1058,212.172
2011-01-06,83.64,270.6796,192.2117,200.4154
2011-01-07,82.56,267.1845,192.2117,200.4154
2011-01-11,83.54,270.356,192.2117,200.4154
2011-01-12,84.72,274.1748,194.1058,212.172
2011-01-13,85.14,275.534,194.1058,212.172
2011-01-14,84.9,274.7573,194.1058,212.172
2011-01-18,84.9,274.7573,194.1058,212.172
2011-01-19,83.98,271.7799,194.1058,212.172
2011-01-20,83.56,270.4207,192.2117,200.4154
2011-01-21,84.52,273.5275,194.1058,212.172
2011-01-24,84.62,273.8511,194.1058,212.172
2011-01-25,83.98,271.7799,194.1058,212.172
2011-01-26,84.0,271.8447,194.1058,212.172
2011-01-27,84.04,271.9741,194.1058,212.172
2011-01-28,83.08,268.8673,192.2117,200.4154
2011-01-31,83.72,270.9385,192.2117,200.4154
2011-02-01,83.86,271.3916,192.2117,200.4154
2011-02-02,82.96,268.479,192.198,199.4946
2011-02-03,81.78,264.6602,192.1799,198.2786
2011-02-04,80.26,259.7411,192.1693,197.5733
2011-02-07,79.36,256.8285,192.1693,197.5733
2011-02-08,79.04,255.7929,192.1693,197.5733
2011-02-09,80.22,259.6117,192.1693,197.5733
2011-02-10,78.32,253.4628,192.1693,197.5733
2011-02-11,79.0,255.6634,192.1693,197.5733
2011-02-14,78.5,254.0453,192.1693,197.5733
2011-02-15,78.5,254.0453,192.1693,197.5733
2011-02-16,78.0,252.4272,192.1693,197.5733
2011-02-17,78.5,254.0453,192.1693,197.5733
2011-02-18,77.3,250.1618,192.1693,197.5733
2011-02-22,77.08,249.4498,192.1693,197.5733
2011-02-23,79.18,256.246,192.1693,197.5733
2011-02-24,79.44,257.0874,192.1693,197.5733
2011-02-25,80.0,258.8997,192.1693,197.5733
2011-02-28,81.1,262.4595,192.1693,197.5733
2011-03-01,81.68,264.3366,192.1693,197.5733
2011-03-02,81.52,263.8188,193.2385,198.6038
2011-03-03,83.04,268.7379,192.1693,197.5733
2011-03-04,83.7,270.8738,192.1693,197.5733
2011-03-07,83.52,270.2913,192.1693,197.5733
2011-03-08,82.7,267.6375,192.1693,197.5733
2011-03-09,83.04,268.7379,192.1693,197.5733
2011-03-10,81.28,263.0421,194.8574,200.1636
2011-03-11,79.88,258.5113,196.7695,202.0047
2011-03-14,78.7,254.6926,196.7695,202.0047
2011-03-15,76.48,247.5081,196.7695,202.0047
2011-03-16,75.8,245.3074,196.7695,202.0047
2011-03-17,80.18,259.4822,196.7695,202.0047
2011-03-18,81.44,263.5599,193.7761,199.1219
2011-03-22,81.7,264.4013,192.1693,197.5733
2011-03-23,81.84,264.8544,192.1693,197.5733
2011-03-24,81.98,265.3074,192.1693,197.5733
2011-03-25,81.26,262.9773,194.9932,200.2943
2011-03-28,80.5,260.5178,196.7695,202.0047
2011-03-29,79.52,257.3463,196.7695,202.0047
2011-03-30,80.1,259.2233,196.7695,202.0047
2011-03-31,81.0,262.1359,196.7695,202.0047
2011-04-01,81.66,264.2718,196.7695,202.0047
2011-04-04,81.62,264.1424,196.7695,202.0047
2011-04-05,82.84,268.0906,196.1681,201.1285
2011-04-06,83.36,269.7735,195.9064,200.7476
2011-04-07,82.6,267.3139,196.2896,201.3054
2011-04-08,83.64,270.6796,195.7663,200.5437
2011-04-11,82.44,266.7961,196.3708,201.4237
2011-04-12,81.28,263.0421,196.7695,202.0047
2011-04-13,81.92,265.1133,196.6361,201.8102
2011-04-14,82.4,266.6667,196.3911,201.4533
2011-04-15,81.96,265.2427,196.6156,201.7804
2011-04-18,81.44,263.5599,196.7695,202.0047
2011-04-19,82.08,265.6311,196.5542,201.6909
2011-04-20,84.16,272.3625,195.5076,200.1675
2011-04-25,84.48,273.3981,195.3494,199.9375
2011-04-26,84.28,272.7508,195.4482,200.0811
2011-04-27,84.84,274.5631,195.1723,199.6801
2011-04-28,85.28,275.9871,194.9765,199.3957
2011-04-29,85.24,275.8576,194.9765,199.3957
2011-05-02,84.8,274.4337,194.9765,199.3957
2011-05-03,83.84,271.3269,194.9765,199.3957
2011-05-04,83.88,271.4563,194.9765,199.3957
2011-05-05,83.16,269.1262,194.9765,199.3957
2011-05-06,83.16,269.1262,194.9765,199.3957
2011-05-09,83.2,269.2557,194.9765,199.3957
2011-05-10,84.2,272.4919,194.9765,199.3957
2011-05-11,83.08,268.8673,194.9765,199.3957
2011-05-12,84.0,271.8447,194.9765,199.3957
2011-05-13,83.64,270.6796,194.9765,199.3957
2011-05-16,82.52,267.055,194.9765,199.3957
2011-05-17,82.72,267.7023,194.9765,199.3957
2011-05-18,82.88,268.2201,194.9765,199.3957
2011-05-19,82.8,267.9612,194.9765,199.3957
2011-05-20,82.84,268.0906,194.9765,199.3957
2011-05-23,82.0,265.3722,194.9765,199.3957
2011-05-24,82.48,266.9256,194.9765,199.3957
2011-05-25,82.68,267.5728,194.9765,199.3957
2011-05-26,83.52,270.2913,194.9765,199.3957
2011-05-27,84.68,274.0453,194.9765,199.3957
2011-05-31,86.6,280.2589,204.8342,211.8212
2011-06-01,86.72,280.6472,204.8342,211.8212
2011-06-02,86.72,280.6472,204.8342,211.8212
2011-06-03,86.92,281.2945,204.8342,211.8212
2011-06-07,87.0,281.5534,204.8342,211.8212
2011-06-08,86.68,280.5178,204.7751,211.6752
2011-06-09,87.0,281.5534,204.8342,211.8212
2011-06-10,86.8,280.9061,204.8342,211.8212
2011-06-13,85.92,278.0583,203.6509,208.9066
2011-06-14,86.36,279.4822,204.3022,210.508
2011-06-15,84.44,273.2686,201.6298,203.9825
2011-06-16,83.6,270.5502,201.6298,203.9825
2011-06-17,83.8,271.1974,201.6298,203.9825
2011-06-20,83.68,270.8091,201.6298,203.9825
2011-06-21,84.48,273.3981,201.6298,203.9825
2011-06-22,85.08,275.3398,202.404,205.8607
2011-06-23,84.24,272.6214,201.6298,203.9825
2011-06-24,83.88,271.4563,201.6298,203.9825
2011-06-28,84.72,274.1748,201.8682,204.5598
2011-06-29,85.24,275.8576,202.6419,206.4397
2011-06-30,84.56,273.657,201.6298,203.9825
2011-07-01,85.0,275.0809,201.6298,203.9825
2011-07-05,85.28,275.9871,201.6298,203.9825
2011-07-06,84.0,271.8447,199.5564,201.5038
2011-07-07,84.2,272.4919,199.9713,201.9995
2011-07-08,83.84,271.3269,199.2244,201.1073
2011-07-11,80.8,261.4887,194.9007,195.9551
2011-07-12,80.0,258.8997,194.9007,195.9551
2011-07-13,80.16,259.4175,194.9007,195.9551
2011-07-14,80.2,259.5469,194.9007,195.9551
2011-07-15,79.64,257.7346,194.9007,195.9551
2011-07-18,79.08,255.9223,194.9007,195.9551
2011-07-19,81.28,263.0421,194.9007,195.9551
2011-07-21,82.04,265.5016,195.4835,196.6484
2011-07-22,82.08,265.6311,195.5668,196.7475
2011-07-25,82.04,265.5016,195.4835,196.6484
2011-07-26,82.6,267.3139,196.6484,198.0353
2011-07-27,81.72,264.466,194.9007,195.9551
2011-07-28,82.4,266.6667,196.2325,197.5399
2011-07-29,81.76,264.5955,194.9007,195.9551
2011-08-01,82.44,266.7961,194.9007,195.9551
2011-08-02,81.6,264.0777,190.9359,196.526
2011-08-03,82.04,265.5016,193.0076,196.226
2011-08-04,78.68,254.6278,189.998,196.6631
2011-08-05,77.4,250.4854,189.998,196.6631
2011-08-08,73.16,236.7638,189.998,196.6631
2011-08-09,76.12,246.343,189.998,196.6631
2011-08-10,76.2,246.6019,189.998,196.6631
2011-08-11,78.6,254.3689,189.998,196.6631
2011-08-12,79.84,258.3819,189.998,196.6631
2011-08-16,80.36,260.0647,189.998,196.6631
2011-08-17,82.08,265.6311,193.1965,196.1989
2011-08-18,78.8,255.0162,189.998,196.6631
2011-08-19,77.32,250.2265,189.998,196.6631
2011-08-22,78.16,252.945,189.998,196.6631
2011-08-23,79.16,256.1812,189.998,196.6631
2011-08-24,79.0,255.6634,189.998,196.6631
2011-08-25,78.36,253.5922,189.998,196.6631
2011-08-26,78.8,255.0162,189.998,196.6631
2011-08-29,79.96,258.7702,189.998,196.6631
2011-08-30,80.52,260.5825,189.998,196.6631
2011-08-31,81.4,263.4304,189.998,196.6631
2011-09-01,81.24,262.9126,189.998,196.6631
2011-09-02,80.4,260.1942,189.6082,196.1356
2011-09-06,79.32,256.699,189.1023,195.4513
2011-09-07,80.28,259.8058,189.5523,196.0599
2011-09-08,80.52,260.5825,189.6641,196.2112
2011-09-09,79.32,256.699,189.1023,195.4513
2011-09-12,77.88,252.0388,188.419,194.5281
2011-09-13,79.72,257.9935,189.2903,195.7055
2011-09-14,79.0,255.6634,188.9513,195.2472
2011-09-15,80.08,259.1586,189.4589,195.9335
2011-09-16,81.16,262.6537,189.961,196.613
2011-09-19,79.2,256.3107,189.0457,195.3748
2011-09-20,78.88,255.2751,188.8946,195.1705
2011-09-21,78.04,252.5566,188.4954,194.6313
2011-09-22,73.88,239.0939,186.4663,191.8955
2011-09-23,73.44,237.6699,186.2464,191.5995
2011-09-26,72.96,236.1165,186.0053,191.2751
2011-09-27,74.16,240.0,186.6057,192.0831
2011-09-28,72.36,234.1748,185.702,190.8673
2011-09-29,73.68,238.4466,186.3665,191.7611
2011-09-30,71.76,232.233,185.3968,190.4571
2011-10-03,69.76,225.7605,185.3968,190.4571
2011-10-04,69.44,224.7249,185.3968,190.4571
2011-10-05,71.44,231.1974,185.9469,191.4229
2011-10-06,72.24,233.7864,186.2048,191.8766
2011-10-07,72.64,235.0809,186.3329,192.102
2011-10-10,74.0,239.4822,186.7637,192.8609
2011-10-11,72.56,234.822,186.3073,192.057
2011-10-12,75.04,242.8479,187.0885,193.4339
2011-10-13,74.72,241.8123,186.989,193.2583
2011-10-14,76.2,246.6019,187.4461,194.0657
2011-10-18,75.76,245.178,187.311,193.827
2011-10-19,75.48,244.2718,187.2247,193.6745
2011-10-20,75.12,243.1068,187.1133,193.4778
2011-10-21,76.8,248.5437,187.6292,194.3895
2011-10-24,77.6,251.1327,187.799,194.69
2011-10-25,76.52,247.6375,187.5439,194.2387
2011-10-26,76.28,246.8608,187.4706,194.109
2011-10-27,79.04,255.7929,187.799,194.69
2011-10-28,78.2,253.0744,187.799,194.69
2011-10-31,77.36,250.356,187.799,194.69
2011-11-01,75.04,242.8479,187.799,194.69
2011-11-02,74.32,240.5178,185.7764,192.1567
2011-11-03,75.04,242.8479,187.799,194.69
2011-11-04,74.44,240.9061,186.1134,192.5783
2011-11-08,74.04,239.6117,184.9905,191.1739
2011-11-09,72.0,233.0097,179.2758,184.0538
2011-11-10,72.8,235.5987,181.5145,186.8375
2011-11-11,73.08,236.5049,182.2988,187.8144
2011-11-15,72.44,234.4337,180.5067,185.5834
2011-11-16,72.84,235.7282,181.6265,186.9769
2011-11-17,72.6,234.9515,180.9545,186.1405
2011-11-18,72.48,234.5631,180.6186,185.7227
2011-11-21,70.8,229.1262,178.8284,183.4984
2011-11-22,70.68,228.7379,178.8284,183.4984
2011-11-23,68.52,221.7476,178.8284,183.4984
2011-11-25,67.44,218.2524,178.8284,183.4984
2011-11-28,68.8,222.6537,178.8284,183.4984
2011-11-29,68.8,222.6537,178.8284,183.4984
2011-11-30,71.84,232.4919,178.8284,183.4984
2011-12-01,71.36,230.9385,178.8284,183.4984
2011-12-02,72.16,233.5275,178.8284,183.4984
2011-12-05,72.08,233.2686,178.8284,183.4984
2011-12-06,70.68,228.7379,178.9308,188.1541
2011-12-07,71.44,231.1974,178.8284,183.4984
2011-12-09,71.88,232.6214,178.8284,183.4984
2011-12-12,71.48,231.3269,178.8284,183.4984
2011-12-13,71.28,230.6796,178.8539,184.6495
2011-12-14,69.96,226.4078,178.9308,188.1541
2011-12-15,70.68,228.7379,178.9308,188.1541
2011-12-16,71.4,231.068,178.8284,183.4984
2011-12-19,70.36,227.7023,178.9308,188.1541
2011-12-20,72.32,234.0453,178.8284,183.4984
2011-12-21,72.92,235.9871,178.8284,183.4984
2011-12-22,73.32,237.2816,178.8284,183.4984
2011-12-23,73.92,239.2233,178.8284,183.4984
2011-12-27,72.32,234.0453,178.8284,183.4984
2011-12-28,71.2,230.4207,178.8795,185.8091
2011-12-29,71.04,229.9029,178.9308,188.1541
2012-01-03,72.56,234.822,178.9308,188.1541
2012-01-04,73.84,238.9644,179.8494,188.5175
2012-01-05,74.28,240.3883,180.1626,188.6412
2012-01-06,73.76,238.7055,179.7923,188.495
2012-01-10,75.6,244.6602,181.0943,189.0082
2012-01-11,76.16,246.4725,181.4861,189.1622
2012-01-12,75.76,245.178,181.2064,189.0523
2012-01-13,75.56,244.5307,181.0662,188.9972
2012-01-17,75.84,245.4369,181.2624,189.0743
2012-01-18,77.56,251.0032,182.4567,189.5428
2012-01-19,77.16,249.7087,182.1807,189.4347
2012-01-20,76.84,248.6731,181.9591,189.3478
2012-01-23,77.48,250.7443,182.4016,189.5212
2012-01-24,77.32,250.2265,182.2912,189.478
2012-01-25,77.76,251.6505,182.5944,189.5967
2012-01-26,77.64,251.2621,182.5118,189.5644
2012-01-27,77.84,251.9094,182.6494,189.6182
2012-01-30,78.04,252.5566,182.7867,189.6719
2012-01-31,79.72,257.9935,183.9303,190.1182
2012-02-01,79.92,258.6408,183.9303,190.1182
2012-02-02,80.64,260.9709,184.9676,191.1478
2012-02-03,81.32,263.1715,185.9441,192.1169
2012-02-06,81.04,262.2654,185.5424,191.7182
2012-02-07,81.4,263.4304,186.0588,192.2307
2012-02-08,81.72,264.466,186.5171,192.6854
2012-02-09,82.16,265.89,187.1462,193.3095
2012-02-10,81.6,264.0777,186.3453,192.515
2012-02-13,82.44,266.7961,187.5459,193.706
2012-02-14,82.0,265.3722,186.9176,193.0827
2012-02-15,82.0,265.3722,186.9176,193.0827
2012-02-16,84.12,272.233,189.9334,196.0737
2012-02-17,84.72,274.1748,190.7817,196.9147
2012-02-21,84.4,273.1392,190.3296,196.4664
2012-02-22,83.84,271.3269,189.5367,195.6804
2012-02-23,85.24,275.8576,191.5152,197.6417
2012-02-24,85.44,276.5049,191.6279,197.7533
2012-02-27,84.76,274.3042,190.8382,196.9707
2012-02-28,84.44,273.2686,190.3861,196.5225
2012-02-29,85.32,276.1165,191.6279,197.7533
2012-03-01,86.52,280.0,191.6279,197.7533
2012-03-02,86.28,279.2233,191.6282,197.9531
2012-03-05,86.04,278.4466,191.6286,198.1536
2012-03-06,83.88,271.4563,191.6305,199.2017
2012-03-07,84.72,274.1748,191.6305,199.2017
2012-03-08,85.72,277.411,191.6291,198.4221
2012-03-09,85.96,278.1877,191.6287,198.2206
2012-03-12,85.48,276.6343,191.6294,198.6243
2012-03-13,87.36,282.7184,191.6279,197.7533
2012-03-14,86.8,280.9061,191.6279,197.7533
2012-03-15,87.4,282.8479,191.6279,197.7533
2012-03-16,86.64,280.3883,191.6279,197.7533
2012-03-20,85.92,278.0583,191.6288,198.2541
2012-03-21,85.76,277.5405,191.629,198.3884
2012-03-22,85.48,276.6343,191.6294,198.6243
2012-03-23,86.56,280.1294,191.6279,197.7533
2012-03-26,87.12,281.9417,191.6279,197.7533
2012-03-27,86.64,280.3883,191.6279,197.7533
2012-03-28,86.04,278.4466,191.6286,198.1536
2012-03-29,85.8,277.6699,191.629,198.3548
2012-03-30,84.8,274.4337,191.6305,199.2017
2012-04-02,85.28,275.9871,191.6305,199.2017
2012-04-03,85.6,277.0227,191.9652,199.3712
2012-04-04,85.16,275.5987,191.6305,199.2017
2012-04-09,85.04,275.2104,191.6305,199.2017
2012-04-10,84.76,274.3042,191.6305,199.2017
2012-04-11,85.72,277.411,192.0906,199.4346
2012-04-12,86.24,279.0939,192.6328,199.7087
2012-04-13,85.76,277.5405,192.1324,199.4557
2012-04-16,86.72,280.6472,193.1317,199.9606
2012-04-17,87.24,282.3301,193.6705,200.2322
2012-04-18,86.92,281.2945,193.3391,200.0652
2012-04-19,87.04,281.6829,193.4634,200.1279
2012-04-20,87.8,284.1424,194.2488,200.5234
2012-04-23,87.56,283.3657,194.0012,200.3988
2012-04-24,87.16,282.0712,193.5877,200.1905
2012-04-25,88.2,285.4369,194.6607,200.7305
2012-04-26,88.76,287.2492,195.2357,201.0192
2012-04-27,89.48,289.5793,195.9721,201.3883
2012-04-30,90.28,292.1683,196.7867,201.7958
2012-05-02,92.24,298.5113,196.7867,201.7958
2012-05-03,91.68,296.699,196.5923,201.443
2012-05-04,91.12,294.8867,196.397,201.0887
2012-05-07,91.28,295.4045,196.4529,201.1901
2012-05-08,90.4,292.5566,196.1443,200.631
2012-05-09,89.68,290.2265,195.89,200.1706
2012-05-10,90.12,291.6505,196.0456,200.4522
2012-05-11,89.56,289.8382,195.8475,200.0936
2012-05-14,87.28,282.4595,195.0297,198.6166
2012-05-15,86.4,279.6117,194.7093,198.0392
2012-05-16,86.12,278.7055,194.6068,197.8546
2012-05-17,83.76,271.068,193.7313,196.2814
2012-05-18,83.4,269.9029,193.596,196.0387
2012-05-22,84.0,271.8447,193.8213,196.4428
2012-05-23,83.76,271.068,193.7313,196.2814
2012-05-24,83.36,269.7735,193.5809,196.0117
2012-05-25,83.4,269.9029,193.596,196.0387
2012-05-29,83.68,270.8091,193.7013,196.2276
2012-05-30,82.2,266.0194,193.4904,195.8494
2012-05-31,83.12,268.9968,193.4904,195.8494
2012-06-01,80.8,261.4887,193.4904,195.8494
2012-06-04,80.32,259.9353,186.2102,190.6168
2012-06-05,81.24,262.9126,193.4904,195.8494
2012-06-06,82.48,266.9256,193.4904,195.8494
2012-06-07,83.2,269.2557,193.4904,195.8494
2012-06-08,82.8,267.9612,193.4904,195.8494
2012-06-12,82.12,265.7605,193.4904,195.8494
2012-06-13,81.36,263.301,193.4904,195.8494
2012-06-14,81.72,264.466,193.4904,195.8494
2012-06-15,82.64,267.4434,193.4904,195.8494
2012-06-19,82.52,267.055,193.4904,195.8494
2012-06-20,82.68,267.5728,193.4904,195.8494
2012-06-21,80.8,261.4887,193.4904,195.8494
2012-06-22,79.8,258.2524,186.2102,190.6168
2012-06-25,77.76,251.6505,186.2102,190.6168
2012-06-26,77.96,252.2977,186.2102,190.6168
2012-06-27,79.48,257.2168,186.2102,190.6168
2012-06-28,78.2,253.0744,186.2102,190.6168
2012-06-29,80.56,260.712,186.2102,190.6168
2012-07-03,82.44,266.7961,186.2102,190.6168
2012-07-05,82.4,266.6667,186.2102,190.6168
2012-07-06,81.6,264.0777,186.2102,190.6168
2012-07-09,81.84,264.8544,186.2102,190.6168
2012-07-10,80.96,262.0065,186.2102,190.6168
2012-07-11,81.44,263.5599,186.2102,190.6168
2012-07-12,80.84,261.6181,186.2102,190.6168
2012-07-13,82.04,265.5016,186.2102,190.6168
2012-07-16,81.72,264.466,186.2102,190.6168
2012-07-17,82.12,265.7605,186.2102,190.6168
2012-07-18,82.64,267.4434,190.2382,194.1966
2012-07-19,82.84,268.0906,190.2382,194.1966
2012-07-23,81.56,263.9482,186.2102,190.6168
2012-07-24,81.2,262.7832,186.2102,190.6168
2012-07-25,80.64,260.9709,186.2102,190.6168
2012-07-26,81.84,264.8544,186.2102,190.6168
2012-07-27,83.48,270.1618,190.2382,194.1966
2012-07-30,83.12,268.9968,190.2382,194.1966
2012-07-31,82.6,267.3139,190.2382,194.1966
2012-08-01,82.24,266.1489,190.2382,194.1966
2012-08-02,81.6,264.0777,189.9042,192.5975
2012-08-03,82.04,265.5016,190.134,193.6968
2012-08-06,81.44,263.5599,189.8204,192.1979
2012-08-08,80.8,261.4887,189.5682,190.9992
2012-08-09,81.24,262.9126,189.7155,191.6984
2012-08-10,81.84,264.8544,190.0297,193.1971
2012-08-13,81.8,264.7249,190.0088,193.0971
2012-08-14,81.2,262.7832,189.6945,191.5985
2012-08-15,81.2,262.7832,189.6945,191.5985
2012-08-16,81.8,264.7249,190.0088,193.0971
2012-08-17,81.84,264.8544,190.0297,193.1971
2012-08-21,82.16,265.89,190.1965,193.9967
2012-08-22,82.08,265.6311,190.1549,193.7968
2012-08-23,81.68,264.3366,189.9461,192.7974
2012-08-24,81.76,264.5955,189.9879,192.9972
2012-08-27,81.52,263.8188,189.8623,192.3977
2012-08-28,81.24,262.9126,189.7155,191.6984
2012-08-29,81.24,262.9126,189.7155,191.6984
2012-08-30,80.8,261.4887,189.5682,190.9992
2012-08-31,80.96,262.0065,189.5682,190.9992
2012-09-04,80.48,260.4531,189.5682,190.9992
2012-09-05,81.12,262.5243,190.0468,191.2664
2012-09-06,84.08,272.1036,192.2274,192.4803
2012-09-07,84.88,274.6926,192.8077,192.8024
2012-09-10,83.92,271.5858,192.1109,192.4156
2012-09-11,83.96,271.7152,192.14,192.4318
2012-09-12,83.88,271.4563,192.0817,192.3994
2012-09-13,85.4,276.3754,192.8077,192.8024
2012-09-14,85.72,277.411,192.8077,192.8024
2012-09-17,84.2,272.4919,192.3147,192.5288
2012-09-18,84.76,274.3042,192.7209,192.7542
2012-09-19,85.28,275.9871,192.8077,192.8024
2012-09-20,85.52,276.7638,192.8077,192.8024
2012-09-21,85.64,277.1521,192.8077,192.8024
2012-09-24,85.16,275.5987,192.8077,192.8024
2012-09-25,84.04,271.9741,192.1983,192.4642
2012-09-26,83.68,270.8091,191.9358,192.3184
2012-09-27,84.6,273.7864,192.6051,192.6899
2012-09-28,84.88,274.6926,192.8077,192.8024
2012-10-01,84.48,273.3981,192.8077,192.8024
2012-10-02,84.8,274.4337,193.9098,194.0268
2012-10-03,84.56,273.657,193.0831,193.1082
2012-10-04,84.96,274.9515,194.4616,194.6402
2012-10-05,84.6,273.7864,193.2208,193.2612
2012-10-08,84.32,272.8803,192.8077,192.8024
2012-10-09,84.08,272.1036,192.8077,192.8024
2012-10-10,84.12,272.233,192.8077,192.8024
2012-10-11,84.2,272.4919,192.8077,192.8024
2012-10-12,84.76,274.3042,193.7719,193.8736
2012-10-16,86.44,279.7411,199.5909,200.3511
2012-10-17,87.2,282.2006,202.2422,203.3096
2012-10-18,88.04,284.9191,205.1864,206.5997
2012-10-19,88.16,285.3074,205.6081,207.0714
2012-10-22,88.32,285.8252,206.1709,207.7011
2012-10-23,88.12,285.178,205.4675,206.9141
2012-10-24,87.96,284.6602,204.9054,206.2854
2012-10-25,89.24,288.8026,206.4525,208.0162
2012-10-26,88.92,287.767,206.4525,208.0162
2012-10-31,88.4,286.0841,206.4525,208.0162
2012-11-01,86.68,280.5178,206.4525,208.0162
2012-11-02,85.36,276.246,199.5134,203.257
2012-11-06,85.56,276.8932,200.5563,203.9757
2012-11-07,83.84,271.3269,195.5773,200.5337
2012-11-08,84.92,274.822,197.2293,201.6789
2012-11-09,85.08,275.3398,198.0582,202.2523
2012-11-13,84.44,273.2686,195.5773,200.5337
2012-11-14,83.84,271.3269,195.5773,200.5337
2012-11-15,83.52,270.2913,195.5773,200.5337
2012-11-16,83.24,269.3851,195.5773,200.5337
2012-11-19,84.28,272.7508,195.5773,200.5337
2012-11-20,84.72,274.1748,196.1959,200.9629
2012-11-21,84.24,272.6214,195.5773,200.5337
2012-11-23,84.32,272.8803,195.5773,200.5337
2012-11-26,83.72,270.9385,195.5773,200.5337
2012-11-27,83.24,269.3851,195.5773,200.5337
2012-11-28,83.88,271.4563,195.5773,200.5337
2012-11-29,84.6,273.7864,195.5773,200.5337
2012-11-30,84.6,273.7864,195.5773,200.5337
2012-12-03,84.84,274.5631,195.5773,200.5337
2012-12-04,85.6,277.0227,197.0492,202.5082
2012-12-05,86.28,279.2233,198.3644,204.2763
2012-12-06,87.68,283.754,201.067,207.9208
2012-12-07,87.56,283.3657,200.8356,207.6082
2012-12-10,88.24,285.5663,202.1461,209.3803
2012-12-11,88.24,285.5663,202.1461,209.3803
2012-12-12,89.04,288.1553,202.1461,209.3803
2012-12-13,88.6,286.7314,202.1461,209.3803
2012-12-14,88.04,284.9191,201.7609,208.8589
2012-12-17,88.0,284.7896,201.6838,208.7547
2012-12-18,88.52,286.4725,202.1461,209.3803
2012-12-19,88.6,286.7314,202.1461,209.3803
2012-12-20,88.8,287.3786,202.1461,209.3803
2012-12-21,89.36,289.1909,202.1461,209.3803
2012-12-24,89.08,288.2848,202.1461,209.3803
2012-12-26,88.96,287.8964,202.1461,209.3803
2012-12-27,87.8,284.1424,201.2983,208.2335
2012-12-28,88.24,285.5663,202.1461,209.3803
2013-01-02,89.36,289.1909,202.1461,209.3803
2013-01-03,90.0,291.2621,200.6414,215.637
2013-01-04,89.48,289.5793,201.3918,212.4877
2013-01-08,89.16,288.5437,202.1461,209.3803
2013-01-09,89.56,289.8382,200.8911,214.5825
2013-01-10,89.84,290.7443,200.6414,215.637
2013-01-11,89.6,289.9676,200.6414,215.637
2013-01-14,89.52,289.7087,201.1412,213.5328
2013-01-15,88.96,287.8964,202.1461,209.3803
2013-01-16,88.72,287.1197,202.1461,209.3803
2013-01-17,89.0,288.0259,202.1461,209.3803
2013-01-18,89.36,289.1909,202.1461,209.3803
2013-01-22,89.2,288.6731,202.1461,209.3803
2013-01-23,89.52,289.7087,201.1412,213.5328
2013-01-24,89.76,290.4854,200.6414,215.637
2013-01-25,90.12,291.6505,200.6414,215.637
2013-01-28,89.64,290.0971,200.6414,215.637
2013-01-29,89.84,290.7443,200.6414,215.637
2013-01-30,90.08,291.521,200.6414,215.637
2013-01-31,89.6,289.9676,200.6414,215.637
2013-02-01,90.36,292.4272,200.6414,215.637
2013-02-04,89.92,291.0032,200.9269,215.3019
2013-02-05,90.12,291.6505,200.7969,215.4543
2013-02-06,89.4,289.3204,201.2668,214.9044
2013-02-07,88.84,287.5081,201.6357,214.4746
2013-02-08,89.48,289.5793,201.2143,214.9657
2013-02-11,88.84,287.5081,201.6357,214.4746
2013-02-12,89.28,288.932,201.3456,214.8125
2013-02-13,90.16,291.7799,200.7709,215.4848
2013-02-14,89.88,290.8738,200.953,215.2714
2013-02-15,89.16,288.5437,201.4245,214.7204
2013-02-19,88.52,286.4725,201.8478,214.2282
2013-02-20,87.92,284.5307,202.2482,213.7645
2013-02-21,87.64,283.6246,202.4363,213.5473
2013-02-22,88.2,285.4369,202.0609,213.9811
2013-02-25,87.16,282.0712,202.7063,213.2363
2013-02-26,87.0,281.5534,202.7063,213.2363
2013-02-27,87.6,283.4951,202.4632,213.5163
2013-02-28,87.24,282.3301,202.7063,213.2363
2013-03-01,87.08,281.8123,202.7063,213.2363
2013-03-04,86.84,281.0356,202.302,212.7462
2013-03-05,86.32,279.3528,201.4248,211.6836
2013-03-06,86.16,278.835,201.1546,211.3564
2013-03-07,85.68,277.2816,200.3432,210.3743
2013-03-08,85.84,277.7994,200.6138,210.7017
2013-03-11,86.08,278.5761,201.0194,211.1928
2013-03-12,85.96,278.1877,200.8166,210.9473
2013-03-13,85.64,277.1521,200.2755,210.2924
2013-03-14,85.72,277.411,200.4108,210.4561
2013-03-15,85.24,275.8576,199.5982,209.4731
2013-03-18,84.64,273.9159,198.5807,208.2431
2013-03-19,83.64,270.6796,196.8805,206.1898
2013-03-20,83.08,268.8673,196.5397,205.7787
2013-03-21,83.0,268.6084,196.5397,205.7787
2013-03-22,83.04,268.7379,196.5397,205.7787
2013-03-26,83.16,269.1262,196.5397,205.7787
2013-03-27,83.44,270.0324,196.5397,205.7787
2013-04-01,83.56,270.4207,196.5397,205.7787
2013-04-02,83.56,270.4207,196.5397,205.7787
2013-04-03,82.16,265.89,190.1386,200.8792
2013-04-04,81.96,265.2427,189.2326,200.1822
2013-04-05,82.28,266.2783,190.6832,201.2978
2013-04-08,82.28,266.2783,190.6832,201.2978
2013-04-09,82.72,267.7023,192.6866,202.8348
2013-04-10,83.0,268.6084,193.9668,203.8147
2013-04-11,83.28,269.5146,195.2512,204.796
2013-04-12,82.04,265.5016,189.5947,200.4609
2013-04-15,80.32,259.9353,184.3769,196.4308
2013-04-16,80.68,261.1003,184.3769,196.4308
2013-04-17,79.08,255.9223,184.3769,196.4308
2013-04-18,79.56,257.4757,184.3769,196.4308
2013-04-19,80.44,260.3236,184.3769,196.4308
2013-04-22,80.44,260.3236,184.3769,196.4308
2013-04-23,80.8,261.4887,184.3769,196.4308
2013-04-24,81.0,262.1359,184.9134,196.8466
2013-04-25,81.48,263.6893,187.0669,198.5123
2013-04-26,80.68,261.1003,184.3769,196.4308
2013-04-29,80.92,261.877,184.5557,196.5693
2013-04-30,80.88,261.7476,184.3769,196.4308
2013-05-02,80.28,259.8058,184.3769,196.4308
2013-05-03,81.0,262.1359,184.3769,196.4308
2013-05-06,80.84,261.6181,184.3769,196.4308
2013-05-07,80.88,261.7476,184.3769,196.4308
2013-05-08,80.12,259.288,184.4449,196.3318
2013-05-09,79.84,258.3819,184.5643,196.1583
2013-05-10,78.84,255.1456,184.9946,195.535
2013-05-14,79.28,256.5696,184.8044,195.81
2013-05-15,79.24,256.4401,184.8217,195.785
2013-05-16,79.76,258.123,184.5984,196.1087
2013-05-17,79.64,257.7346,184.6498,196.0341
2013-05-20,79.32,256.699,184.7872,195.8349
2013-05-21,78.48,253.9806,185.1511,195.3091
2013-05-22,78.56,254.2395,185.1162,195.3594
2013-05-23,78.6,254.3689,185.0988,195.3845
2013-05-24,78.12,252.8155,185.3084,195.0825
2013-05-28,78.44,253.8511,185.1685,195.284
2013-05-29,78.12,252.8155,185.3084,195.0825
2013-05-30,78.2,253.0744,185.2734,195.1329
2013-05-31,75.64,244.7896,186.4163,193.4996
2013-06-04,76.84,248.6731,186.4163,193.4996
2013-06-05,76.12,246.343,185.278,192.1219
2013-06-06,76.4,247.2492,185.7212,192.658
2013-06-07,76.52,247.6375,185.9109,192.8877
2013-06-11,75.08,242.9774,183.6272,190.1262
2013-06-12,74.72,241.8123,183.0539,189.4339
2013-06-13,75.52,244.4013,184.3266,190.9713
2013-06-14,75.84,245.4369,184.8344,191.5852
2013-06-17,76.08,246.2136,185.2147,192.0452
2013-06-18,75.4,244.0129,184.136,190.741
2013-06-19,75.4,244.0129,184.136,190.741
2013-06-20,72.0,233.0097,180.8792,186.8111
2013-06-21,72.64,235.0809,180.8792,186.8111
2013-06-24,70.48,228.0906,180.8792,186.8111
2013-06-25,71.16,230.2913,180.8792,186.8111
2013-06-26,72.04,233.1392,180.8792,186.8111
2013-06-27,72.4,234.3042,180.8792,186.8111
2013-06-28,73.36,237.411,180.8792,186.8111
2013-07-02,72.96,236.1165,180.8792,186.8111
2013-07-03,72.64,235.0809,180.8792,186.8111
2013-07-05,71.8,232.3625,180.8792,186.8111
2013-07-08,72.12,233.3981,180.8792,186.8111
2013-07-09,71.88,232.6214,180.8792,186.8111
2013-07-10,70.8,229.1262,180.8792,186.8111
2013-07-11,73.08,236.5049,180.9877,187.0033
2013-07-12,73.76,238.7055,181.6,188.0907
2013-07-15,76.52,247.6375,184.0494,192.4663
2013-07-16,77.44,250.6149,184.8533,193.9116
2013-07-17,78.72,254.7573,185.7548,195.5378
2013-07-18,78.4,253.7217,185.6858,195.413
2013-07-19,79.0,255.6634,185.7548,195.5378
2013-07-22,78.76,254.8867,185.7548,195.5378
2013-07-23,79.32,256.699,185.7548,195.5378
2013-07-24,79.12,256.0518,185.7548,195.5378
2013-07-25,79.72,257.9935,185.7548,195.5378
2013-07-26,79.4,256.9579,185.7548,195.5378
2013-07-29,78.84,255.1456,185.7548,195.5378
2013-07-30,78.84,255.1456,185.7548,195.5378
2013-07-31,78.48,253.9806,185.7548,195.5378
2013-08-01,79.92,258.6408,185.7548,195.5378
2013-08-02,81.28,263.0421,185.7548,195.5378
2013-08-05,81.0,262.1359,185.7548,195.5378
2013-08-06,81.2,262.7832,185.7548,195.5378
2013-08-08,81.44,263.5599,185.7548,195.5378
2013-08-09,81.24,262.9126,185.7548,195.5378
2013-08-12,81.64,264.2071,185.7548,195.5378
2013-08-13,82.0,265.3722,185.7548,195.5378
2013-08-14,82.32,266.4078,185.7548,195.5378
2013-08-15,81.32,263.1715,185.7548,195.5378
2013-08-16,80.0,258.8997,185.7548,195.5378
2013-08-20,79.32,256.699,188.9848,199.3284
2013-08-21,78.56,254.2395,193.1931,204.2782
2013-08-22,79.12,256.0518,190.0793,200.6146
2013-08-23,78.92,255.4045,191.1831,201.9125
2013-08-26,78.32,253.4628,193.1931,204.2782
2013-08-27,77.68,251.3916,193.1931,204.2782
2013-08-28,78.84,255.1456,191.6271,202.4349
2013-08-29,78.6,254.3689,192.9683,204.0134
2013-08-30,78.56,254.2395,193.1931,204.2782
2013-09-03,78.68,254.6278,193.1931,204.2782
2013-09-04,79.6,257.6052,193.1394,205.261
2013-09-05,79.6,257.6052,193.1394,205.261
2013-09-06,79.8,258.2524,193.1278,205.4738
2013-09-09,80.28,259.8058,193.1001,205.9831
2013-09-10,81.04,262.2654,193.0566,206.786
2013-09-11,81.92,265.1133,193.0407,207.0807
2013-09-12,81.04,262.2654,193.0566,206.786
2013-09-13,81.0,262.1359,193.0589,206.7438
2013-09-16,81.08,262.3948,193.0544,206.8281
2013-09-17,81.04,262.2654,193.0566,206.786
2013-09-18,82.92,268.3495,193.0407,207.0807
2013-09-19,84.2,272.4919,193.0407,207.0807
2013-09-20,83.28,269.5146,193.0407,207.0807
2013-09-23,83.24,269.3851,193.0407,207.0807
2013-09-24,83.12,268.9968,193.0407,207.0807
2013-09-25,82.88,268.2201,193.0407,207.0807
2013-09-26,82.56,267.1845,193.0407,207.0807
2013-09-27,81.68,264.3366,193.0407,207.0807
2013-09-30,81.32,263.1715,193.0407,207.0807
2013-10-01,82.16,265.89,193.0407,207.0807
2013-10-02,82.6,267.3139,193.0407,207.0807
2013-10-03,82.04,265.5016,194.3475,203.4796
2013-10-04,82.92,268.3495,193.0407,207.0807
2013-10-07,82.96,268.479,193.0407,207.0807
2013-10-08,82.16,265.89,193.0407,207.0807
2013-10-09,82.08,265.6311,194.3475,203.4796
2013-10-10,83.16,269.1262,193.0407,207.0807
2013-10-11,84.08,272.1036,193.0407,207.0807
2013-10-15,83.88,271.4563,193.0407,207.0807
2013-10-16,84.0,271.8447,193.0407,207.0807
2013-10-17,84.28,272.7508,193.0407,207.0807
2013-10-18,84.4,273.1392,193.0407,207.0807
2013-10-21,84.4,273.1392,193.0407,207.0807
2013-10-22,84.92,274.822,193.0407,207.0807
2013-10-23,83.6,270.5502,193.0407,207.0807
2013-10-24,83.64,270.6796,193.0407,207.0807
2013-10-25,84.08,272.1036,193.0407,207.0807
2013-10-28,83.56,270.4207,193.0407,207.0807
2013-10-29,83.56,270.4207,193.0407,207.0807
2013-10-30,82.44,266.7961,193.0407,207.0807
2013-10-31,82.08,265.6311,194.3475,203.4796
2013-11-01,81.84,264.8544,194.3475,203.4796
2013-11-05,80.44,260.3236,192.1241,200.3363
2013-11-06,79.64,257.7346,190.8479,198.5378
2013-11-07,78.4,253.7217,188.8612,195.7465
2013-11-08,77.2,249.8382,186.9286,193.0412
2013-11-12,75.12,243.1068,184.1409,189.1563
2013-11-13,75.92,245.6958,184.856,190.1509
2013-11-14,77.24,249.9676,186.9931,193.1314
2013-11-15,77.72,251.521,187.7672,194.214
2013-11-18,77.84,251.9094,187.9605,194.4845
2013-11-19,77.2,249.8382,186.9286,193.0412
2013-11-20,76.28,246.8608,185.4401,190.9643
2013-11-21,76.44,247.3786,185.6994,191.3256
2013-11-22,76.28,246.8608,185.4401,190.9643
2013-11-25,75.84,245.4369,184.7261,189.9701
2013-11-26,75.12,243.1068,184.1409,189.1563
2013-11-27,75.16,243.2362,184.1409,189.1563
2013-11-29,75.48,244.2718,184.1409,189.1563
2013-12-02,75.04,242.8479,184.1409,189.1563
2013-12-03,74.2,240.1294,184.1268,188.3894
2013-12-04,73.76,238.7055,184.1194,187.9855
2013-12-05,74.12,239.8706,184.1255,188.3161
2013-12-06,75.12,243.1068,184.1409,189.1563
2013-12-09,74.88,242.3301,184.1383,189.0107
2013-12-10,75.12,243.1068,184.1409,189.1563
2013-12-11,75.4,244.0129,184.1409,189.1563
2013-12-12,75.84,245.4369,184.1409,189.1563
2013-12-13,75.96,245.8252,184.1409,189.1563
2013-12-16,74.88,242.3301,184.1383,189.0107
2013-12-17,74.84,242.2006,184.1376,188.9742
2013-12-18,74.84,242.2006,184.1376,188.9742
2013-12-19,74.56,241.2945,184.1329,188.7188
2013-12-20,75.04,242.8479,184.1409,189.1563
2013-12-23,75.12,243.1068,184.1409,189.1563
2013-12-24,75.28,243.6246,184.1409,189.1563
2013-12-26,74.88,242.3301,184.1383,189.0107
2013-12-27,72.32,234.0453,184.0988,186.876
2013-12-30,72.56,234.822,184.0988,186.876
2014-01-02,72.0,233.0097,184.0988,186.876
2014-01-03,72.12,233.3981,184.0988,186.876
2014-01-07,72.12,233.3981,184.0988,186.876
2014-01-08,71.12,230.1618,182.5952,185.3109
2014-01-09,70.36,227.7023,181.2916,183.9543
2014-01-10,70.56,228.3495,181.6351,184.3118
2014-01-13,69.76,225.7605,180.2591,182.88
2014-01-14,68.92,223.0421,178.8087,181.3711
2014-01-15,69.0,223.301,178.9471,181.5151
2014-01-16,68.84,222.7832,178.6703,181.2271
2014-01-17,68.28,220.9709,177.6997,180.2176
2014-01-21,67.32,217.8641,176.0296,178.4808
2014-01-22,66.92,216.5696,175.3314,177.7549
2014-01-23,66.16,214.11,174.001,176.3718
2014-01-24,64.96,210.2265,171.8899,174.1777
2014-01-27,64.08,207.3786,170.3335,172.5605
2014-01-28,63.52,205.5663,169.3394,171.5278
2014-01-29,62.72,202.9773,167.9141,170.0474
2014-01-30,62.8,203.2362,168.0569,170.1957
2014-01-31,62.44,202.0712,167.4138,169.5278
2014-02-03,61.08,197.6699,167.4138,169.5278
2014-02-04,62.16,201.165,168.9497,171.896
2014-02-05,61.84,200.1294,168.496,171.1953
2014-02-06,63.08,204.1424,170.248,173.9067
2014-02-07,63.68,206.0841,171.0899,175.2146
2014-02-10,62.68,202.8479,169.6847,173.0332
2014-02-11,64.08,207.3786,171.649,176.0852
2014-02-12,64.48,208.6731,172.2064,176.9546
2014-02-13,64.96,210.2265,172.3177,177.1284
2014-02-14,65.92,213.3333,172.3177,177.1284
2014-02-18,65.2,211.0032,172.3177,177.1284
2014-02-19,64.92,210.0971,172.3177,177.1284
2014-02-20,64.24,207.8964,171.8721,176.4331
2014-02-21,64.64,209.1909,172.3177,177.1284
2014-02-24,65.16,210.8738,172.3177,177.1284
2014-02-25,64.08,207.3786,171.649,176.0852
2014-02-26,63.28,204.7896,170.5291,174.3429
2014-02-27,63.8,206.4725,171.2578,175.4759
2014-02-28,64.56,208.932,172.3177,177.1284
2014-03-03,64.28,208.0259,172.3177,177.1284
2014-03-04,65.44,211.7799,174.3866,179.5107
2014-03-05,66.48,215.1456,176.2312,181.6376
2014-03-06,68.4,221.3592,179.6115,185.5421
2014-03-07,67.36,217.9935,177.7845,183.4307
2014-03-10,67.0,216.8285,177.1498,182.6979
2014-03-11,67.36,217.9935,177.7845,183.4307
2014-03-12,67.32,217.8641,177.714,183.3493
2014-03-13,67.88,219.6764,178.6991,184.4874
2014-03-14,67.64,218.8997,178.2773,183.9999
2014-03-17,68.04,220.1942,178.9801,184.8122
2014-03-18,68.56,221.877,179.8917,185.8663
2014-03-19,69.04,223.4304,180.7312,186.8375
2014-03-20,70.08,226.7961,182.5434,188.9359
2014-03-21,70.88,229.3851,183.9313,190.5447
2014-03-25,71.88,232.6214,185.659,192.5493
2014-03-26,72.44,234.4337,186.6229,193.6688
2014-03-27,74.64,241.5534,190.1819,197.8079
2014-03-28,74.68,241.6828,190.1819,197.8079
2014-03-31,74.52,241.165,190.1819,197.8079
2014-04-01,75.4,244.0129,190.1819,197.8079
2014-04-02,76.16,246.4725,189.1894,196.3965
2014-04-03,75.72,245.0485,189.7131,197.1409
2014-04-04,76.36,247.1197,189.1894,196.3965
2014-04-07,76.04,246.0841,189.2474,196.4789
2014-04-08,76.12,246.343,189.1894,196.3965
2014-04-09,75.76,245.178,189.6547,197.0579
2014-04-10,76.16,246.4725,189.1894,196.3965
2014-04-11,76.04,246.0841,189.2474,196.4789
2014-04-14,76.4,247.2492,189.1894,196.3965
2014-04-15,75.2,243.3657,190.1819,197.8079
2014-04-16,75.56,244.5307,189.9471,197.4738
2014-04-21,76.52,247.6375,189.1894,196.3965
2014-04-22,76.08,246.2136,189.1894,196.3965
2014-04-23,75.72,245.0485,189.7131,197.1409
2014-04-24,75.16,243.2362,190.1819,197.8079
2014-04-25,75.08,242.9774,190.1819,197.8079
2014-04-28,75.44,244.1424,190.1231,197.7243
2014-04-29,75.92,245.6958,189.4217,196.7266
2014-04-30,76.08,246.2136,189.1894,196.3965
2014-05-02,76.28,246.8608,189.1894,196.3965
2014-05-05,75.76,245.178,189.1894,196.3965
2014-05-06,76.12,246.343,189.1894,196.3965
2014-05-07,76.88,248.8026,189.2363,194.2593
2014-05-08,78.04,252.5566,189.2488,193.6961
2014-05-09,77.52,250.8738,189.2488,193.6961
2014-05-12,78.04,252.5566,189.2488,193.6961
2014-05-13,77.56,251.0032,189.2488,193.6961
2014-05-14,77.52,250.8738,189.2488,193.6961
2014-05-15,76.6,247.8964,189.2145,195.2517
2014-05-16,76.68,248.1553,189.2207,194.9673
2014-05-19,77.08,249.4498,189.2488,193.6961
2014-05-20,76.0,245.9547,189.1894,196.3965
2014-05-21,76.88,248.8026,189.2363,194.2593
2014-05-22,77.36,250.356,189.2488,193.6961
2014-05-23,77.36,250.356,189.2488,193.6961
2014-05-27,76.92,248.932,189.2394,194.1182
2014-05-28,76.68,248.1553,189.2207,194.9673
2014-05-29,77.04,249.3204,189.2488,193.6961
2014-05-30,77.04,249.3204,189.2488,193.6961
2014-06-03,78.12,252.8155,189.2488,193.6961
2014-06-04,77.8,251.7799,189.2488,193.6961
2014-06-05,78.4,253.7217,189.873,194.1675
2014-06-06,79.04,255.7929,191.2993,195.2428
2014-06-09,79.28,256.5696,191.8339,195.6454
2014-06-10,80.4,260.1942,194.3269,197.5188
2014-06-11,81.12,262.5243,195.6614,198.5189
2014-06-12,81.24,262.9126,195.6614,198.5189
2014-06-13,81.36,263.301,195.6614,198.5189
2014-06-16,81.44,263.5599,195.6614,198.5189
2014-06-17,80.36,260.0647,194.238,197.452
2014-06-18,81.4,263.4304,195.6614,198.5189
2014-06-19,81.28,263.0421,195.6614,198.5189
2014-06-20,81.88,264.9838,195.6614,198.5189
2014-06-24,81.16,262.6537,195.6614,198.5189
2014-06-25,81.32,263.1715,195.6614,198.5189
2014-06-26,81.0,262.1359,195.6614,198.5189
2014-06-27,81.0,262.1359,195.6614,198.5189
2014-07-01,81.52,263.8188,195.6614,198.5189
2014-07-02,81.64,264.2071,195.6614,198.5189
2014-07-03,82.72,267.7023,195.6614,198.5189
2014-07-07,81.92,265.1133,195.6614,198.5189
2014-07-08,81.28,263.0421,196.2641,198.708
2014-07-09,80.68,261.1003,196.9718,198.9295
2014-07-10,80.72,261.2298,196.9718,198.9295
2014-07-11,80.72,261.2298,196.9718,198.9295
2014-07-14,80.64,260.9709,196.9718,198.9295
2014-07-15,80.28,259.8058,196.9718,198.9295
2014-07-16,80.88,261.7476,196.9718,198.9295
2014-07-17,80.24,259.6764,196.9718,198.9295
2014-07-18,80.52,260.5825,196.9718,198.9295
2014-07-21,81.12,262.5243,196.6679,198.8344
2014-07-22,82.0,265.3722,195.6614,198.5189
2014-07-23,82.12,265.7605,195.6614,198.5189
2014-07-24,81.92,265.1133,195.6614,198.5189
2014-07-25,81.8,264.7249,195.6614,198.5189
2014-07-28,83.12,268.9968,195.6614,198.5189
2014-07-29,82.2,266.0194,195.6614,198.5189
2014-07-30,81.56,263.9482,195.6614,198.5189
2014-07-31,81.0,262.1359,196.9718,198.9295
2014-08-01,81.68,264.3366,196.9718,198.9295
2014-08-04,81.96,265.2427,200.6888,203.6233
2014-08-05,81.72,264.466,197.4994,199.5943
2014-08-06,81.44,263.5599,196.9718,198.9295
2014-08-08,81.52,263.8188,196.9718,198.9295
2014-08-11,82.92,268.3495,204.4628,208.4114
2014-08-12,82.52,267.055,204.4628,208.4114
2014-08-13,82.12,265.7605,202.8383,206.3478
2014-08-14,81.84,264.8544,199.0888,201.6002
2014-08-15,81.04,262.2654,196.9718,198.9295
2014-08-19,80.92,261.877,196.9718,198.9295
2014-08-20,80.88,261.7476,196.9718,198.9295
2014-08-21,80.96,262.0065,196.9718,198.9295
2014-08-22,81.12,262.5243,196.9718,198.9295
2014-08-25,80.24,259.6764,196.9718,198.9295
2014-08-26,80.76,261.3592,196.9718,198.9295
2014-08-27,81.68,264.3366,196.9718,198.9295
2014-08-28,82.12,265.7605,202.8383,206.3478
2014-08-29,82.24,266.1489,204.4628,208.4114
2014-09-02,82.68,267.5728,204.4628,208.4114
2014-09-03,82.56,267.1845,204.3098,208.2895
2014-09-04,81.52,263.8188,202.9792,207.2288
2014-09-05,81.28,263.0421,202.671,206.9829
2014-09-08,80.32,259.9353,201.4336,205.9948
2014-09-09,79.32,256.699,200.1371,204.9581
2014-09-10,79.16,256.1812,199.9289,204.7915
2014-09-11,78.32,253.4628,198.8326,203.9135
2014-09-12,77.68,251.3916,197.9935,203.2407
2014-09-15,77.8,251.7799,198.151,203.3671
2014-09-16,78.52,254.11,199.0941,204.123
2014-09-17,78.6,254.3689,199.1986,204.2067
2014-09-18,78.6,254.3689,199.1986,204.2067
2014-09-19,78.28,253.3333,198.7802,203.8715
2014-09-22,76.8,248.5437,196.8342,202.3103
2014-09-23,75.36,243.8835,194.9232,200.7739
2014-09-24,74.76,241.9417,194.1218,200.1286
2014-09-25,73.36,237.411,192.2395,198.6107
2014-09-26,73.6,238.1877,192.5634,198.8721
2014-09-29,73.0,236.246,191.861,198.305
2014-09-30,73.08,236.5049,191.861,198.305
2014-10-01,71.92,232.7508,191.861,198.305
2014-10-02,71.48,231.3269,191.2307,197.3724
2014-10-03,71.72,232.1036,191.5747,197.8813
2014-10-06,72.24,233.7864,191.861,198.305
2014-10-07,71.4,231.068,191.1159,197.2026
2014-10-08,70.88,229.3851,190.3684,196.0984
2014-10-09,70.0,226.5372,189.4449,194.7367
2014-10-10,68.92,223.0421,189.4449,194.7367
2014-10-14,67.96,219.9353,189.4449,194.7367
2014-10-15,67.08,217.0874,189.4449,194.7367
2014-10-16,67.92,219.8058,189.4449,194.7367
2014-10-17,68.52,221.7476,189.4449,194.7367
2014-10-20,69.12,223.6893,189.4449,194.7367
2014-10-21,70.44,227.9612,189.7339,195.1626
2014-10-22,69.12,223.6893,189.4449,194.7367
2014-10-23,69.84,226.0194,189.4449,194.7367
2014-10-24,69.72,225.6311,189.4449,194.7367
2014-10-27,69.04,223.4304,189.4449,194.7367
2014-10-28,69.64,225.3722,189.4449,194.7367
2014-10-29,69.64,225.3722,189.4449,194.7367
2014-10-30,70.0,226.5372,189.4449,194.7367
2014-10-31,70.24,227.3139,189.4449,194.7367
2014-11-04,68.88,222.9126,189.4449,194.7367
2014-11-05,68.36,221.2298,188.8915,194.1818
2014-11-06,67.88,219.6764,188.3785,193.6672
2014-11-07,68.28,220.9709,188.8062,194.0962
2014-11-10,67.96,219.9353,188.4641,193.7531
2014-11-11,67.36,217.9935,187.8202,193.1071
2014-11-12,67.48,218.3819,187.9492,193.2366
2014-11-13,65.64,212.4272,185.9543,191.2352
2014-11-14,65.32,211.3916,185.6038,190.8836
2014-11-18,65.16,210.8738,185.4282,190.7074
2014-11-19,64.56,208.932,184.7673,190.0442
2014-11-20,64.76,209.5793,184.988,190.2657
2014-11-21,65.64,212.4272,185.9543,191.2352
2014-11-24,64.64,209.1909,184.8556,190.1328
2014-11-25,63.96,206.9903,184.1026,189.3771
2014-11-26,63.0,203.8835,183.031,188.3016
2014-11-28,58.88,190.5502,178.3147,183.5661
2014-12-01,56.96,184.3366,178.3147,183.5661
2014-12-02,56.08,181.4887,177.9444,183.2199
2014-12-03,56.8,183.8188,178.2477,183.5035
2014-12-04,55.84,180.712,177.8425,183.1246
2014-12-05,55.0,177.9935,177.4829,182.7883
2014-12-09,53.16,172.0388,176.6783,182.0357
2014-12-10,50.28,162.7184,175.977,181.3794
2014-12-11,48.92,158.3172,175.977,181.3794
2014-12-12,47.92,155.0809,175.977,181.3794
2014-12-15,46.6,150.8091,175.977,181.3794
2014-12-16,47.2,152.7508,175.977,181.3794
2014-12-17,50.28,162.7184,175.977,181.3794
2014-12-18,51.36,166.2136,175.977,181.3794
2014-12-19,53.68,173.7217,176.9081,182.2507
2014-12-22,53.88,174.3689,176.996,182.3329
2014-12-23,54.16,175.2751,177.1185,182.4475
2014-12-24,54.04,174.8867,177.0661,182.3985
2014-12-26,53.44,172.945,176.8023,182.1517
2014-12-29,51.4,166.343,175.977,181.3794
2014-12-30,51.6,166.9903,175.977,181.3794
2015-01-02,50.96,164.9191,175.977,181.3794
2015-01-05,47.64,154.1748,157.9048,168.6102
2015-01-06,47.12,152.4919,157.6916,168.4568
2015-01-07,47.8,154.6926,158.7587,169.2239
2015-01-08,48.4,156.6343,161.9763,171.5269
2015-01-09,48.44,156.7638,162.1917,171.6805
2015-01-13,47.32,153.1392,157.6916,168.4568
2015-01-14,47.16,152.6214,157.6916,168.4568
2015-01-15,46.96,151.9741,157.6916,168.4568
2015-01-16,47.72,154.4337,158.3315,168.917
2015-01-20,47.88,154.9515,159.1863,169.5308
2015-01-21,48.28,156.246,161.3308,171.0661
2015-01-22,49.24,159.3528,166.5218,174.755
2015-01-23,49.2,159.2233,166.3043,174.6012
2015-01-26,49.36,159.7411,167.1751,175.2166
2015-01-27,49.64,160.6472,168.7031,176.2939
2015-01-28,49.52,160.2589,168.0476,175.8321
2015-01-29,48.2,155.9871,160.901,170.7589
2015-01-30,47.6,154.0453,157.6916,168.4568
2015-02-02,49.0,158.5761,157.6916,168.4568
2015-02-03,51.36,166.2136,157.6916,168.4568
2015-02-04,49.92,161.5534,157.6916,168.4568
2015-02-05,50.68,164.0129,157.6916,168.4568
2015-02-06,50.16,162.3301,157.6916,168.4568
2015-02-09,50.04,161.9418,157.6916,168.4568
2015-02-10,48.68,157.5405,158.0432,168.2739
2015-02-11,47.04,152.233,159.8949,167.3204
2015-02-12,47.76,154.5631,159.0715,167.7423
2015-02-13,48.76,157.7994,157.955,168.3197
2015-02-17,48.36,156.5049,158.3979,168.0899
2015-02-18,47.72,154.4337,159.1168,167.719
2015-02-19,47.36,153.2686,159.5269,167.5086
2015-02-20,46.68,151.068,160.313,167.1073
2015-02-23,45.76,148.0906,161.4014,166.5567
2015-02-24,46.04,148.9968,161.0671,166.7252
2015-02-25,46.12,149.2557,160.9721,166.7733
2015-02-26,45.72,147.9612,161.4494,166.5325
2015-02-27,45.72,147.9612,161.4494,166.5325
2015-03-02,44.56,144.2071,161.4494,166.5325
2015-03-03,43.96,142.2654,159.5888,164.4114
2015-03-04,44.04,142.5243,159.8371,164.6943
2015-03-05,43.76,141.6181,158.9678,163.704
2015-03-06,42.2,136.5696,154.1095,158.1801
2015-03-09,41.12,133.0744,153.3598,157.3294
2015-03-10,40.2,130.0971,153.3598,157.3294
2015-03-11,40.28,130.356,153.3598,157.3294
2015-03-12,40.68,131.6505,153.3598,157.3294
2015-03-13,40.48,131.0032,153.3598,157.3294
2015-03-16,40.12,129.8382,153.3598,157.3294
2015-03-17,40.76,131.9094,153.3598,157.3294
2015-03-18,41.84,135.4045,153.3598,157.3294
2015-03-19,41.52,134.3689,153.3598,157.3294
2015-03-20,42.56,137.7346,155.2329,159.4558
2015-03-24,43.0,139.1586,156.6041,161.0142
2015-03-25,42.8,138.5113,155.9811,160.306
2015-03-26,42.6,137.8641,155.3577,159.5976
2015-03-27,42.28,136.8285,154.3593,158.4637
2015-03-30,42.28,136.8285,154.3593,158.4637
2015-03-31,41.96,135.7929,153.3598,157.3294
2015-04-01,43.16,139.6764,153.3598,157.3294
2015-04-06,44.4,143.6893,155.8837,159.6237
2015-04-07,45.12,146.0194,157.3355,160.9416
2015-04-08,45.08,145.89,157.2552,160.8687
2015-04-09,45.12,146.0194,157.3355,160.9416
2015-04-10,45.16,146.1489,157.4159,161.0145
2015-04-13,44.28,143.301,155.6408,159.4031
2015-04-14,44.32,143.4304,155.7218,159.4767
2015-04-15,45.64,147.7023,158.378,161.887
2015-04-16,46.32,149.9029,159.7336,163.1154
2015-04-17,46.32,149.9029,159.7336,163.1154
2015-04-20,46.08,149.1262,159.2561,162.6829
2015-04-21,45.48,147.1845,158.0578,161.5967
2015-04-22,45.84,148.3495,158.7776,162.2492
2015-04-23,46.76,151.3269,160.6063,163.9055
2015-04-24,47.56,153.9159,162.1841,165.3329
2015-04-27,48.72,157.6699,164.4521,167.3819
2015-04-28,49.6,160.5178,166.1574,168.9205
2015-04-29,50.08,162.0712,166.7744,169.4766
2015-04-30,49.92,161.5534,166.7744,169.4766
2015-05-04,49.36,159.7411,166.7744,169.4766
2015-05-05,50.08,162.0712,166.7744,169.4766
2015-05-06,50.84,164.5307,166.7744,169.4766
2015-05-07,49.84,161.2945,166.7744,169.4766
2015-05-08,49.84,161.2945,166.7744,169.4766
2015-05-11,49.16,159.0939,166.5502,169.1485
2015-05-12,49.12,158.9644,166.5053,169.0828
2015-05-13,48.68,157.5405,166.0096,168.3582
2015-05-14,48.64,157.411,165.9644,168.2921
2015-05-15,47.76,154.5631,164.9634,166.8318
2015-05-19,46.48,150.4207,163.4852,164.6825
2015-05-20,46.52,150.5502,163.5318,164.7501
2015-05-21,46.56,150.6796,163.5784,164.8177
2015-05-22,46.44,150.2913,163.4386,164.6148
2015-05-26,44.92,145.3722,161.6464,162.0206
2015-05-27,44.2,143.0421,160.7833,160.7758
2015-05-28,43.92,142.1359,160.4451,160.2888
2015-05-29,43.8,141.7476,160.2997,160.0797
2015-06-01,43.16,139.6764,160.2997,160.0797
2015-06-02,43.48,140.712,160.2997,160.0797
2015-06-03,43.2,139.8058,160.2997,160.0797
2015-06-04,42.64,137.9935,158.8825,161.9509
2015-06-05,42.48,137.4757,158.8825,161.9509
2015-06-09,43.28,140.0647,160.2997,160.0797
2015-06-10,43.88,142.0065,160.2997,160.0797
2015-06-11,44.24,143.1715,160.2997,160.0797
2015-06-12,44.08,142.6537,160.2997,160.0797
2015-06-16,43.88,142.0065,160.2997,160.0797
2015-06-17,43.68,141.3592,160.2997,160.0797
2015-06-18,43.88,142.0065,160.2997,160.0797
2015-06-19,43.36,140.3236,160.2997,160.0797
2015-06-22,43.8,141.7476,160.2997,160.0797
2015-06-23,43.96,142.2654,160.2997,160.0797
2015-06-24,43.8,141.7476,160.2997,160.0797
2015-06-25,43.32,140.1942,160.2997,160.0797
2015-06-26,42.88,138.7702,159.3981,161.2657
2015-06-30,42.72,138.2524,158.8825,161.9509
2015-07-01,42.08,136.1812,158.8825,161.9509
2015-07-02,42.2,136.5696,158.8825,161.9509
2015-07-06,41.4,133.9806,158.3975,161.2142
2015-07-07,41.04,132.8155,158.1381,160.8207
2015-07-08,40.88,132.2977,158.0222,160.645
2015-07-09,40.28,130.356,157.5843,159.9817
2015-07-10,40.72,131.7799,157.906,160.4688
2015-07-13,40.84,132.1683,157.9932,160.601
2015-07-14,41.48,134.2395,158.4549,161.3013
2015-07-15,41.0,132.6861,158.1092,160.7768
2015-07-16,40.96,132.5566,158.0802,160.7329
2015-07-17,40.72,131.7799,157.906,160.4688
2015-07-21,39.6,128.1553,157.0816,159.2213
2015-07-22,39.44,127.6375,156.9623,159.0411
2015-07-23,39.0,126.2136,156.6322,158.5426
2015-07-24,38.72,125.3074,156.5416,158.4059
2015-07-27,38.04,123.1068,156.5416,158.4059
2015-07-28,38.24,123.754,156.5416,158.4059
2015-07-29,38.92,125.9547,156.5719,158.4515
2015-07-30,38.64,125.0485,156.5416,158.4059
2015-07-31,38.88,125.8252,156.5416,158.4059
2015-08-03,37.52,121.4239,156.5416,158.4059
2015-08-04,37.24,120.5178,155.7416,157.6525
2015-08-05,36.68,118.7055,154.1359,156.1395
2015-08-06,37.04,119.8706,155.169,157.1131
2015-08-10,37.6,121.6828,156.5416,158.4059
2015-08-11,36.64,118.5761,154.0209,156.0311
2015-08-12,36.88,119.3528,154.7102,156.6808
2015-08-13,35.96,116.3754,152.0599,154.1819
2015-08-14,35.84,115.9871,151.7126,153.8542
2015-08-18,35.52,114.9515,150.7847,152.9785
2015-08-19,34.72,112.3625,148.4535,150.7766
2015-08-20,34.04,110.1618,148.2194,150.5554
2015-08-21,32.68,105.7605,148.2194,150.5554
2015-08-24,30.4,98.3819,148.2194,150.5554
2015-08-25,30.48,98.6408,148.2194,150.5554
2015-08-26,30.32,98.123,148.2194,150.5554
2015-08-27,32.52,105.2427,148.2194,150.5554
2015-08-28,33.56,108.6084,148.2194,150.5554
2015-08-31,34.64,112.1036,148.2194,150.5554
2015-09-01,33.28,107.7023,148.2194,150.5554
2015-09-02,32.96,106.6667,144.7416,150.0978
2015-09-03,34.12,110.4207,148.2194,150.5554
2015-09-04,33.84,109.5146,148.2194,150.5554
2015-09-08,34.2,110.6796,148.2194,150.5554
2015-09-09,33.56,108.6084,148.2194,150.5554
2015-09-10,34.8,112.6214,148.2194,150.5554
2015-09-11,34.8,112.6214,148.2194,150.5554
2015-09-14,34.84,112.7508,148.2194,150.5554
2015-09-15,35.0,113.2686,148.2194,150.5554
2015-09-16,36.08,116.7638,148.2194,150.5554
2015-09-17,36.08,116.7638,148.2194,150.5554
2015-09-18,35.84,115.9871,148.2194,150.5554
2015-09-21,35.2,113.9159,148.2194,150.5554
2015-09-22,33.84,109.5146,148.2194,150.5554
2015-09-23,33.12,107.1845,146.2256,150.2942
2015-09-24,33.32,107.8317,148.2194,150.5554
2015-09-25,33.24,107.5728,147.7193,150.4901
2015-09-28,32.68,105.7605,144.7416,150.0978
2015-09-29,32.48,105.1133,144.7416,150.0978
2015-09-30,33.0,106.7961,144.7416,150.0978
2015-10-01,33.0,106.7961,144.7416,150.0978
2015-10-02,33.68,108.9968,143.0858,150.4826
2015-10-05,35.12,113.657,140.2877,151.1454
2015-10-06,36.24,117.2816,140.2877,151.1454
2015-10-07,36.88,119.3528,140.2877,151.1454
2015-10-08,37.72,122.0712,140.2877,151.1454
2015-10-09,37.68,121.9417,140.2877,151.1454
2015-10-13,36.64,118.5761,140.2877,151.1454
2015-10-14,36.4,117.7994,140.2877,151.1454
2015-10-15,36.44,117.9288,140.2877,151.1454
2015-10-16,36.68,118.7055,140.2877,151.1454
2015-10-19,35.72,115.5987,140.2877,151.1454
2015-10-20,35.8,115.8576,140.2877,151.1454
2015-10-21,35.28,114.1748,140.2877,151.1454
2015-10-22,35.92,116.246,140.2877,151.1454
2015-10-23,35.96,116.3754,140.2877,151.1454
2015-10-26,35.56,115.0809,140.2877,151.1454
2015-10-27,34.8,112.6214,140.4695,151.1018
2015-10-28,34.92,113.0097,140.2877,151.1454
2015-10-29,34.84,112.7508,140.3785,151.1236
2015-10-30,34.88,112.8803,140.2877,151.1454
2015-11-03,36.36,117.6699,140.2877,151.1454
2015-11-04,36.04,116.6343,139.8127,150.5913
2015-11-05,35.68,115.4693,139.2753,149.9646
2015-11-06,35.36,114.4337,138.7947,149.4044
2015-11-09,34.4,111.3269,137.3367,147.7058
2015-11-10,34.2,110.6796,137.0298,147.3484
2015-11-11,33.88,109.644,136.5365,146.7741
2015-11-12,32.44,104.9838,134.2802,144.1496
2015-11-13,31.12,100.712,132.157,141.6832
2015-11-17,30.24,97.8641,130.7106,140.0049
2015-11-18,30.56,98.8997,131.2395,140.6184
2015-11-19,30.76,99.5469,131.5684,141.0
2015-11-20,31.04,100.4531,132.0266,141.5318
2015-11-23,30.68,99.288,131.437,140.8476
2015-11-24,30.84,99.8058,131.6996,141.1522
2015-11-25,29.88,96.699,130.1114,139.31
2015-11-27,29.52,95.534,129.9776,139.155
2015-11-30,29.8,96.4401,129.9776,139.155
2015-12-01,29.88,96.699,129.9776,139.155
2015-12-02,28.96,93.7217,136.0112,142.7421
2015-12-03,29.08,94.11,136.0112,142.7421
2015-12-04,28.48,92.1683,136.0112,142.7421
2015-12-07,27.2,88.0259,136.0112,142.7421
2015-12-09,27.32,88.4142,136.0112,142.7421
2015-12-10,27.92,90.356,136.0112,142.7421
2015-12-11,27.12,87.767,136.0112,142.7421
2015-12-14,26.64,86.2136,136.0112,142.7421
2015-12-15,27.52,89.0615,136.0112,142.7421
2015-12-16,28.44,92.0388,136.0112,142.7421
2015-12-17,28.24,91.3916,136.0112,142.7421
2015-12-18,28.32,91.6505,136.0112,142.7421
2015-12-21,28.12,91.0032,136.0112,142.7421
2015-12-22,28.44,92.0388,136.0112,142.7421
2015-12-23,30.12,97.4757,129.9776,139.155
2015-12-24,30.4,98.3819,129.9776,139.155
2015-12-28,30.24,97.8641,129.9776,139.155
2015-12-29,29.88,96.699,129.9776,139.155
2015-12-30,29.6,95.7929,136.0112,142.7421
2016-01-04,29.32,94.8867,136.0112,142.7421
2016-01-05,29.56,95.6634,134.514,143.9293
2016-01-06,28.64,92.6861,136.0112,142.7421
2016-01-07,28.04,90.7443,136.0112,142.7421
2016-01-08,28.0,90.6149,136.0112,142.7421
2016-01-12,27.24,88.1553,136.0112,142.7421
2016-01-13,27.92,90.356,136.0112,142.7421
2016-01-14,28.48,92.1683,136.0112,142.7421
2016-01-15,27.36,88.5437,136.0112,142.7421
2016-01-19,27.12,87.767,136.0112,142.7421
2016-01-20,26.8,86.7314,136.0112,142.7421
2016-01-21,27.64,89.4498,136.0112,142.7421
2016-01-22,28.52,92.2977,136.0112,142.7421
2016-01-25,27.32,88.4142,136.0112,142.7421
2016-01-26,28.08,90.8738,136.0112,142.7421
2016-01-27,28.0,90.6149,136.0112,142.7421
2016-01-28,29.2,94.4984,136.0112,142.7421
2016-01-29,29.64,95.9223,134.0212,144.3251
2016-02-01,29.08,94.11,134.0212,144.3251
2016-02-02,28.08,90.8738,134.0212,144.3251
2016-02-03,28.84,93.3333,134.0212,144.3251
2016-02-04,29.4,95.1456,135.6432,145.3097
2016-02-05,29.44,95.2751,135.8461,145.4325
2016-02-08,29.28,94.7573,135.0348,144.9409
2016-02-09,28.88,93.4628,134.0212,144.3251
2016-02-10,29.12,94.2395,134.2239,144.4484
2016-02-11,28.56,92.4272,134.0212,144.3251
2016-02-12,29.48,95.4045,136.049,145.5552
2016-02-16,29.2,94.4984,134.6293,144.6948
2016-02-17,30.2,97.7346,139.7058,147.7535
2016-02-18,30.56,98.8997,141.5375,148.8453
2016-02-19,30.28,97.9935,140.1127,147.9966
2016-02-22,30.92,100.0647,143.3713,149.9321
2016-02-23,30.48,98.6408,141.1303,148.6031
2016-02-24,30.48,98.6408,141.1303,148.6031
2016-02-25,31.2,100.9709,144.7991,150.7742
2016-02-26,31.16,100.8414,144.5951,150.654
2016-02-29,31.88,103.1715,148.2718,152.8073
2016-03-01,32.88,106.4078,148.2718,152.8073
2016-03-02,33.68,108.9968,149.851,155.7257
2016-03-03,33.76,109.2557,150.0077,156.0168
2016-03-04,34.2,110.6796,150.8662,157.6148
2016-03-07,35.12,113.657,152.6414,160.9421
2016-03-08,33.56,108.6084,149.6154,155.2889
2016-03-09,33.92,109.7735,150.3206,156.5984
2016-03-10,33.4,108.0906,149.3007,154.706
2016-03-11,34.48,111.5858,151.4093,158.6295
2016-03-14,34.08,110.2913,150.6327,157.1794
2016-03-15,33.64,108.8673,149.7725,155.5802
2016-03-16,33.76,109.2557,150.0077,156.0168
2016-03-17,34.68,112.233,151.7957,159.3531
2016-03-18,34.52,111.7152,151.4867,158.7743
2016-03-22,35.36,114.4337,153.1002,161.807
2016-03-23,34.88,112.8803,152.1809,160.0759
2016-03-28,35.4,114.5631,153.1765,161.9511
2016-03-29,34.88,112.8803,152.1809,160.0759
2016-03-30,35.8,115.8576,153.9369,163.3895
2016-03-31,36.4,117.7994,155.0686,165.5407
2016-04-01,36.88,119.3528,155.0686,165.5407
2016-04-04,36.24,117.2816,155.0686,165.5407
2016-04-05,35.52,114.9515,155.0686,165.5407
2016-04-06,35.6,115.2104,155.0686,165.5407
2016-04-07,34.92,113.0097,155.0686,165.5407
2016-04-08,35.28,114.1748,155.0686,165.5407
2016-04-11,35.96,116.3754,155.0686,165.5407
2016-04-12,36.88,119.3528,155.0686,165.5407
2016-04-13,37.24,120.5178,154.6462,166.0664
2016-04-14,37.16,120.2589,154.7396,165.9499
2016-04-15,36.76,118.9644,155.0686,165.5407
2016-04-18,37.2,120.3883,154.6929,166.0081
2016-04-19,38.04,123.1068,153.726,167.2223
2016-04-20,38.56,124.7896,153.726,167.2223
2016-04-21,37.84,122.4595,153.9537,166.9348
2016-04-22,37.72,122.0712,154.0911,166.7619
2016-04-25,36.92,119.4822,155.0214,165.5993
2016-04-26,37.16,120.2589,154.7396,165.9499
2016-04-27,37.72,122.0712,154.0911,166.7619
2016-04-28,38.2,123.6246,153.726,167.2223
2016-04-29,38.04,123.1068,153.726,167.2223
2016-05-02,38.04,123.1068,153.726,167.2223
2016-05-03,36.52,118.1877,152.0594,164.9294
2016-05-04,35.64,115.3398,151.0712,163.573
2016-05-05,35.36,114.4337,150.7531,163.1368
2016-05-06,35.04,113.3981,150.3872,162.6355
2016-05-10,35.36,114.4337,150.7531,163.1368
2016-05-11,36.0,116.5049,151.4776,164.1306
2016-05-12,36.48,118.0583,152.0149,164.8683
2016-05-13,36.0,116.5049,151.4776,164.1306
2016-05-16,35.68,115.4693,151.1165,163.6352
2016-05-17,35.56,115.0809,150.9805,163.4486
2016-05-18,35.0,113.2686,150.3412,162.5726
2016-05-19,34.28,110.9385,149.5082,161.4325
2016-05-20,34.52,111.7152,149.7873,161.8143
2016-05-23,34.52,111.7152,149.7873,161.8143
2016-05-24,34.36,111.1974,149.6014,161.56
2016-05-25,34.16,110.5502,149.3681,161.241
2016-05-26,34.24,110.8091,149.4616,161.3687
2016-05-27,34.04,110.1618,149.2277,161.049
2016-05-31,33.6,108.7379,148.7096,160.3412
2016-06-01,33.32,107.8317,148.7096,160.3412
2016-06-02,33.84,109.5146,149.1422,161.0642
2016-06-03,35.0,113.2686,150.088,162.649
2016-06-07,36.88,119.3528,151.2895,164.6703
2016-06-08,37.32,120.7767,151.2895,164.6703
2016-06-09,37.44,121.165,151.2895,164.6703
2016-06-10,36.4,117.7994,151.1961,164.513
2016-06-13,35.8,115.8576,150.7255,163.7205
2016-06-14,35.36,114.4337,150.3763,163.1333
2016-06-15,35.88,116.1165,150.7886,163.8267
2016-06-16,35.36,114.4337,150.3763,163.1333
2016-06-17,35.68,115.4693,150.6306,163.5608
2016-06-20,36.4,117.7994,151.1961,164.513
2016-06-21,36.44,117.9288,151.2273,164.5655
2016-06-22,37.12,120.1294,151.2895,164.6703
2016-06-23,37.68,121.9417,151.2895,164.6703
2016-06-24,36.2,117.1521,151.0399,164.2498
2016-06-27,34.48,111.5858,149.6672,161.9433
2016-06-28,35.6,115.2104,150.5672,163.4542
2016-06-29,36.44,117.9288,151.2273,164.5655
2016-06-30,36.52,118.1877,151.2895,164.6703
2016-07-01,36.76,118.9644,151.2895,164.6703
2016-07-05,36.04,116.6343,151.0004,164.4426
2016-07-06,35.88,116.1165,150.9355,164.3915
2016-07-07,35.68,115.4693,150.8539,164.3272
2016-07-08,36.28,117.411,151.0973,164.519
2016-07-11,36.44,117.9288,151.1616,164.5697
2016-07-12,37.08,120.0,151.2895,164.6703
2016-07-13,37.0,119.7411,151.2895,164.6703
2016-07-14,37.32,120.7767,151.2895,164.6703
2016-07-15,37.44,121.165,151.2895,164.6703
2016-07-18,37.56,121.5534,151.2895,164.6703
2016-07-19,37.28,120.6472,151.2895,164.6703
2016-07-21,37.28,120.6472,151.2895,164.6703
2016-07-22,37.16,120.2589,151.2895,164.6703
2016-07-25,36.12,116.8932,151.0328,164.4682
2016-07-26,35.36,114.4337,150.7226,164.2237
2016-07-27,35.2,113.9159,150.6565,164.1716
2016-07-28,34.88,112.8803,150.6234,164.1455
2016-07-29,35.12,113.657,150.6234,164.1455
2016-08-01,34.68,112.233,150.6234,164.1455
2016-08-02,34.4,111.3269,150.6234,164.1455
2016-08-03,34.72,112.3625,150.7516,164.3011
2016-08-04,34.88,112.8803,151.2643,164.9233
2016-08-05,35.4,114.5631,152.9263,166.942
2016-08-08,36.24,117.2816,155.5976,170.192
2016-08-09,36.36,117.6699,155.9778,170.6551
2016-08-10,36.92,119.4822,157.7482,172.813
2016-08-11,37.76,122.2006,158.1266,173.2747
2016-08-12,37.28,120.6472,158.1266,173.2747
2016-08-16,37.96,122.8479,158.1266,173.2747
2016-08-17,38.0,122.9773,158.1266,173.2747
2016-08-18,38.6,124.9191,158.1266,173.2747
2016-08-19,38.92,125.9547,158.1266,173.2747
2016-08-22,38.36,124.1424,158.1266,173.2747
2016-08-23,38.0,122.9773,158.1266,173.2747
2016-08-24,38.2,123.6246,158.1266,173.2747
2016-08-25,38.92,125.9547,158.1266,173.2747
2016-08-26,38.92,125.9547,158.1266,173.2747
2016-08-29,38.6,124.9191,158.1266,173.2747
2016-08-30,38.56,124.7896,158.1266,173.2747
2016-08-31,37.04,119.8706,158.1266,173.2747
2016-09-01,37.16,120.2589,158.1266,173.2747
2016-09-02,38.12,123.3657,154.2313,168.0248
2016-09-06,39.52,127.8964,154.2313,168.0248
2016-09-07,40.28,130.356,154.2313,168.0248
2016-09-08,40.4,130.7443,154.2313,168.0248
2016-09-09,39.0,126.2136,154.2313,168.0248
2016-09-12,38.68,125.178,154.2313,168.0248
2016-09-13,37.48,121.2945,156.5468,171.1419
2016-09-14,37.64,121.8123,155.7678,170.0921
2016-09-15,37.84,122.4595,154.8042,168.795
2016-09-16,37.24,120.5178,157.7289,172.7373
2016-09-19,37.64,121.8123,155.7678,170.0921
2016-09-20,37.36,120.9061,157.1358,171.9364
2016-09-21,38.08,123.2363,154.2313,168.0248
2016-09-22,38.64,125.0485,154.2313,168.0248
2016-09-23,37.8,122.3301,154.996,169.0531
2016-09-26,37.4,121.0356,156.939,171.6709
2016-09-27,37.44,121.165,156.7427,171.406
2016-09-28,38.24,123.754,154.2313,168.0248
2016-09-29,38.0,122.9773,154.2313,168.0248
2016-09-30,37.96,122.8479,154.2313,168.0248
2016-10-03,37.12,120.1294,154.2313,168.0248
2016-10-04,36.48,118.0583,156.6285,171.6253
2016-10-05,37.2,120.3883,154.2313,168.0248
2016-10-06,37.6,121.6828,154.2313,168.0248
2016-10-07,37.64,121.8123,154.2313,168.0248
2016-10-10,38.0,122.9773,154.2313,168.0248
2016-10-11,37.88,122.589,154.2313,168.0248
2016-10-12,37.92,122.7184,154.2313,168.0248
2016-10-13,37.76,122.2006,154.2313,168.0248
2016-10-14,37.52,121.4239,154.2313,168.0248
2016-10-18,37.96,122.8479,154.2313,168.0248
2016-10-19,38.12,123.3657,154.2313,168.0248
2016-10-20,38.12,123.3657,154.2313,168.0248
2016-10-21,38.08,123.2363,154.2313,168.0248
2016-10-24,37.72,122.0712,154.2313,168.0248
2016-10-25,37.8,122.3301,154.2313,168.0248
2016-10-26,37.32,120.7767,154.2313,168.0248
2016-10-27,37.32,120.7767,154.2313,168.0248
2016-10-28,37.16,120.2589,154.2313,168.0248
2016-10-31,36.76,118.9644,156.6285,171.6253
2016-11-01,36.4,117.7994,156.6285,171.6253
2016-11-02,36.12,116.8932,155.5435,169.9683
2016-11-03,35.76,115.7282,154.1473,167.8427
2016-11-04,35.52,114.9515,153.2157,166.4287
2016-11-08,37.24,120.5178,156.6285,171.6253
2016-11-09,36.2,117.1521,155.8536,170.4414
2016-11-10,34.16,110.5502,150.1058,161.7331
2016-11-11,33.56,108.6084,150.1058,161.7331
2016-11-15,34.16,110.5502,150.1058,161.7331
2016-11-16,33.8,109.3851,150.1058,161.7331
2016-11-17,33.8,109.3851,150.1058,161.7331
2016-11-18,33.6,108.7379,150.1058,161.7331
2016-11-21,34.04,110.1618,150.1058,161.7331
2016-11-22,33.84,109.5146,150.1058,161.7331
2016-11-23,33.64,108.8673,150.1058,161.7331
2016-11-25,33.44,108.2201,150.1058,161.7331
2016-11-28,33.44,108.2201,150.1058,161.7331
2016-11-29,32.96,106.6667,150.1058,161.7331
2016-11-30,34.72,112.3625,150.1058,161.7331
2016-12-01,34.84,112.7508,150.1058,161.7331
2016-12-02,34.96,113.1392,150.7866,162.3397
2016-12-05,35.56,115.0809,154.2018,165.3753
2016-12-06,36.04,116.6343,156.9471,167.8071
2016-12-07,36.4,117.7994,159.0137,169.6329
2016-12-09,36.48,118.0583,159.4738,170.0388
2016-12-12,36.72,118.835,159.9343,170.4448
2016-12-13,37.2,120.3883,159.9343,170.4448
2016-12-14,36.68,118.7055,159.9343,170.4448
2016-12-15,36.8,119.0939,159.9343,170.4448
2016-12-16,36.6,118.4466,159.9343,170.4448
2016-12-19,36.56,118.3172,159.9343,170.4448
2016-12-20,36.8,119.0939,159.9343,170.4448
2016-12-21,36.64,118.5761,159.9343,170.4448
2016-12-22,36.48,118.0583,159.4738,170.0388
2016-12-23,36.36,117.6699,158.7838,169.4299
2016-12-27,36.64,118.5761,159.9343,170.4448
2016-12-28,36.04,116.6343,156.9471,167.8071
2016-12-29,36.56,118.3172,159.9343,170.4448
2017-01-03,37.08,120.0,159.9343,170.4448
2017-01-04,37.64,121.8123,160.4807,171.1857
2017-01-05,38.24,123.754,160.713,171.5009
2017-01-06,38.24,123.754,160.713,171.5009
2017-01-10,37.72,122.0712,160.5583,171.2909
2017-01-11,37.6,121.6828,160.4419,171.1331
2017-01-12,38.32,124.0129,160.713,171.5009
2017-01-13,37.84,122.4595,160.6743,171.4484
2017-01-17,38.08,123.2363,160.713,171.5009
2017-01-18,37.72,122.0712,160.5583,171.2909
2017-01-19,37.6,121.6828,160.4419,171.1331
2017-01-20,37.84,122.4595,160.6743,171.4484
2017-01-23,37.76,122.2006,160.597,171.3435
2017-01-24,38.12,123.3657,160.713,171.5009
2017-01-25,38.08,123.2363,160.713,171.5009
2017-01-26,38.08,123.2363,160.713,171.5009
2017-01-27,38.24,123.754,160.713,171.5009
2017-01-30,37.76,122.2006,160.597,171.3435
2017-01-31,37.88,122.589,160.713,171.5009
2017-02-01,37.96,122.8479,160.713,171.5009
2017-02-02,38.44,124.4013,160.713,171.5009
2017-02-03,38.96,126.0841,160.713,171.5009
2017-02-06,38.76,125.4369,160.713,171.5009
2017-02-07,38.48,124.5307,160.713,171.5009
2017-02-08,38.0,122.9773,160.713,171.5009
2017-02-09,38.2,123.6246,160.713,171.5009
2017-02-10,38.48,124.5307,160.713,171.5009
2017-02-13,38.04,123.1068,160.713,171.5009
2017-02-14,37.28,120.6472,158.5371,170.1242
2017-02-15,37.72,122.0712,159.9461,171.0165
2017-02-16,37.84,122.4595,160.3297,171.2589
2017-02-17,37.64,121.8123,159.6902,170.8547
2017-02-21,37.32,120.7767,158.6653,170.2055
2017-02-22,37.16,120.2589,158.1521,169.8798
2017-02-23,37.84,122.4595,160.3297,171.2589
2017-02-24,37.24,120.5178,158.4088,170.0428
2017-02-27,37.32,120.7767,158.6653,170.2055
2017-02-28,36.76,118.9644,156.8666,169.062
2017-03-01,36.64,118.5761,156.8666,169.062
2017-03-02,35.92,116.246,156.8666,169.062
2017-03-03,35.96,116.3754,156.8666,169.062
2017-03-06,35.96,116.3754,156.8666,169.062
2017-03-07,36.2,117.1521,156.8666,169.062
2017-03-08,35.68,115.4693,156.8666,169.062
2017-03-09,35.64,115.3398,156.8666,169.062
2017-03-10,36.0,116.5049,156.8666,169.062
2017-03-13,36.2,117.1521,156.8666,169.062
2017-03-14,35.56,115.0809,156.8666,169.062
2017-03-15,36.16,117.0227,156.8666,169.062
2017-03-16,36.8,119.0939,157.2149,169.8407
2017-03-17,36.8,119.0939,157.2149,169.8407
2017-03-21,36.92,119.4822,157.4757,170.4249
2017-03-22,36.84,119.2233,157.3019,170.0355
2017-03-23,37.12,120.1294,157.9093,171.3988
2017-03-24,37.44,121.165,158.6008,172.9576
2017-03-27,37.16,120.2589,157.9959,171.5936
2017-03-28,37.72,122.0712,159.2035,174.3222
2017-03-29,38.04,123.1068,159.7183,175.4923
2017-03-30,38.0,122.9773,159.7183,175.4923
2017-03-31,37.96,122.8479,159.7183,175.4923
2017-04-03,38.04,123.1068,159.7183,175.4923
2017-04-04,38.24,123.754,159.7183,175.4923
2017-04-05,38.24,123.754,159.7183,175.4923
2017-04-06,38.36,124.1424,159.7183,175.4923
2017-04-07,38.24,123.754,159.7183,175.4923
2017-04-10,38.44,124.4013,159.7183,175.4923
2017-04-11,38.44,124.4013,159.7183,175.4923
2017-04-12,38.48,124.5307,159.7183,175.4923
2017-04-17,38.6,124.9191,159.7183,175.4923
2017-04-18,38.68,125.178,159.7183,175.4923
2017-04-19,38.2,123.6246,159.7183,175.4923
2017-04-20,38.36,124.1424,159.7183,175.4923
2017-04-21,38.0,122.9773,159.7337,175.519
2017-04-24,38.04,123.1068,159.7183,175.4923
2017-04-25,37.92,122.7184,159.7644,175.5725
2017-04-26,37.44,121.165,159.9192,175.8418
2017-04-27,37.28,120.6472,159.9192,175.8418
2017-04-28,37.52,121.4239,159.9192,175.8418
2017-05-02,37.56,121.5534,159.9192,175.8418
2017-05-03,37.6,121.6828,159.9822,176.0298
2017-05-04,37.16,120.2589,159.9192,175.8418
2017-05-05,37.84,122.4595,160.3592,177.1574
2017-05-08,37.92,122.7184,160.4846,177.5333
2017-05-09,38.04,123.1068,160.6723,178.0971
2017-05-10,38.64,125.0485,161.6052,180.9163
2017-05-11,38.92,125.9547,162.0375,182.232
2017-05-12,39.64,128.2848,163.14,185.6153
2017-05-15,40.6,131.3916,163.5048,186.7432
2017-05-16,40.56,131.2621,163.5048,186.7432
2017-05-17,39.8,128.8026,163.3833,186.3672
2017-05-18,39.28,127.1197,162.5903,183.9236
2017-05-19,40.12,129.8382,163.5048,186.7432
2017-05-22,40.0,129.4498,163.5048,186.7432
2017-05-23,39.92,129.1909,163.5048,186.7432
2017-05-24,40.08,129.7087,163.5048,186.7432
2017-05-25,39.92,129.1909,163.5048,186.7432
2017-05-26,40.12,129.8382,163.5048,186.7432
2017-05-30,40.04,129.5793,163.5048,186.7432
2017-05-31,39.88,129.0615,163.5048,186.7432
2017-06-01,40.36,130.6149,163.5048,186.7432
2017-06-02,40.28,130.356,163.5592,186.8688
2017-06-05,40.24,130.2265,163.5864,186.9317
2017-06-06,40.48,131.0032,163.5048,186.7432
2017-06-07,40.32,130.4854,163.5319,186.8059
2017-06-08,40.12,129.8382,163.6683,187.121
2017-06-09,40.2,130.0971,163.6137,186.9947
2017-06-12,39.96,129.3204,163.778,187.3746
2017-06-13,40.12,129.8382,163.6683,187.121
2017-06-14,40.0,129.4498,163.7505,187.3111
2017-06-15,39.92,129.1909,163.8055,187.4382
2017-06-16,39.68,128.4142,163.9711,187.8216
2017-06-20,38.68,125.178,164.6742,189.4534
2017-06-21,37.76,122.2006,164.6742,189.4534
2017-06-22,38.08,123.2363,164.6742,189.4534
2017-06-23,38.08,123.2363,164.6742,189.4534
2017-06-27,37.92,122.7184,164.6742,189.4534
2017-06-28,38.68,125.178,164.6742,189.4534
2017-06-29,38.32,124.0129,164.6742,189.4534
2017-06-30,38.68,125.178,164.6742,189.4534
2017-07-05,38.56,124.7896,164.6742,189.4534
2017-07-06,38.68,125.178,165.0476,189.8635
2017-07-07,38.4,124.2718,164.6742,189.4534
2017-07-10,38.8,125.5663,165.4208,190.2733
2017-07-11,38.76,125.4369,165.2964,190.1367
2017-07-12,39.48,127.767,167.5294,192.5879
2017-07-13,39.56,128.0259,167.7768,192.8594
2017-07-14,39.76,128.6731,168.3947,193.5374
2017-07-17,39.6,128.1553,167.9004,192.995
2017-07-18,39.68,128.4142,168.1477,193.2663
2017-07-19,39.48,127.767,167.5294,192.5879
2017-07-21,39.52,127.8964,167.6531,192.7236
2017-07-24,39.32,127.2492,167.0341,192.0443
2017-07-25,39.52,127.8964,167.6531,192.7236
2017-07-26,39.68,128.4142,168.1477,193.2663
2017-07-27,39.8,128.8026,168.5182,193.6729
2017-07-28,40.04,129.5793,168.6417,193.8083
2017-07-31,39.84,128.932,168.6417,193.8083
2017-08-01,40.4,130.7443,168.6417,193.8083
2017-08-02,40.44,130.8738,168.6154,193.7713
2017-08-03,40.4,130.7443,168.6417,193.8083
2017-08-04,40.08,129.7087,168.6417,193.8083
2017-08-08,39.52,127.8964,168.6417,193.8083
2017-08-09,39.44,127.6375,168.6417,193.8083
2017-08-10,39.16,126.7314,168.6417,193.8083
2017-08-11,39.68,128.4142,168.6417,193.8083
2017-08-14,39.84,128.932,168.6417,193.8083
2017-08-15,39.6,128.1553,168.6417,193.8083
2017-08-16,40.2,130.0971,168.6417,193.8083
2017-08-17,39.88,129.0615,168.6417,193.8083
2017-08-18,40.08,129.7087,168.6417,193.8083
2017-08-22,40.28,130.356,168.6417,193.8083
2017-08-23,40.52,131.1327,168.5629,193.6974
2017-08-24,40.56,131.2621,168.5367,193.6605
2017-08-25,41.16,133.2039,168.147,193.1123
2017-08-28,40.84,132.1683,168.354,193.4035
2017-08-29,41.08,132.945,168.1986,193.1848
2017-08-30,40.88,132.2977,168.328,193.3669
2017-08-31,41.4,133.9806,167.993,192.8957
2017-09-01,41.84,135.4045,167.993,192.8957
2017-09-05,42.04,136.0518,167.993,192.8957
2017-09-06,42.36,137.0874,167.993,192.8957
2017-09-07,42.24,136.699,167.993,192.8957
2017-09-08,42.24,136.699,167.993,192.8957
2017-09-11,42.28,136.8285,167.993,192.8957
2017-09-12,42.24,136.699,167.993,192.8957
2017-09-13,42.04,136.0518,167.993,192.8957
2017-09-14,41.96,135.7929,167.993,192.8957
2017-09-15,42.52,137.6052,167.993,192.8957
2017-09-18,42.24,136.699,167.993,192.8957
2017-09-19,42.24,136.699,167.993,192.8957
2017-09-20,41.96,135.7929,167.993,192.8957
2017-09-21,41.64,134.7573,167.9106,193.3465
2017-09-22,41.84,135.4045,167.993,192.8957
2017-09-25,41.32,133.7217,167.7947,193.9831
2017-09-26,41.2,133.3333,167.7947,193.9831
2017-09-27,41.28,133.5922,167.7947,193.9831
2017-09-28,41.28,133.5922,167.7947,193.9831
2017-09-29,41.36,133.8511,167.7947,193.9831
2017-10-02,41.32,133.7217,167.7947,193.9831
2017-10-03,41.32,133.7217,167.7947,193.9831
2017-10-04,41.4,133.9806,167.7947,193.9831
2017-10-05,41.72,135.0162,167.7947,193.9831
2017-10-06,41.36,133.8511,167.7947,193.9831
2017-10-09,41.28,133.5922,167.7253,193.9353
2017-10-10,41.16,133.2039,167.5169,193.7917
2017-10-11,41.16,133.2039,167.5169,193.7917
2017-10-12,41.36,133.8511,167.7947,193.9831
2017-10-13,41.44,134.11,167.7947,193.9831
2017-10-17,41.08,132.945,167.3778,193.6959
2017-10-18,41.36,133.8511,167.7947,193.9831
2017-10-19,41.2,133.3333,167.5864,193.8396
2017-10-20,40.84,132.1683,166.9596,193.4074
2017-10-23,40.52,131.1327,166.3997,193.0207
2017-10-24,40.24,130.2265,165.9078,192.6806
2017-10-25,39.92,129.1909,165.3432,192.2896
2017-10-26,39.92,129.1909,165.3432,192.2896
2017-10-27,39.2,126.8608,164.0632,191.4014
2017-10-30,38.64,125.0485,163.0583,190.7021
2017-10-31,38.24,123.754,162.3354,190.198
2017-11-01,38.2,123.6246,162.3354,190.198
2017-11-02,38.12,123.3657,162.3354,190.198
2017-11-03,37.88,122.589,162.3354,190.198
2017-11-07,38.4,124.2718,162.959,191.1691
2017-11-08,38.64,125.0485,163.7063,192.3343
2017-11-09,39.08,126.4725,164.5765,193.6935
2017-11-10,38.88,125.8252,164.4523,193.4994
2017-11-14,38.36,124.1424,162.8344,190.9749
2017-11-15,38.24,123.754,162.4602,190.3922
2017-11-16,38.6,124.9191,163.5818,192.1401
2017-11-17,39.36,127.3786,164.5765,193.6935
2017-11-20,38.96,126.0841,164.5765,193.6935
2017-11-21,39.28,127.1197,164.5765,193.6935
2017-11-22,39.72,128.5437,164.5765,193.6935
2017-11-24,39.56,128.0259,164.5765,193.6935
2017-11-27,39.16,126.7314,164.5765,193.6935
2017-11-28,39.08,126.4725,164.5765,193.6935
2017-11-29,39.08,126.4725,164.5765,193.6935
2017-11-30,38.92,125.9547,164.5765,193.6935
2017-12-01,38.8,125.5663,164.5765,193.6935
2017-12-04,38.92,125.9547,164.9925,194.8598
2017-12-05,39.0,126.2136,165.2697,195.6392
2017-12-06,38.84,125.6958,164.7152,194.0819
2017-12-07,39.08,126.4725,165.5468,196.4201
2017-12-11,39.16,126.7314,165.8238,197.2025
2017-12-12,39.08,126.4725,165.5468,196.4201
2017-12-13,39.36,127.3786,166.5159,199.1652
2017-12-14,39.56,128.0259,167.2074,201.1373
2017-12-15,39.16,126.7314,165.8238,197.2025
2017-12-18,39.88,129.0615,168.3123,204.3122
2017-12-19,40.12,129.8382,168.7263,205.5091
2017-12-20,40.32,130.4854,168.7263,205.5091
2017-12-21,40.32,130.4854,168.7263,205.5091
2017-12-22,40.44,130.8738,168.7263,205.5091
2017-12-26,40.48,131.0032,168.7263,205.5091
2017-12-27,40.76,131.9094,168.7263,205.5091
2017-12-28,40.0,129.4498,168.7263,205.5091
2018-01-02,40.92,132.4272,168.7263,205.5091
2018-01-03,41.4,133.9806,168.7105,206.6688
2018-01-04,41.6,134.6278,168.7039,207.15
2018-01-05,41.8,135.2751,168.6974,207.63
2018-01-09,42.12,136.3107,168.6871,208.3955
2018-01-10,42.04,136.0518,168.6897,208.2044
2018-01-11,41.96,135.7929,168.6923,208.0131
2018-01-12,42.28,136.8285,168.682,208.7771
2018-01-16,42.44,137.3463,168.6768,209.158
2018-01-17,42.72,138.2524,168.6679,209.8228
2018-01-18,43.04,139.288,168.6578,210.5797
2018-01-19,43.04,139.288,168.6578,210.5797
2018-01-22,43.32,140.1942,168.649,211.2397
2018-01-23,43.44,140.5825,168.6453,211.5219
2018-01-24,44.88,145.2427,168.6316,212.553
2018-01-25,45.0,145.6311,168.6316,212.553
2018-01-26,44.8,144.9838,168.6316,212.553
2018-01-29,44.56,144.2071,168.6316,212.553
2018-01-30,43.96,142.2654,168.6316,212.553
2018-01-31,43.88,142.0065,168.6316,212.553
2018-02-01,44.4,143.6893,168.6316,212.553
2018-02-02,43.0,139.1586,166.2801,208.9677
2018-02-05,41.96,135.7929,164.5054,206.2687
2018-02-06,42.48,137.4757,165.3958,207.6221
2018-02-07,42.16,136.4401,164.8486,206.7902
2018-02-08,40.64,131.521,162.5662,203.3268
2018-02-09,40.76,131.9094,162.5662,203.3268
2018-02-12,41.76,135.1456,164.1612,205.7461
2018-02-13,41.44,134.11,163.6087,204.9075
2018-02-14,41.68,134.8867,164.0233,205.5367
2018-02-15,42.36,137.0874,165.1909,207.3105
2018-02-16,42.72,138.2524,165.8047,208.2441
2018-02-20,42.28,136.8285,165.054,207.1025
2018-02-21,42.0,135.9223,164.5741,206.3731
2018-02-22,42.52,137.6052,165.464,207.7259
2018-02-23,42.6,137.8641,165.6004,207.9333
2018-02-26,42.88,138.7702,166.0766,208.6579
2018-02-27,41.76,135.1456,164.1612,205.7461
2018-02-28,40.84,132.1683,162.5662,203.3268
2018-03-01,40.32,130.4854,162.5662,203.3268
2018-03-02,40.48,131.0032,161.6896,202.1497
2018-03-05,40.56,131.2621,161.2543,201.5655
2018-03-06,41.12,133.0744,158.8963,198.4023
2018-03-07,40.84,132.1683,159.7468,199.5428
2018-03-08,40.6,131.3916,161.0375,201.2744
2018-03-09,41.04,132.8155,158.8963,198.4023
2018-03-12,41.12,133.0744,158.8963,198.4023
2018-03-13,40.76,131.9094,160.175,200.1172
2018-03-14,41.08,132.945,158.8963,198.4023
2018-03-15,40.76,131.9094,160.175,200.1172
2018-03-16,40.72,131.7799,160.3899,200.4055
2018-03-20,40.48,131.0032,161.6896,202.1497
2018-03-21,41.0,132.6861,158.8963,198.4023
2018-03-22,40.44,130.8738,161.908,202.4429
2018-03-23,40.32,130.4854,162.5662,203.3268
2018-03-26,41.24,133.4628,158.8963,198.4023
2018-03-27,41.08,132.945,158.8963,198.4023
2018-03-28,41.0,132.6861,158.8963,198.4023
2018-04-02,41.72,135.0162,158.8963,198.4023
2018-04-03,42.48,137.4757,161.4588,205.055
2018-04-04,42.76,138.3819,162.4016,207.5311
2018-04-05,43.08,139.4175,163.4781,210.3773
2018-04-06,43.0,139.1586,163.2091,209.6641
2018-04-09,43.64,141.2298,165.36,215.4004
2018-04-10,44.16,142.9126,165.6286,216.1223
2018-04-11,45.48,147.1845,165.6286,216.1223
2018-04-12,45.56,147.4434,165.6286,216.1223
2018-04-13,45.28,146.5372,165.6286,216.1223
2018-04-16,45.04,145.7605,165.6286,216.1223
2018-04-17,45.24,146.4078,165.6286,216.1223
2018-04-18,45.88,148.479,165.6286,216.1223
2018-04-19,45.52,147.3139,165.6286,216.1223
2018-04-20,45.08,145.89,165.6286,216.1223
2018-04-23,44.4,143.6893,165.6286,216.1223
2018-04-24,44.4,143.6893,165.6286,216.1223
2018-04-25,43.52,140.8414,164.9569,214.3195
2018-04-26,43.68,141.3592,165.4943,215.7612
2018-04-27,44.0,142.3948,165.6286,216.1223
2018-04-30,43.72,141.4887,165.6286,216.1223
2018-05-02,43.44,140.5825,165.6286,216.1223
2018-05-03,42.96,139.0291,164.0316,213.8892
2018-05-04,43.2,139.8058,164.8303,215.006
2018-05-07,43.08,139.4175,164.431,214.4477
2018-05-08,42.48,137.4757,162.5656,211.8408
2018-05-09,42.8,138.5113,163.4987,213.1445
2018-05-10,43.6,141.1003,165.6286,216.1223
2018-05-11,43.4,140.4531,165.4956,215.9363
2018-05-15,43.08,139.4175,164.431,214.4477
2018-05-16,42.52,137.6052,162.5656,211.8408
2018-05-17,41.48,134.2395,162.5656,211.8408
2018-05-18,41.16,133.2039,162.5656,211.8408
2018-05-21,41.52,134.3689,162.5656,211.8408
2018-05-22,42.12,136.3107,162.5656,211.8408
2018-05-23,41.76,135.1456,162.5656,211.8408
2018-05-24,42.2,136.5696,162.5656,211.8408
2018-05-25,41.76,135.1456,162.5656,211.8408
2018-05-29,41.76,135.1456,162.5656,211.8408
2018-05-30,42.52,137.6052,162.5656,211.8408
2018-05-31,42.52,137.6052,162.5656,211.8408
2018-06-01,43.52,140.8414,162.5656,211.8408
2018-06-05,43.68,141.3592,162.5656,211.8408
2018-06-06,43.56,140.9709,162.5656,211.8408
2018-06-07,43.12,139.5469,162.8259,212.8932
2018-06-08,42.92,138.8997,162.9571,213.425
2018-06-12,42.76,138.3819,163.0626,213.8532
2018-06-13,43.04,139.288,162.8783,213.1054
2018-06-14,42.76,138.3819,163.0626,213.8532
2018-06-15,42.28,136.8285,163.3819,215.1527
2018-06-18,42.56,137.7346,163.1951,214.3919
2018-06-19,41.6,134.6278,163.5971,216.0318
2018-06-20,41.24,133.4628,163.5971,216.0318
2018-06-21,41.04,132.8155,163.5971,216.0318
2018-06-22,41.36,133.8511,163.5971,216.0318
2018-06-25,41.2,133.3333,163.5971,216.0318
2018-06-26,41.56,134.4984,163.5971,216.0318
2018-06-27,41.4,133.9806,163.5971,216.0318
2018-06-28,41.56,134.4984,163.5971,216.0318
2018-06-29,41.96,135.7929,163.5971,216.0318
2018-07-03,42.68,138.123,163.5971,216.0318
2018-07-05,42.64,137.9935,163.0866,215.4351
2018-07-06,42.92,138.8997,163.5971,216.0318
2018-07-09,42.64,137.9935,163.0866,215.4351
2018-07-10,43.12,139.5469,163.5971,216.0318
2018-07-11,42.32,136.9579,159.0421,210.7006
2018-07-12,42.56,137.7346,162.0688,214.2449
2018-07-13,42.68,138.123,163.5971,216.0318
2018-07-16,42.28,136.8285,158.5416,210.1136
2018-07-17,42.52,137.6052,161.5616,213.6515
2018-07-18,42.72,138.2524,163.5971,216.0318
2018-07-19,42.4,137.2168,160.0466,211.8777
2018-07-23,42.08,136.1812,158.0421,209.5278
2018-07-24,42.24,136.699,158.0421,209.5278
2018-07-25,41.92,135.6634,158.0421,209.5278
2018-07-26,41.92,135.6634,158.0421,209.5278
2018-07-27,42.16,136.4401,158.0421,209.5278
2018-07-30,42.52,137.6052,161.5616,213.6515
2018-07-31,42.24,136.699,158.0421,209.5278
2018-08-01,42.16,136.4401,158.0421,209.5278
2018-08-02,41.4,133.9806,156.9063,210.2993
2018-08-03,41.52,134.3689,157.0864,210.1764
2018-08-06,41.56,134.4984,157.1464,210.1355
2018-08-08,41.28,133.5922,156.7258,210.4227
2018-08-09,41.2,133.3333,156.6053,210.5052
2018-08-10,40.56,131.2621,155.6361,211.1721
2018-08-13,39.6,128.1553,154.2884,212.1101
2018-08-14,39.64,128.2848,154.2884,212.1101
2018-08-15,38.92,125.9547,154.2884,212.1101
2018-08-16,39.76,128.6731,154.4117,212.0238
2018-08-17,39.72,128.5437,154.35,212.0669
2018-08-21,40.32,130.4854,155.2703,211.4255
2018-08-22,40.72,131.7799,155.8793,211.0042
2018-08-23,40.32,130.4854,155.2703,211.4255
2018-08-24,40.92,132.4272,156.1824,210.7954
2018-08-27,41.28,133.5922,156.7258,210.4227
2018-08-28,41.16,133.2039,156.545,210.5465
2018-08-29,40.52,131.1327,155.5753,211.2142
2018-08-30,39.88,129.0615,154.5963,211.8947
2018-08-31,39.68,128.4142,154.2884,212.1101
2018-09-04,38.72,125.3074,154.2884,212.1101
2018-09-05,38.4,124.2718,154.2884,212.1101
2018-09-06,37.84,122.4595,154.2884,212.1101
2018-09-07,37.88,122.589,154.2884,212.1101
2018-09-10,37.56,121.5534,154.2884,212.1101
2018-09-11,37.64,121.8123,154.2884,212.1101
2018-09-12,38.92,125.9547,152.8649,211.1757
2018-09-13,39.08,126.4725,151.7408,210.4347
2018-09-14,38.92,125.9547,152.8649,211.1757
2018-09-17,39.12,126.6019,151.4618,210.2503
2018-09-18,39.4,127.5081,149.5308,208.9694
2018-09-19,39.2,126.8608,150.9061,209.8826
2018-09-20,39.72,128.5437,147.3704,207.526
2018-09-21,39.4,127.5081,149.5308,208.9694
2018-09-24,39.48,127.767,148.9861,208.6065
2018-09-25,39.52,127.8964,148.7149,208.4255
2018-09-26,39.52,127.8964,148.7149,208.4255
2018-09-27,39.8,128.8026,146.8379,207.1685
2018-09-28,40.0,129.4498,145.5197,206.2806
2018-10-01,40.04,129.5793,145.5197,206.2806
2018-10-02,39.92,129.1909,145.2066,205.9682
2018-10-03,40.04,129.5793,145.5197,206.2806
2018-10-04,39.68,128.4142,144.5797,205.3419
2018-10-05,39.16,126.7314,143.2176,203.9786
2018-10-08,38.96,126.0841,142.6923,203.4519
2018-10-09,39.04,126.343,142.9025,203.6627
2018-10-10,37.92,122.7184,139.9487,200.691
2018-10-11,37.4,121.0356,138.5689,199.2965
2018-10-12,37.84,122.4595,139.7368,200.4771
2018-10-16,38.28,123.8835,140.9008,201.6509
2018-10-17,38.2,123.6246,140.6895,201.438
2018-10-18,37.56,121.5534,138.9941,199.7266
2018-10-19,37.36,120.9061,138.4626,199.1888
2018-10-22,37.28,120.6472,138.2498,198.9733
2018-10-23,36.6,118.4466,136.4356,197.1323
2018-10-24,35.32,114.3042,132.9946,193.6202
2018-10-25,35.16,113.7864,132.562,193.1767
2018-10-26,35.0,113.2686,132.1289,192.7323
2018-10-29,34.76,112.4919,131.4781,192.0638
2018-10-30,34.56,111.8447,130.9348,191.505
2018-10-31,34.56,111.8447,130.9348,191.505
2018-11-01,34.8,112.6214,130.9348,191.505
2018-11-02,35.04,113.3981,130.9348,191.505
2018-11-06,35.64,115.3398,130.9348,191.505
2018-11-07,36.56,118.3172,130.9348,191.505
2018-11-08,36.4,117.7994,130.9348,191.505
2018-11-09,36.04,116.6343,130.9348,191.505
2018-11-13,34.8,112.6214,130.9348,191.505
2018-11-14,35.2,113.9159,130.9348,191.505
2018-11-15,36.32,117.5405,130.9348,191.505
2018-11-16,36.68,118.7055,130.9348,191.505
2018-11-19,36.36,117.6699,130.9348,191.505
2018-11-20,35.28,114.1748,130.9348,191.505
2018-11-21,34.92,113.0097,130.9348,191.505
2018-11-23,34.32,111.068,132.1018,194.1185
2018-11-26,34.28,110.9385,132.1018,194.1185
2018-11-27,34.16,110.5502,132.1018,194.1185
2018-11-28,33.96,109.9029,132.1018,194.1185
2018-11-29,34.6,111.9741,131.4622,192.6844
2018-11-30,34.36,111.1974,132.1018,194.1185
2018-12-03,35.4,114.5631,132.1018,194.1185
2018-12-04,35.24,114.0453,131.9765,193.9973
2018-12-06,35.16,113.7864,131.9137,193.9366
2018-12-07,35.04,113.3981,131.8192,193.8452
2018-12-10,34.48,111.5858,131.3751,193.4153
2018-12-11,34.32,111.068,131.2471,193.2913
2018-12-12,34.56,111.8447,131.4389,193.477
2018-12-13,34.32,111.068,131.2471,193.2913
2018-12-14,33.76,109.2557,130.7955,192.8535
2018-12-17,33.56,108.6084,130.6328,192.6957
2018-12-18,33.24,107.5728,130.3708,192.4414
2018-12-19,32.64,105.6311,129.8742,191.9589
2018-12-20,31.24,101.1003,128.6868,190.8025
2018-12-21,31.0,100.3236,128.6177,190.7351
2018-12-24,31.04,100.4531,128.6177,190.7351
2018-12-26,32.08,103.8188,129.4042,191.5016
2018-12-27,31.92,103.301,129.2687,191.3697
2018-12-28,31.16,100.8414,128.6177,190.7351
2019-01-02,31.8,102.9126,128.6177,190.7351
2019-01-03,31.68,102.5243,128.6177,190.7351
2019-01-04,32.72,105.89,130.6885,193.7213
2019-01-08,33.52,108.479,132.4684,196.2871
2019-01-09,34.04,110.1618,133.6153,197.9399
2019-01-10,34.28,110.9385,134.1421,198.6989
2019-01-11,34.12,110.4207,133.7911,198.1932
2019-01-14,34.32,111.068,134.2297,198.8252
2019-01-15,34.44,111.4563,134.4924,199.2035
2019-01-16,34.8,112.6214,135.2779,200.3351
2019-01-17,34.72,112.3625,135.1036,200.0841
2019-01-18,34.76,112.4919,135.1907,200.2096
2019-01-22,34.6,111.9741,134.8419,199.7071
2019-01-23,34.56,111.8447,134.7546,199.5813
2019-01-24,34.8,112.6214,135.2779,200.3351
2019-01-25,35.08,113.5275,135.8863,201.2115
2019-01-28,35.0,113.2686,135.7127,200.9614
2019-01-29,35.2,113.9159,136.1464,201.5861
2019-01-30,35.6,115.2104,137.0107,202.8306
2019-01-31,36.68,118.7055,139.3231,206.1595
2019-02-01,36.68,118.7055,139.3231,206.1595
2019-02-04,37.12,120.1294,140.1871,207.911
2019-02-05,37.48,121.2945,140.8903,209.3395
2019-02-06,37.56,121.5534,141.0461,209.6564
2019-02-07,36.84,119.2233,139.6379,206.7971
2019-02-08,36.68,118.7055,139.3231,206.1595
2019-02-11,36.72,118.835,139.4019,206.319
2019-02-12,36.84,119.2233,139.6379,206.7971
2019-02-13,36.56,118.3172,139.3231,206.1595
2019-02-14,36.6,118.4466,139.3231,206.1595
2019-02-15,37.28,120.6472,140.5,208.5464
2019-02-19,37.0,119.7411,139.9519,207.4339
2019-02-20,37.48,121.2945,140.8903,209.3395
2019-02-21,37.04,119.8706,140.0304,207.593
2019-02-22,37.8,122.3301,141.5126,210.606
2019-02-25,38.16,123.4951,142.2097,212.027
2019-02-26,38.6,124.9191,142.4414,212.4998
2019-02-27,38.52,124.6602,142.4414,212.4998
2019-02-28,38.28,123.8835,142.4414,212.4998
2019-03-01,38.32,124.0129,142.4414,212.4998
2019-03-04,38.52,124.6602,149.2342,221.5457
2019-03-05,38.4,124.2718,145.1248,216.0786
2019-03-06,38.68,125.178,152.0308,225.2574
2019-03-07,38.04,123.1068,142.4414,212.4998
2019-03-08,37.4,121.0356,142.4414,212.4998
2019-03-11,37.84,122.4595,142.4414,212.4998
2019-03-12,38.28,123.8835,142.4414,212.4998
2019-03-13,38.84,125.6958,152.0308,225.2574
2019-03-14,39.12,126.6019,152.0308,225.2574
2019-03-15,39.44,127.6375,152.0308,225.2574
2019-03-18,40.24,130.2265,152.0308,225.2574
2019-03-19,40.48,131.0032,152.0308,225.2574
2019-03-20,40.64,131.521,152.0308,225.2574
2019-03-21,40.96,132.5566,152.0308,225.2574
2019-03-22,39.36,127.3786,152.0308,225.2574
2019-03-26,39.44,127.6375,152.0308,225.2574
2019-03-27,38.52,124.6602,149.2342,221.5457
2019-03-28,38.4,124.2718,145.1248,216.0786
2019-03-29,38.6,124.9191,152.0308,225.2574
2019-04-01,38.84,125.6958,152.0308,225.2574
2019-04-02,38.8,125.5663,152.0337,225.13
2019-04-03,39.2,126.8608,152.0308,225.2574
2019-04-04,39.24,126.9903,152.0308,225.2574
2019-04-05,39.72,128.5437,152.0308,225.2574
2019-04-08,40.04,129.5793,152.0308,225.2574
2019-04-09,40.16,129.9676,152.0308,225.2574
2019-04-10,40.48,131.0032,152.0308,225.2574
2019-04-11,39.88,129.0615,152.0308,225.2574
2019-04-12,39.68,128.4142,152.0308,225.2574
2019-04-15,39.08,126.4725,152.0308,225.2574
2019-04-16,38.64,125.0485,152.045,224.6198
2019-04-17,38.96,126.0841,152.0308,225.2574
2019-04-22,39.28,127.1197,152.0308,225.2574
2019-04-23,39.08,126.4725,152.0308,225.2574
2019-04-24,38.52,124.6602,152.0535,224.2365
2019-04-25,38.52,124.6602,152.0535,224.2365
2019-04-26,38.52,124.6602,152.0535,224.2365
2019-04-29,38.16,123.4951,152.0792,223.0834
2019-04-30,38.08,123.2363,152.085,222.8265
2019-05-02,37.48,121.2945,152.085,222.8265
2019-05-03,37.48,121.2945,152.085,222.8265
2019-05-06,37.16,120.2589,151.3004,221.713
2019-05-07,36.32,117.5405,149.228,218.7709
2019-05-08,36.6,118.4466,149.9209,219.7548
2019-05-09,36.8,119.0939,150.4145,220.4556
2019-05-10,36.76,118.9644,150.3158,220.3155
2019-05-13,35.88,116.1165,148.1348,217.2186
2019-05-14,35.84,115.9871,148.0352,217.0771
2019-05-15,35.8,115.8576,147.9355,216.9355
2019-05-16,35.48,114.822,147.1364,215.8005
2019-05-17,35.08,113.5275,146.1336,214.3757
2019-05-20,34.6,111.9741,144.9241,212.657
2019-05-21,34.92,113.0097,145.7312,213.8039
2019-05-22,34.72,112.3625,145.2271,213.0876
2019-05-23,34.0,110.0324,144.3169,211.7939
2019-05-24,34.6,111.9741,144.9241,212.657
2019-05-28,34.12,110.4207,144.3169,211.7939
2019-05-29,34.6,111.9741,144.9241,212.657
2019-05-30,34.72,112.3625,145.2271,213.0876
2019-05-31,34.36,111.1974,144.3169,211.7939
2019-06-04,35.48,114.822,144.3169,211.7939
2019-06-05,35.2,113.9159,144.3169,211.7939
2019-06-06,35.12,113.657,144.3169,211.7939
2019-06-07,35.64,115.3398,144.7854,212.4797
2019-06-10,35.88,116.1165,145.4869,213.5068
2019-06-11,36.24,117.2816,146.5367,215.0438
2019-06-12,36.16,117.0227,146.3037,214.7026
2019-06-13,36.16,117.0227,146.3037,214.7026
2019-06-14,36.16,117.0227,146.3037,214.7026
2019-06-17,36.32,117.5405,146.7696,215.3848
2019-06-18,36.64,118.5761,147.6998,216.7465
2019-06-19,37.24,120.5178,149.4378,219.2909
2019-06-20,38.16,123.4951,150.8226,221.3181
2019-06-21,38.16,123.4951,150.8226,221.3181
2019-06-25,38.16,123.4951,150.8226,221.3181
2019-06-26,38.28,123.8835,150.8226,221.3181
2019-06-27,37.72,122.0712,150.8226,221.3181
2019-06-28,37.72,122.0712,150.8226,221.3181
2019-07-02,37.52,121.4239,150.8226,221.3181
2019-07-03,37.52,121.4239,150.8226,221.3181
2019-07-05,38.2,123.6246,150.8226,221.3181
2019-07-08,38.36,124.1424,150.8226,221.3181
2019-07-09,38.52,124.6602,150.8226,221.3181
2019-07-10,38.92,125.9547,150.8226,221.3181
2019-07-11,38.88,125.8252,150.8226,221.3181
2019-07-12,39.12,126.6019,150.8226,221.3181
2019-07-15,39.32,127.2492,150.8226,221.3181
2019-07-16,39.4,127.5081,150.8226,221.3181
2019-07-17,39.44,127.6375,150.8226,221.3181
2019-07-18,38.92,125.9547,150.8226,221.3181
2019-07-19,39.24,126.9903,150.8226,221.3181
2019-07-22,38.92,125.9547,150.8226,221.3181
2019-07-23,39.0,126.2136,150.8226,221.3181
2019-07-24,38.56,124.7896,150.8226,221.3181
2019-07-25,38.24,123.754,150.8226,221.3181
2019-07-26,37.68,121.9417,150.8226,221.3181
2019-07-29,37.6,121.6828,150.8226,221.3181
2019-07-30,37.0,119.7411,152.0206,220.9419
2019-07-31,36.96,119.6117,152.1139,220.9128
2019-08-01,36.0,116.5049,152.1139,220.9128
2019-08-02,35.44,114.6926,151.0262,222.0401
2019-08-05,34.2,110.6796,149.8505,223.2744
2019-08-06,34.64,112.1036,149.8505,223.2744
2019-08-08,35.64,115.3398,151.4157,221.6348
2019-08-09,35.68,115.4693,151.4935,221.5541
2019-08-12,35.0,113.2686,150.1651,222.9425
2019-08-13,35.96,116.3754,152.0365,220.9925
2019-08-14,34.56,111.8447,149.8505,223.2744
2019-08-15,34.48,111.5858,149.8505,223.2744
2019-08-16,35.08,113.5275,150.3221,222.7774
2019-08-20,35.28,114.1748,150.7137,222.3665
2019-08-21,35.52,114.9515,151.1822,221.8776
2019-08-22,35.04,113.3981,150.2436,222.8599
2019-08-23,34.08,110.2913,149.8505,223.2744
2019-08-26,34.36,111.1974,149.8505,223.2744
2019-08-27,34.2,110.6796,149.8505,223.2744
2019-08-28,34.36,111.1974,149.8505,223.2744
2019-08-29,34.84,112.7508,149.8505,223.2744
2019-08-30,34.84,112.7508,149.8505,223.2744
2019-09-03,35.08,113.5275,149.8505,223.2744
2019-09-04,35.52,114.9515,151.5918,223.4936
2019-09-05,35.56,115.0809,151.75,223.5134
2019-09-06,36.08,116.7638,152.6991,223.6317
2019-09-09,36.0,116.5049,152.6991,223.6317
2019-09-10,36.24,117.2816,152.6991,223.6317
2019-09-11,36.32,117.5405,152.6991,223.6317
2019-09-12,36.6,118.4466,152.6991,223.6317
2019-09-13,36.52,118.1877,152.6991,223.6317
2019-09-16,36.84,119.2233,152.6991,223.6317
2019-09-17,36.76,118.9644,152.6991,223.6317
2019-09-18,36.56,118.3172,152.6991,223.6317
2019-09-19,36.52,118.1877,152.6991,223.6317
2019-09-20,36.4,117.7994,152.6991,223.6317
2019-09-23,36.04,116.6343,152.6991,223.6317
2019-09-24,36.12,116.8932,152.6991,223.6317
2019-09-25,35.92,116.246,152.6991,223.6317
2019-09-26,36.36,117.6699,152.6991,223.6317
2019-09-27,36.04,116.6343,152.6991,223.6317
2019-09-30,35.8,115.8576,152.6991,223.6317
2019-10-01,35.56,115.0809,152.6991,223.6317
2019-10-02,35.44,114.6926,152.6991,223.6317
2019-10-03,35.84,115.9871,153.1989,224.8055
2019-10-04,36.16,117.0227,153.7675,226.1433
2019-10-07,35.96,116.3754,153.4125,225.3077
2019-10-08,35.68,115.4693,152.9136,224.1352
2019-10-09,35.84,115.9871,153.1989,224.8055
2019-10-10,35.96,116.3754,153.4125,225.3077
2019-10-11,36.2,117.1521,153.8383,226.3103
2019-10-15,36.0,116.5049,153.4836,225.4749
2019-10-16,35.96,116.3754,153.4125,225.3077
2019-10-17,36.04,116.6343,153.5546,225.6421
2019-10-18,36.24,117.2816,153.9091,226.4771
2019-10-21,36.08,116.7638,153.6256,225.8092
2019-10-22,36.52,118.1877,154.4035,227.6436
2019-10-23,36.88,119.3528,155.036,229.139
2019-10-24,37.2,120.3883,155.5951,230.4641
2019-10-25,37.28,120.6472,155.7345,230.7948
2019-10-28,37.44,121.165,156.0127,231.4555
2019-10-29,37.68,121.9417,156.4286,232.4448
2019-10-30,37.56,121.5534,156.2208,231.9504
2019-10-31,37.96,122.8479,156.912,233.5963
2019-11-01,39.08,126.4725,156.912,233.5963
2019-11-05,39.4,127.5081,156.912,233.5963
2019-11-06,39.2,126.8608,156.912,233.5963
2019-11-07,39.76,128.6731,156.912,233.5963
2019-11-08,39.16,126.7314,156.912,233.5963
2019-11-12,37.92,122.7184,155.4869,233.3409
2019-11-13,37.0,119.7411,154.3349,233.133
2019-11-14,37.0,119.7411,154.3349,233.133
2019-11-15,37.28,120.6472,154.6876,233.1968
2019-11-18,37.2,120.3883,154.587,233.1786
2019-11-19,36.92,119.4822,154.2338,233.1146
2019-11-20,36.44,117.9288,153.6239,233.0039
2019-11-21,36.32,117.5405,153.4705,232.976
2019-11-22,36.56,118.3172,153.7769,233.0317
2019-11-25,36.4,117.7994,153.5728,232.9946
2019-11-26,35.76,115.7282,152.7502,232.8446
2019-11-27,35.44,114.6926,152.5948,232.8162
2019-11-29,35.64,115.3398,152.5948,232.8162
2019-12-02,35.56,115.0809,152.5948,232.8162
2019-12-03,35.48,114.822,152.5948,232.8162
2019-12-04,36.44,117.9288,153.5692,234.1718
2019-12-05,36.8,119.0939,153.9628,234.7192
2019-12-06,37.52,121.4239,154.7415,235.8019
2019-12-09,37.28,120.6472,154.4831,235.4427
2019-12-10,37.12,120.1294,154.3102,235.2024
2019-12-11,37.56,121.5534,154.7844,235.8615
2019-12-12,38.0,122.9773,155.2545,236.5148
2019-12-13,38.16,123.4951,155.4244,236.751
2019-12-16,38.6,124.9191,155.8891,237.3965
2019-12-17,38.96,126.0841,156.2663,237.9205
2019-12-18,39.08,126.4725,156.3915,238.0943
2019-12-19,39.48,127.767,156.7239,238.5559
2019-12-20,39.28,127.1197,156.5995,238.3831
2019-12-23,39.92,129.1909,156.7239,238.5559
2019-12-24,39.84,128.932,156.7239,238.5559
2019-12-26,39.92,129.1909,156.7239,238.5559
2019-12-27,39.64,128.2848,156.7239,238.5559
2019-12-30,39.4,127.5081,156.7239,238.5559
2020-01-02,39.6,128.1553,156.7239,238.5559
2020-01-03,39.6,128.1553,156.7239,238.5559
2020-01-07,39.92,129.1909,156.7239,238.5559
2020-01-08,40.08,129.7087,156.7239,238.5559
2020-01-09,40.0,129.4498,156.7239,238.5559
2020-01-10,39.92,129.1909,156.7239,238.5559
2020-01-13,39.96,129.3204,156.7239,238.5559
2020-01-14,39.32,127.2492,156.3366,237.5623
2020-01-15,39.52,127.8964,156.6135,238.2723
2020-01-16,39.28,127.1197,156.2812,237.4202
2020-01-17,39.28,127.1197,156.2812,237.4202
2020-01-21,38.92,125.9547,155.7802,236.1379
2020-01-22,38.84,125.6958,155.6685,235.8523
2020-01-23,39.12,126.6019,156.0589,236.8509
2020-01-24,38.48,124.5307,155.1638,234.564
2020-01-27,37.88,122.589,154.3158,232.4059
2020-01-28,37.88,122.589,154.3158,232.4059
2020-01-29,37.88,122.589,154.3158,232.4059
2020-01-30,37.72,122.0712,154.0882,231.828
2020-01-31,37.56,121.5534,153.86,231.2491
2020-02-03,37.6,121.6828,153.86,231.2491
2020-02-04,38.24,123.754,153.86,231.2491
2020-02-05,38.64,125.0485,153.86,231.2491
2020-02-06,38.44,124.4013,153.86,231.2491
2020-02-07,37.96,122.8479,153.86,231.2491
2020-02-10,37.68,121.9417,153.86,231.2491
2020-02-11,37.88,122.589,153.86,231.2491
2020-02-12,38.32,124.0129,153.86,231.2491
2020-02-13,38.88,125.8252,153.86,231.2491
2020-02-14,38.56,124.7896,153.86,231.2491
2020-02-18,38.44,124.4013,153.86,231.2491
2020-02-19,38.6,124.9191,153.86,231.2491
2020-02-20,38.52,124.6602,153.86,231.2491
2020-02-21,37.92,122.7184,153.86,231.2491
2020-02-24,36.44,117.9288,152.3094,228.0369
2020-02-25,36.28,117.411,152.0929,227.5894
2020-02-26,35.68,115.4693,151.2753,225.9015
2020-02-27,34.88,112.8803,150.1705,223.6264
2020-02-28,33.68,108.9968,148.4808,220.1588
2020-03-02,34.4,111.3269,148.4808,220.1588
2020-03-03,34.04,110.1618,147.5314,218.526
2020-03-04,34.48,111.5858,148.4808,220.1588
2020-03-05,33.64,108.8673,146.4718,216.7058
2020-03-06,32.4,104.8544,143.1556,211.0224
2020-03-09,27.8,89.9676,130.3946,189.353
2020-03-10,28.0,90.6149,130.9658,190.316
2020-03-11,26.32,85.178,126.1167,182.163
2020-03-12,22.28,72.1036,113.9316,161.9011
2020-03-13,23.16,74.9515,116.6547,166.4003
2020-03-16,19.96,64.5955,111.2928,157.5576
2020-03-17,19.52,63.1715,111.2928,157.5576
2020-03-18,16.52,53.4628,111.2928,157.5576
2020-03-19,16.96,54.8867,111.2928,157.5576
2020-03-20,17.16,55.534,111.2928,157.5576
2020-03-24,17.12,55.4045,111.2928,157.5576
2020-03-25,19.6,63.4304,111.2928,157.5576
2020-03-26,22.16,71.7152,113.557,161.2836
2020-03-27,21.4,69.2557,111.2928,157.5576
2020-03-30,21.12,68.3495,111.2928,157.5576
2020-03-31,21.44,69.3851,111.2928,157.5576
2020-04-01,20.12,65.1133,111.2928,157.5576
2020-04-02,20.88,67.5728,111.2562,158.608
2020-04-03,21.32,68.9968,111.2357,159.2019
2020-04-06,22.44,72.6214,111.1861,160.6436
2020-04-07,22.76,73.657,111.1861,160.6436
2020-04-08,23.28,75.3398,111.1861,160.6436
2020-04-13,23.48,75.9871,111.1861,160.6436
2020-04-14,23.88,77.2816,111.1861,160.6436
2020-04-15,23.56,76.246,111.1861,160.6436
2020-04-16,22.88,74.0453,111.1861,160.6436
2020-04-17,23.44,75.8576,111.1861,160.6436
2020-04-20,23.16,74.9515,111.1861,160.6436
2020-04-21,21.4,69.2557,111.232,159.3088
2020-04-22,21.32,68.9968,111.2357,159.2019
2020-04-23,21.56,69.7735,111.2246,159.5216
2020-04-24,21.28,68.8673,111.2375,159.1483
2020-04-27,21.36,69.1262,111.2338,159.2554
2020-04-28,22.4,72.4919,111.187,160.618
2020-04-29,22.49,72.7832,111.1861,160.6436
2020-04-30,22.42,72.5566,111.1861,160.6436
2020-05-04,21.88,70.8091,111.1861,160.6436
2020-05-05,21.98,71.1327,109.6643,159.7923
2020-05-06,21.65,70.0647,111.1861,160.6436
2020-05-07,21.92,70.9385,110.574,160.3021
2020-05-08,22.52,72.8803,101.9081,155.3365
2020-05-11,22.22,71.9094,106.1234,157.783
2020-05-12,21.8,70.5502,111.1861,160.6436
2020-05-13,20.49,66.3107,111.1861,160.6436
2020-05-14,20.44,66.1489,111.1861,160.6436
2020-05-15,20.69,66.9579,111.1861,160.6436
2020-05-18,21.37,69.1586,111.1861,160.6436
2020-05-19,21.31,68.9644,111.1861,160.6436
2020-05-20,21.87,70.7767,111.1861,160.6436
2020-05-21,22.02,71.2621,109.0633,159.4542
2020-05-22,22.06,71.3916,108.4668,159.1173
2020-05-26,22.31,72.2006,104.8348,157.0416
2020-05-27,22.54,72.945,101.9081,155.3365
2020-05-28,22.85,73.9482,101.9081,155.3365
2020-05-29,22.52,72.8803,101.9081,155.3365
2020-06-01,23.13,74.8544,101.9081,155.3365
2020-06-02,23.83,77.1197,101.9081,155.3365
2020-06-03,25.01,80.9385,101.9081,155.3365
2020-06-04,25.41,82.233,101.9081,155.3365
2020-06-05,26.3,85.1133,101.9081,155.3365
2020-06-08,26.95,87.2168,101.9081,155.3365
2020-06-09,26.19,84.7573,101.9081,155.3365
2020-06-10,25.36,82.0712,101.9081,155.3365
2020-06-11,23.33,75.5016,101.9081,155.3365
2020-06-12,23.82,77.0874,101.9081,155.3365
2020-06-16,24.23,78.4142,101.9081,155.3365
2020-06-17,23.63,76.4725,101.9081,155.3365
2020-06-18,23.72,76.7638,101.9081,155.3365
2020-06-19,23.83,77.1197,101.9081,155.3365
2020-06-23,23.85,77.1845,101.9081,155.3365
2020-06-24,23.2,75.0809,101.9081,155.3365
2020-06-25,23.52,76.1165,101.9081,155.3365
2020-06-26,23.16,74.9515,101.9081,155.3365
2020-06-30,22.72,73.5275,108.9855,157.5141
2020-07-01,23.11,74.7896,108.9855,157.5141
2020-07-02,23.44,75.8576,109.8259,159.1309
2020-07-06,23.97,77.5728,111.1141,161.617
2020-07-07,24.13,78.0906,111.1141,161.617
2020-07-08,24.39,78.932,111.1141,161.617
2020-07-09,24.34,78.7702,111.1141,161.617
2020-07-10,24.37,78.8673,111.1141,161.617
2020-07-13,24.29,78.6084,111.1141,161.617
2020-07-14,24.13,78.0906,111.1141,161.617
2020-07-15,24.36,78.835,111.1141,161.617
2020-07-16,24.45,79.1262,111.1141,161.617
2020-07-17,24.39,78.932,111.1141,161.617
2020-07-21,24.59,79.5793,111.1141,161.617
2020-07-22,24.92,80.6472,111.1141,161.617
2020-07-23,24.92,80.6472,111.1141,161.617
2020-07-24,24.6,79.6117,111.1141,161.617
2020-07-27,24.96,80.7767,111.1141,161.617
2020-07-28,24.48,79.2233,111.1141,161.617
2020-07-29,24.6,79.6117,111.1141,161.617
2020-07-30,24.34,78.7702,111.1141,161.617
2020-07-31,23.95,77.5081,111.1141,161.617
2020-08-03,23.61,76.4078,111.1141,161.617
2020-08-04,23.26,75.2751,111.1141,161.617
2020-08-05,23.37,75.6311,111.1141,161.617
2020-08-06,23.6,76.3754,111.1141,161.617
2020-08-10,23.56,76.246,111.1141,161.617
2020-08-11,23.66,76.5696,111.4369,162.0442
2020-08-12,23.46,75.9223,111.1141,161.617
2020-08-13,23.78,76.9579,112.2125,163.0704
2020-08-14,23.59,76.343,111.1141,161.617
2020-08-18,23.67,76.6019,111.5015,162.1297
2020-08-19,23.91,77.3786,113.0544,164.1835
2020-08-20,23.75,76.8608,112.0185,162.8137
2020-08-21,23.72,76.7638,111.8245,162.5571
2020-08-24,24.24,78.4466,115.1992,167.0158
2020-08-25,24.65,79.7735,117.879,170.548
2020-08-26,24.95,80.7443,119.8503,173.1419
2020-08-27,24.97,80.8091,119.9821,173.3151
2020-08-28,25.45,82.3625,121.0374,174.7019
2020-08-31,25.13,81.3269,121.0374,174.7019
2020-09-01,26.16,84.6602,121.0374,174.7019
2020-09-02,26.75,86.5696,121.0374,174.7019
2020-09-03,26.18,84.7249,121.0374,174.7019
2020-09-04,25.87,83.7217,120.9137,173.9459
2020-09-08,25.42,82.2654,120.7193,172.7625
2020-09-09,25.61,82.8803,120.8018,173.2637
2020-09-10,25.3,81.877,120.6669,172.4448
2020-09-11,25.16,81.4239,120.6056,172.073
2020-09-14,24.89,80.5502,120.4863,171.3522
2020-09-15,24.88,80.5178,120.4818,171.3255
2020-09-16,24.92,80.6472,120.4996,171.4326
2020-09-17,24.83,80.356,120.4596,171.1914
2020-09-18,24.61,79.644,120.3613,170.5998
2020-09-21,24.25,78.479,120.1988,169.6246
2020-09-22,24.16,78.1877,120.1578,169.3794
2020-09-23,23.5,76.0518,119.853,167.5641
2020-09-24,23.46,75.9223,119.8343,167.4531
2020-09-25,23.28,75.3398,119.8296,167.4253
2020-09-28,23.52,76.1165,119.8624,167.6196
2020-09-29,23.33,75.5016,119.8296,167.4253
2020-09-30,23.45,75.89,119.8296,167.4253
2020-10-01,23.25,75.2427,119.8296,167.4253
2020-10-02,23.21,75.1133,118.643,166.3813
2020-10-05,23.63,76.4725,119.8296,167.4253
2020-10-06,23.62,76.4401,119.8296,167.4253
2020-10-07,23.47,75.9547,119.8296,167.4253
2020-10-08,23.74,76.8285,119.8296,167.4253
2020-10-09,24.29,78.6084,119.8296,167.4253
2020-10-13,23.58,76.3107,119.8296,167.4253
2020-10-14,23.69,76.6667,119.8296,167.4253
2020-10-15,23.69,76.6667,119.8296,167.4253
2020-10-16,23.54,76.1812,119.8296,167.4253
2020-10-19,23.74,76.8285,119.8296,167.4253
2020-10-20,24.17,78.2201,119.8296,167.4253
2020-10-21,24.49,79.2557,119.8296,167.4253
2020-10-22,24.42,79.0291,119.8296,167.4253
2020-10-23,24.19,78.2848,119.8296,167.4253
2020-10-26,23.88,77.2816,119.8296,167.4253
2020-10-27,23.95,77.5081,119.8296,167.4253
2020-10-28,23.0,74.4337,113.9935,162.2522
2020-10-29,22.63,73.2362,113.9935,162.2522
2020-10-30,23.05,74.5955,113.9935,162.2522
2020-11-03,23.78,76.9579,113.9935,162.2522
2020-11-04,24.12,78.0583,115.0565,164.048
2020-11-05,24.3,78.6408,115.6172,164.9964
2020-11-06,24.68,79.8706,116.7962,166.9935
2020-11-09,26.08,84.4013,121.0868,174.2926
2020-11-10,26.36,85.3074,121.9353,175.7417
2020-11-11,26.33,85.2104,121.8445,175.5866
2020-11-12,26.23,84.8867,121.5417,175.0693
2020-11-13,25.99,84.11,120.8134,173.8261
2020-11-17,26.37,85.3398,121.9655,175.7934
2020-11-18,26.38,85.3722,121.9957,175.8451
2020-11-19,26.49,85.7282,122.3281,176.4134
2020-11-20,26.7,86.4078,122.9613,177.4967
2020-11-23,27.12,87.767,124.2226,179.6578
2020-11-24,27.75,89.8058,125.4474,181.7601
2020-11-25,27.77,89.8706,125.4474,181.7601
2020-11-27,27.8,89.9676,125.4474,181.7601
2020-11-30,27.53,89.0939,125.4474,181.7601
2020-12-01,28.34,91.7152,125.4474,181.7601
2020-12-02,28.87,93.4304,127.3504,184.9383
2020-12-03,29.26,94.6926,128.7465,187.2745
2020-12-04,30.17,97.6375,131.9908,192.718
2020-12-07,30.65,99.1909,133.6946,195.5849
2020-12-09,30.75,99.5146,134.0489,196.1819
2020-12-10,31.41,101.6505,136.3822,200.1184
2020-12-11,31.2,100.9709,135.6408,198.8665
2020-12-14,31.87,103.1392,138.0029,202.859
2020-12-15,32.59,105.4693,140.531,207.1434
2020-12-16,32.55,105.3398,140.3908,206.9055
2020-12-17,33.15,107.2816,140.7061,207.4407
2020-12-18,33.36,107.9612,140.7061,207.4407
2020-12-21,31.8,102.9126,137.7566,202.4421
2020-12-22,31.7,102.589,137.4045,201.8465
2020-12-23,31.73,102.6861,137.5101,202.0252
2020-12-28,32.14,104.0129,138.9522,204.4663
2020-12-29,32.66,105.6958,140.7061,207.4407
2020-12-30,32.64,105.6311,140.7061,207.4407
2021-01-04,31.96,103.4304,140.7061,207.4407
2021-01-05,32.09,103.8511,140.7061,207.4407
2021-01-06,32.55,105.3398,140.7061,207.4407
2021-01-07,32.61,105.534,140.7061,207.4407
2021-01-08,32.52,105.2427,140.7061,207.4407
2021-01-12,32.79,106.1165,140.7061,207.4407
2021-01-13,32.51,105.2104,140.7061,207.4407
2021-01-14,32.89,106.4401,140.7061,207.4407
2021-01-15,32.66,105.6958,140.7061,207.4407
2021-01-19,32.53,105.2751,140.7061,207.4407
2021-01-20,32.82,106.2136,140.7061,207.4407
2021-01-21,32.31,104.5631,140.7061,207.4407
2021-01-22,30.67,99.2557,138.1725,200.2053
2021-01-25,30.34,98.1877,137.5148,198.3477
2021-01-26,30.01,97.1197,136.8531,196.4873
2021-01-27,29.33,94.9191,135.9037,193.8328
2021-01-28,29.6,95.7929,136.0253,194.172
2021-01-29,29.54,95.5987,135.9037,193.8328
2021-02-01,29.44,95.2751,135.9037,193.8328
2021-02-02,30.16,97.6052,135.9037,193.8328
2021-02-03,29.98,97.0227,135.9037,193.8328
2021-02-04,30.27,97.9612,135.9037,193.8328
2021-02-05,29.98,97.0227,135.9037,193.8328
2021-02-08,30.08,97.3463,135.9037,193.8328
2021-02-09,30.13,97.5081,135.9037,193.8328
2021-02-10,30.26,97.9288,135.9037,193.8328
2021-02-11,30.29,98.0259,135.9037,193.8328
2021-02-12,30.26,97.9288,135.9037,193.8328
2021-02-16,30.12,97.4757,135.9037,193.8328
2021-02-17,30.3,98.0583,135.9037,193.8328
2021-02-18,30.09,97.3786,135.9037,193.8328
2021-02-19,29.75,96.2783,135.9037,193.8328
2021-02-22,29.5,95.4693,135.9037,193.8328
2021-02-23,29.4,95.1456,135.881,194.0566
2021-02-24,30.0,97.0874,135.9037,193.8328
2021-02-25,29.39,95.1133,135.8754,194.1126
2021-02-26,28.65,92.7184,135.4515,198.3603
2021-03-01,29.26,94.6926,135.4515,198.3603
2021-03-02,29.23,94.5955,135.2104,197.6177
2021-03-03,29.1,94.1748,134.1676,194.4228
2021-03-04,28.88,93.4628,132.4902,189.3413
2021-03-05,29.31,94.8544,135.4515,198.3603
2021-03-08,29.53,95.5663,135.4515,198.3603
2021-03-09,29.74,96.246,135.4515,198.3603
2021-03-10,29.95,96.9256,135.4515,198.3603
2021-03-11,30.08,97.3463,135.4515,198.3603
2021-03-12,30.02,97.1521,135.4515,198.3603
2021-03-15,30.14,97.5405,135.4515,198.3603
2021-03-16,30.24,97.8641,135.4515,198.3603
2021-03-17,29.95,96.9256,135.4515,198.3603
2021-03-18,29.92,96.8285,135.4515,198.3603
2021-03-19,29.73,96.2136,135.4515,198.3603
2021-03-23,29.04,93.9806,133.6874,192.9609
2021-03-24,28.62,92.6214,132.4902,189.3413
2021-03-25,28.59,92.5243,132.4902,189.3413
2021-03-26,28.61,92.589,132.4902,189.3413
2021-03-29,28.7,92.8803,132.4902,189.3413
2021-03-30,28.5,92.233,132.4902,189.3413
2021-03-31,28.89,93.4951,132.4902,189.3413
2021-04-05,29.1,94.1748,132.4902,189.3413
2021-04-06,29.0,93.8511,132.1455,188.6562
2021-04-07,29.22,94.5631,132.4902,189.3413
2021-04-08,29.41,95.178,132.4902,189.3413
2021-04-09,29.37,95.0485,132.4902,189.3413
2021-04-12,29.11,94.2071,132.4902,189.3413
2021-04-13,28.95,93.6893,131.9731,188.3138
2021-04-14,29.11,94.2071,132.4902,189.3413
2021-04-15,29.46,95.3398,132.4902,189.3413
2021-04-16,29.78,96.3754,132.4902,189.3413
2021-04-19,29.21,94.5307,132.4902,189.3413
2021-04-20,28.88,93.4628,131.7315,187.8344
2021-04-21,28.87,93.4304,131.697,187.7659
2021-04-22,28.72,92.945,131.1788,186.7388
2021-04-23,28.6,92.5566,130.7637,185.9173
2021-04-26,28.24,91.3916,129.5161,183.4541
2021-04-27,28.15,91.1003,129.2036,182.8385
2021-04-28,28.34,91.7152,129.863,184.1382
2021-04-29,27.99,90.5825,128.6474,181.7445
2021-04-30,27.2,88.0259,125.8898,176.3474
2021-05-03,26.35,85.2751,125.8898,176.3474
2021-05-04,25.96,84.0129,125.8898,176.3474
2021-05-05,26.17,84.6926,125.8898,176.3474
2021-05-06,26.89,87.0227,122.8629,174.7323
2021-05-07,27.64,89.4498,120.8117,173.6237
2021-05-10,28.82,93.2686,120.8117,173.6237
2021-05-11,28.57,92.4595,120.8117,173.6237
2021-05-12,28.08,90.8738,120.8117,173.6237
2021-05-13,28.0,90.6149,120.8117,173.6237
2021-05-14,28.56,92.4272,120.8117,173.6237
2021-05-18,28.52,92.2977,120.8117,173.6237
2021-05-19,28.11,90.9709,120.8117,173.6237
2021-05-20,27.43,88.7702,120.8117,173.6237
2021-05-21,27.26,88.2201,120.8649,173.6526
2021-05-24,27.1,87.7023,121.7215,174.1169
2021-05-25,26.99,87.3463,122.3169,174.4384
2021-05-26,26.7,86.4078,123.9126,175.2952
2021-05-27,26.98,87.3139,122.3713,174.4677
2021-05-28,27.27,88.2524,120.8117,173.6237
2021-06-01,28.07,90.8414,120.8117,173.6237
2021-06-02,28.57,92.4595,120.8117,173.6237
2021-06-03,28.55,92.3948,120.8117,173.6237
2021-06-04,29.1,94.1748,120.8117,173.6237
2021-06-08,29.12,94.2395,120.8117,173.6237
2021-06-09,29.24,94.6278,120.8117,173.6237
2021-06-10,29.31,94.8544,120.8117,173.6237
2021-06-11,29.25,94.6602,120.8117,173.6237
2021-06-15,28.53,92.3301,120.8117,173.6237
2021-06-16,28.33,91.6828,120.8117,173.6237
2021-06-17,27.8,89.9676,123.3818,179.8948
2021-06-18,27.64,89.4498,123.3818,179.8948
2021-06-21,27.56,89.1909,123.3818,179.8948
2021-06-22,27.62,89.3851,123.3818,179.8948
2021-06-23,27.61,89.3528,123.3818,179.8948
2021-06-24,28.52,92.2977,120.8117,173.6237
2021-06-25,28.79,93.1715,120.8117,173.6237
2021-06-28,28.62,92.6214,120.8117,173.6237
2021-06-29,27.77,89.8706,123.3818,179.8948
2021-06-30,27.87,90.1942,123.3818,179.8948
2021-07-01,27.72,89.7087,123.3818,179.8948
2021-07-02,28.53,92.3301,123.3818,179.8948
2021-07-06,28.02,90.6796,123.3818,179.8948
2021-07-07,27.7,89.644,123.3415,179.8216
2021-07-08,27.6,89.3204,123.1395,179.4555
2021-07-09,27.99,90.5825,123.3818,179.8948
2021-07-12,28.0,90.6149,123.3818,179.8948
2021-07-13,27.91,90.3236,123.3818,179.8948
2021-07-14,27.88,90.2265,123.3818,179.8948
2021-07-15,27.58,89.2557,123.0991,179.3822
2021-07-16,27.56,89.1909,123.0586,179.3089
2021-07-19,26.53,85.8576,120.9531,175.5009
2021-07-21,26.95,87.2168,121.817,177.0613
2021-07-22,26.69,86.3754,121.2831,176.0966
2021-07-23,26.72,86.4725,121.3448,176.2081
2021-07-26,26.68,86.343,121.2625,176.0594
2021-07-27,26.49,85.7282,120.8911,175.389
2021-07-28,26.69,86.3754,121.2831,176.0966
2021-07-29,26.98,87.3139,121.8784,177.1723
2021-07-30,26.5,85.7605,120.8911,175.389
2021-08-02,26.35,85.2751,120.8911,175.389
2021-08-03,26.18,84.7249,120.8911,175.389
2021-08-04,26.28,85.0485,120.8911,175.389
2021-08-05,26.1,84.466,120.8911,175.389
2021-08-06,25.86,83.6893,120.8911,175.389
2021-08-09,25.81,83.5275,120.8911,175.389
2021-08-10,26.1,84.466,120.8911,175.389
2021-08-11,26.37,85.3398,120.9359,175.4871
2021-08-12,27.1,87.7023,122.5609,179.057
2021-08-13,27.3,88.3495,123.0022,180.0307
2021-08-17,27.42,88.7379,123.2662,180.6139
2021-08-18,28.3,91.5858,125.1842,184.8711
2021-08-19,28.07,90.8414,124.6859,183.7618
2021-08-20,28.31,91.6181,125.2058,184.9192
2021-08-23,28.31,91.6181,125.2058,184.9192
2021-08-24,28.49,92.2006,125.5943,185.7856
2021-08-25,28.3,91.5858,125.1842,184.8711
2021-08-26,28.08,90.8738,124.7076,183.8101
2021-08-27,28.56,92.4272,125.745,186.1222
2021-08-30,28.71,92.9126,126.0674,186.8426
2021-08-31,28.98,93.7864,126.6455,188.1369
2021-09-01,29.06,94.0453,126.6455,188.1369
2021-09-02,29.09,94.1424,126.9185,188.7595
2021-09-03,28.78,93.1392,126.6455,188.1369
2021-09-07,28.61,92.589,126.6455,188.1369
2021-09-08,28.4,91.9094,126.6455,188.1369
2021-09-09,28.42,91.9741,126.6455,188.1369
2021-09-10,28.32,91.6505,126.6455,188.1369
2021-09-13,28.32,91.6505,126.6455,188.1369
2021-09-14,28.09,90.9061,126.6455,188.1369
2021-09-15,28.54,92.3625,126.6455,188.1369
2021-09-16,28.56,92.4272,126.6455,188.1369
2021-09-17,28.42,91.9741,126.6455,188.1369
2021-09-20,27.8,89.9676,126.6455,188.1369
2021-09-21,27.59,89.288,126.6455,188.1369
2021-09-22,28.17,91.165,126.6455,188.1369
2021-09-23,28.33,91.6828,126.6455,188.1369
2021-09-24,28.08,90.8738,126.6455,188.1369
2021-09-27,28.81,93.2362,126.6455,188.1369
2021-09-28,29.0,93.8511,126.6455,188.1369
2021-09-29,28.96,93.7217,126.6455,188.1369
2021-09-30,29.34,94.9515,129.2048,194.0031
2021-10-01,29.63,95.89,129.2048,194.0031
2021-10-04,29.9,96.7638,130.0795,195.1847
2021-10-05,29.97,96.9903,130.3059,195.4904
2021-10-06,29.9,96.7638,130.0795,195.1847
2021-10-07,30.57,98.932,132.2412,198.1016
2021-10-08,30.67,99.2557,132.5628,198.5352
2021-10-11,30.82,99.7411,133.0447,199.1846
2021-10-12,30.75,99.5146,132.8199,198.8817
2021-10-13,30.8,99.6764,132.9805,199.0981
2021-10-14,30.91,100.0324,133.0768,199.2279
2021-10-15,31.26,101.165,133.0768,199.2279
2021-10-19,31.06,100.5178,133.0768,199.2279
2021-10-20,31.04,100.4531,133.0768,199.2279
2021-10-21,30.8,99.6764,132.9805,199.0981
2021-10-22,30.75,99.5146,132.8199,198.8817
2021-10-25,30.85,99.8382,133.0768,199.2279
2021-10-26,31.17,100.8738,133.0768,199.2279
2021-10-27,31.02,100.3883,133.0768,199.2279
2021-10-28,31.0,100.3236,133.0768,199.2279
2021-10-29,30.83,99.7735,133.0768,199.2279
2021-11-02,30.56,98.8997,133.0768,199.2279
2021-11-03,30.46,98.5761,132.9588,199.5869
2021-11-04,30.13,97.5081,132.5674,200.7848
2021-11-05,29.97,96.9903,132.3765,201.3729
2021-11-08,30.07,97.3139,132.4959,201.0047
2021-11-09,29.86,96.6343,132.2448,201.7801
2021-11-10,29.62,95.8576,131.9562,202.6765
2021-11-11,29.5,95.4693,131.8113,203.129
2021-11-12,29.41,95.178,131.7023,203.4703
2021-11-16,28.88,93.4628,131.0557,205.513
2021-11-17,28.33,91.6828,130.3754,207.6953
2021-11-18,28.43,92.0065,130.4998,207.2936
2021-11-19,28.15,91.1003,130.313,207.8969
2021-11-22,28.41,91.9417,130.4749,207.3738
2021-11-23,28.26,91.4563,130.313,207.8969
2021-11-24,28.13,91.0356,130.313,207.8969
2021-11-26,27.66,89.5146,130.313,207.8969
2021-11-29,27.83,90.0647,130.313,207.8969
2021-11-30,28.28,91.521,130.313,207.8969
2021-12-01,29.55,95.6311,130.313,207.8969
2021-12-02,30.17,97.6375,130.313,207.8969
2021-12-03,29.95,96.9256,130.313,207.8969
2021-12-06,30.17,97.6375,130.313,207.8969
2021-12-07,30.32,98.123,130.313,207.8969
2021-12-09,29.48,95.4045,130.6074,208.3713
2021-12-10,29.23,94.5955,131.6701,210.0837
2021-12-13,28.68,92.8155,134.0717,213.9539
2021-12-14,28.0,90.6149,135.6472,216.4935
2021-12-15,28.28,91.521,135.6472,216.4935
2021-12-16,28.9,93.5275,133.1003,212.3885
2021-12-17,28.9,93.5275,133.1003,212.3885
2021-12-20,28.23,91.3592,135.6472,216.4935
2021-12-21,28.54,92.3625,134.6974,214.9624
2021-12-22,28.68,92.8155,134.0717,213.9539
2021-12-23,28.68,92.8155,134.0717,213.9539
2021-12-27,29.03,93.9482,132.5331,211.4744
2021-12-28,29.11,94.2071,132.1865,210.9158
2021-12-29,28.75,93.0421,133.761,213.4533
2021-12-30,28.33,91.6828,135.6472,216.4935
2022-01-03,28.46,92.1036,135.6472,216.4935
2022-01-04,28.42,91.9741,135.6472,216.4935
2022-01-05,28.13,91.0356,135.6472,216.4935
2022-01-06,27.77,89.8706,135.6472,216.4935
2022-01-07,27.94,90.4207,135.6472,216.4935
2022-01-11,28.77,93.1068,136.8847,218.5343
2022-01-12,29.58,95.7282,140.1081,223.8531
2022-01-13,29.73,96.2136,140.7034,224.8358
2022-01-14,29.36,95.0162,139.234,222.4104
2022-01-18,30.99,100.2913,145.6854,233.0655
2022-01-19,31.37,101.521,146.355,234.1723
2022-01-20,30.96,100.1942,145.5671,232.8701
2022-01-21,30.68,99.288,144.4627,231.0449
2022-01-24,30.46,98.5761,143.5939,229.6094
2022-01-25,30.61,99.0615,144.1864,230.5883
2022-01-26,30.91,100.0324,145.37,232.5443
2022-01-27,30.69,99.3204,144.5022,231.1102
2022-01-28,30.91,100.0324,145.37,232.5443
2022-01-31,31.16,100.8414,146.355,234.1723
2022-02-01,31.36,101.4887,146.355,234.1723
2022-02-02,31.21,101.0032,146.355,234.1723
2022-02-03,30.69,99.3204,146.355,234.1723
2022-02-04,30.63,99.1262,146.355,234.1723
2022-02-07,30.85,99.8382,146.355,234.1723
2022-02-08,30.91,100.0324,146.355,234.1723
2022-02-09,31.03,100.4207,146.355,234.1723
2022-02-10,30.44,98.5113,146.355,234.1723
2022-02-11,30.13,97.5081,146.355,234.1723
2022-02-14,30.42,98.4466,146.355,234.1723
2022-02-15,30.22,97.7994,146.355,234.1723
2022-02-16,30.52,98.7702,146.355,234.1723
2022-02-17,30.46,98.5761,146.355,234.1723
2022-02-18,30.39,98.3495,146.355,234.1723
2022-02-22,30.37,98.2848,146.355,234.1723
2022-02-23,30.9,100.0,146.355,234.1723
2022-02-24,30.89,99.9676,146.355,234.1723
2022-02-25,31.11,100.6796,146.355,234.1723
2022-02-28,31.5,101.9417,149.5716,246.5088
2022-03-01,31.79,102.8803,149.5716,246.5088
2022-03-02,32.29,104.4984,149.7597,248.4805
2022-03-03,32.82,106.2136,149.9562,250.5544
2022-03-04,32.6,105.5016,149.875,249.6955
2022-03-07,32.43,104.9515,149.8119,249.0299
2022-03-08,32.54,105.3074,149.8527,249.4608
2022-03-09,33.34,107.8964,150.1462,252.5732
2022-03-10,32.97,106.699,150.0113,251.1383
2022-03-11,32.62,105.5663,149.8824,249.7737
2022-03-14,32.44,104.9838,149.8156,249.0691
2022-03-15,32.15,104.0453,149.7073,247.93
2022-03-16,32.32,104.5955,149.7709,248.5984
2022-03-17,32.78,106.0841,149.9415,250.3984
2022-03-18,32.81,106.1812,149.9525,250.5154
2022-03-22,33.66,108.932,150.2617,253.8079
2022-03-23,34.05,110.1942,150.4012,255.305
2022-03-24,34.06,110.2265,150.4048,255.3432
2022-03-25,34.42,111.3916,150.4757,256.1076
2022-03-28,34.63,112.0712,150.4757,256.1076
2022-03-29,34.73,112.3948,150.4757,256.1076
2022-03-30,34.39,111.2945,150.4757,256.1076
2022-03-31,34.26,110.8738,150.4757,256.1076
2022-04-01,34.79,112.589,150.4757,256.1076
2022-04-04,35.1,113.5922,150.4757,256.1076
2022-04-05,34.94,113.0744,150.4757,256.1076
2022-04-06,34.76,112.4919,150.4603,256.0968
2022-04-07,34.42,111.3916,150.2847,255.9734
2022-04-08,34.65,112.1359,150.4037,256.057
2022-04-11,34.47,111.5534,150.3106,255.9916
2022-04-12,34.41,111.3592,150.2795,255.9697
2022-04-13,34.79,112.589,150.4757,256.1076
2022-04-18,34.68,112.233,150.4191,256.0678
2022-04-19,34.51,111.6828,150.3314,256.0062
2022-04-20,34.73,112.3948,150.4449,256.0859
2022-04-21,34.6,111.9741,150.3779,256.0389
2022-04-22,33.88,109.644,150.0027,255.775
2022-04-25,33.18,107.3786,149.6311,255.5134
2022-04-26,32.57,105.4045,149.3016,255.281
2022-04-27,32.69,105.7929,149.3669,255.3271
2022-04-28,32.44,104.9838,149.2307,255.231
2022-04-29,32.3,104.5307,149.1541,255.1769
2022-05-02,31.72,102.6537,149.1541,255.1769
2022-05-03,31.87,103.1392,149.0543,255.1222
2022-05-04,32.06,103.754,148.9287,255.0533
2022-05-05,31.44,101.7476,149.1541,255.1769
2022-05-06,31.12,100.712,149.1541,255.1769
2022-05-09,29.85,96.6019,149.1541,255.1769
2022-05-10,29.85,96.6019,149.1541,255.1769
2022-05-11,29.82,96.5049,149.1541,255.1769
2022-05-12,29.71,96.1489,149.1541,255.1769
2022-05-13,29.83,96.5372,149.1541,255.1769
2022-05-16,30.59,98.9968,149.1541,255.1769
2022-05-17,30.31,98.0906,149.1541,255.1769
2022-05-18,29.37,95.0485,149.1541,255.1769
2022-05-19,28.58,92.4919,149.1541,255.1769
2022-05-20,29.68,96.0518,149.1541,255.1769
2022-05-23,30.15,97.5728,149.1541,255.1769
2022-05-24,30.41,98.4142,149.1541,255.1769
2022-05-25,30.76,99.5469,149.1541,255.1769
2022-05-26,31.41,101.6505,149.1541,255.1769
2022-05-27,31.7,102.589,149.1541,255.1769
2022-05-31,34.23,110.7767,147.5521,254.2955
2022-06-01,34.04,110.1618,147.5521,254.2955
2022-06-02,34.41,111.3592,147.5521,254.2955
2022-06-03,34.21,110.712,147.5521,254.2955
2022-06-06,33.77,109.288,147.0607,253.6018
2022-06-07,33.68,108.9968,146.8964,253.3698
2022-06-08,33.44,108.2201,146.4571,252.749
2022-06-09,32.51,105.2104,144.7369,250.3155
2022-06-10,31.53,102.0388,142.893,247.7011
2022-06-13,30.08,97.3463,140.1027,243.7331
2022-06-14,30.16,97.6052,140.2587,243.9553
2022-06-15,30.86,99.8706,141.6132,245.8829
2022-06-16,30.09,97.3786,140.1222,243.7609
2022-06-17,30.07,97.3139,140.0832,243.7053
2022-06-21,27.66,89.5146,135.2659,236.8208
2022-06-22,27.55,89.1586,135.0403,236.4973
2022-06-23,26.37,85.3398,132.5867,232.9726
2022-06-24,26.71,86.4401,133.3001,233.9986
2022-06-28,27.22,88.0906,134.3604,235.5217
2022-06-29,25.36,82.0712,130.4354,229.8725
2022-06-30,24.9,80.5825,129.439,228.4336
2022-07-01,24.66,79.8058,129.439,228.4336
2022-07-05,24.14,78.123,125.9315,225.0322
2022-07-06,23.54,76.1812,123.6499,222.7966
2022-07-07,23.72,76.7638,123.6499,222.7966
2022-07-08,23.56,76.246,123.6499,222.7966
2022-07-11,22.76,73.657,123.6499,222.7966
2022-07-12,22.28,72.1036,123.6499,222.7966
2022-07-13,22.28,72.1036,123.6499,222.7966
2022-07-14,21.77,70.4531,123.6499,222.7966
2022-07-15,22.31,72.2006,123.6499,222.7966
2022-07-18,22.75,73.6246,123.6499,222.7966
2022-07-19,23.41,75.7605,123.6499,222.7966
2022-07-21,23.01,74.466,123.6499,222.7966
2022-07-22,22.54,72.945,123.6499,222.7966
2022-07-25,22.63,73.2362,123.6499,222.7966
2022-07-26,22.78,73.7217,123.6499,222.7966
2022-07-27,23.18,75.0162,123.6499,222.7966
2022-07-28,23.63,76.4725,123.6499,222.7966
2022-07-29,23.8,77.0227,123.6499,222.7966
2022-08-01,23.45,75.89,123.6499,222.7966
2022-08-02,23.46,75.9223,123.6499,222.7966
2022-08-03,23.48,75.9871,123.6499,222.7966
2022-08-04,23.42,75.7929,123.4681,222.2822
2022-08-05,23.48,75.9871,123.6499,222.7966
2022-08-08,24.15,78.1553,123.6499,222.7966
2022-08-09,23.94,77.4757,123.6499,222.7966
2022-08-10,24.35,78.8026,123.6499,222.7966
2022-08-11,24.73,80.0324,123.6499,222.7966
2022-08-12,25.16,81.4239,123.6499,222.7966
2022-08-16,24.62,79.6764,123.6499,222.7966
2022-08-17,24.22,78.3819,123.6499,222.7966
2022-08-18,23.99,77.6375,123.6499,222.7966
2022-08-19,23.71,76.7314,123.6499,222.7966
2022-08-22,23.37,75.6311,123.1652,221.4262
2022-08-23,23.59,76.343,123.6499,222.7966
2022-08-24,23.43,75.8252,123.5287,222.4536
2022-08-25,23.56,76.246,123.6499,222.7966
2022-08-26,23.44,75.8576,123.5893,222.6251
2022-08-29,23.53,76.1489,123.6499,222.7966
2022-08-30,23.03,74.5307,121.1079,215.6443
2022-08-31,22.4,72.4919,117.3079,205.1115
2022-09-01,21.97,71.1003,117.3079,205.1115
2022-09-02,22.15,71.6828,117.3079,205.1115
2022-09-06,22.08,71.4563,117.3079,205.1115
2022-09-07,22.15,71.6828,117.3079,205.1115
2022-09-08,21.9,70.8738,117.0432,204.7648
2022-09-09,22.38,72.4272,117.3079,205.1115
2022-09-12,23.05,74.5955,117.3079,205.1115
2022-09-13,22.58,73.0744,117.3079,205.1115
2022-09-14,22.59,73.1068,117.3079,205.1115
2022-09-15,22.05,71.3592,117.3079,205.1115
2022-09-16,21.55,69.7411,115.7163,203.0236
2022-09-19,21.91,70.9061,117.0811,204.8144
2022-09-20,21.81,70.5825,116.7026,204.3183
2022-09-21,21.5,69.5793,115.5263,202.7738
2022-09-22,21.67,70.1294,116.172,203.6221
2022-09-23,20.61,66.699,112.121,198.2803
2022-09-26,19.48,63.0421,108.165,193.0167
2022-09-27,19.35,62.6214,108.165,193.0167
2022-09-28,19.93,64.4984,109.4902,194.7852
2022-09-29,19.69,63.7217,108.5555,193.5383
2022-09-30,19.59,63.3981,108.165,193.0167
2022-10-03,20.1,65.0485,108.165,193.0167
2022-10-04,21.21,68.6408,108.165,193.0167
2022-10-05,20.99,67.9288,108.165,193.0167
2022-10-06,21.05,68.123,108.165,193.0167
2022-10-07,20.72,67.055,108.165,193.0167
2022-10-10,20.51,66.3754,108.165,193.0167
2022-10-11,20.36,65.89,108.165,193.0167
2022-10-12,20.0,64.7249,108.6418,196.0126
2022-10-13,20.49,66.3107,108.165,193.0167
2022-10-14,19.54,63.2362,110.8942,210.6159
2022-10-18,19.67,63.657,110.2476,206.3469
2022-10-19,19.61,63.4628,110.545,208.3029
2022-10-20,19.21,62.1683,112.1094,218.8095
2022-10-21,19.16,62.0065,112.1094,218.8095
2022-10-24,18.8,60.8414,112.1094,218.8095
2022-10-25,18.73,60.6149,112.1094,218.8095
2022-10-26,19.04,61.6181,112.1094,218.8095
2022-10-27,19.27,62.3625,112.1094,218.8095
2022-10-28,19.53,63.2039,110.9443,210.9492
2022-10-31,19.3,62.4595,112.1094,218.8095
2022-11-01,19.76,63.9482,112.1094,218.8095
2022-11-02,19.44,62.9126,112.1094,218.8095
2022-11-03,18.99,61.4563,112.1094,218.8095
2022-11-04,19.13,61.9094,112.1094,218.8095
2022-11-08,19.66,63.6246,112.1094,218.8095
2022-11-09,19.75,63.9159,112.1094,218.8095
2022-11-10,20.42,66.0841,109.4786,213.8865
2022-11-11,20.38,65.9547,109.6338,214.1772
2022-11-15,20.85,67.4757,107.9917,211.1022
2022-11-16,20.34,65.8252,109.7896,214.4688
2022-11-17,20.07,64.9515,110.8552,216.4631
2022-11-18,20.03,64.822,111.0151,216.7624
2022-11-21,19.92,64.466,111.4579,217.5907
2022-11-22,20.33,65.7929,109.8286,214.5419
2022-11-23,20.58,66.6019,108.8627,212.7334
2022-11-25,20.64,66.7961,108.6339,212.3049
2022-11-28,20.32,65.7605,109.8677,214.615
2022-11-29,20.76,67.1845,108.1797,211.4542
2022-11-30,20.81,67.3463,107.9917,211.1022
2022-12-01,20.81,67.3463,107.9917,211.1022
2022-12-02,20.57,66.5696,109.2811,214.2499
2022-12-05,20.06,64.9191,111.4424,219.547
2022-12-06,20.16,65.2427,111.4424,219.547
2022-12-07,20.1,65.0485,111.4424,219.547
2022-12-09,20.15,65.2104,111.4424,219.547
2022-12-12,20.07,64.9515,111.4424,219.547
2022-12-13,20.42,66.0841,110.1025,216.26
2022-12-14,20.16,65.2427,111.4424,219.547
2022-12-15,20.12,65.1133,111.4424,219.547
2022-12-16,19.87,64.3042,111.4424,219.547
2022-12-19,19.88,64.3366,111.4424,219.547
2022-12-20,20.06,64.9191,111.4424,219.547
2022-12-21,20.43,66.1165,110.0473,216.125
2022-12-22,20.3,65.6958,110.7684,217.8925
2022-12-23,20.69,66.9579,108.6326,212.6656
2022-12-27,20.75,67.1521,108.3112,211.8813
2022-12-28,20.88,67.5728,107.9917,211.1022
2022-12-29,20.18,65.3074,111.4424,219.547
2023-01-03,19.76,63.9482,111.4424,219.547
2023-01-04,19.76,63.9482,111.4424,219.547
2023-01-05,19.95,64.5631,111.5445,219.8278
2023-01-06,20.67,66.8932,111.9237,220.8711
2023-01-10,21.16,68.479,112.1546,221.5072
2023-01-11,21.39,69.2233,112.1546,221.5072
2023-01-12,21.57,69.8058,112.1546,221.5072
2023-01-13,21.71,70.2589,112.1546,221.5072
2023-01-17,21.59,69.8706,112.1546,221.5072
2023-01-18,21.69,70.1942,112.1546,221.5072
2023-01-19,21.6,69.9029,112.1546,221.5072
2023-01-20,22.1,71.521,112.1546,221.5072
2023-01-23,22.34,72.2977,112.1546,221.5072
2023-01-24,22.22,71.9094,112.1546,221.5072
2023-01-25,22.05,71.3592,112.1546,221.5072
2023-01-26,21.96,71.068,112.1546,221.5072
2023-01-27,21.52,69.644,112.1546,221.5072
2023-01-30,21.06,68.1553,112.1241,221.4231
2023-01-31,21.12,68.3495,112.1546,221.5072
2023-02-01,21.23,68.7055,112.1546,221.5072
2023-02-02,20.9,67.6375,111.089,220.5319
2023-02-03,20.63,66.7638,110.2122,219.7256
2023-02-06,20.26,65.5663,109.0034,218.6083
2023-02-07,20.5,66.343,109.7885,219.3347
2023-02-08,20.28,65.6311,109.069,218.6691
2023-02-09,20.04,64.8544,108.2806,217.937
2023-02-10,19.95,64.5631,107.9839,217.6609
2023-02-13,19.84,64.2071,107.6207,217.3221
2023-02-14,19.52,63.1715,106.5596,216.329
2023-02-15,19.07,61.7152,105.0557,214.9124
2023-02-16,19.12,61.877,105.2235,215.071
2023-02-17,18.95,61.3269,104.6524,214.5306
2023-02-21,18.66,60.3883,104.1805,214.083
2023-02-22,18.7,60.5178,104.1805,214.083
2023-02-23,18.83,60.9385,104.248,214.1471
2023-02-24,18.82,60.9061,104.2143,214.115
2023-02-27,19.18,62.0712,105.4246,215.2609
2023-02-28,18.81,60.8738,104.1805,214.083
2023-03-01,18.97,61.3916,104.1805,214.083
2023-03-02,19.08,61.7476,105.3844,212.0394
2023-03-03,19.52,63.1715,107.9238,207.8662
2023-03-06,19.85,64.2395,107.9238,207.8662
2023-03-07,19.66,63.6246,107.9238,207.8662
2023-03-08,19.67,63.657,107.9238,207.8662
2023-03-09,19.2,62.1359,106.7055,209.8455
2023-03-10,19.06,61.6828,105.165,212.4087
2023-03-13,18.57,60.0971,104.1805,214.083
2023-03-14,18.66,60.3883,104.1805,214.083
2023-03-15,17.73,57.3786,104.1805,214.083
2023-03-16,18.05,58.4142,104.1805,214.083
2023-03-17,17.75,57.4434,104.1805,214.083
2023-03-21,18.22,58.9644,104.1805,214.083
2023-03-22,17.96,58.123,104.1805,214.083
2023-03-23,17.89,57.8964,104.1805,214.083
2023-03-24,17.77,57.5081,104.1805,214.083
2023-03-27,18.29,59.1909,104.1805,214.083
2023-03-28,18.5,59.8706,104.1805,214.083
2023-03-29,18.81,60.8738,104.1805,214.083
2023-03-30,19.06,61.6828,105.165,212.4087
2023-03-31,19.31,62.4919,107.9238,207.8662
2023-04-03,19.66,63.6246,107.9238,207.8662
2023-04-04,19.75,63.9159,107.9238,207.8662
2023-04-05,19.71,63.7864,107.9238,207.8662
2023-04-10,19.97,64.6278,107.9238,207.8662
2023-04-11,20.47,66.246,107.9238,207.8662
2023-04-12,20.74,67.1197,107.9238,207.8662
2023-04-13,21.09,68.2524,107.9238,207.8662
2023-04-14,21.2,68.6084,107.9238,207.8662
2023-04-17,21.36,69.1262,107.9238,207.8662
2023-04-18,21.05,68.123,107.9238,207.8662
2023-04-19,20.8,67.3139,107.9238,207.8662
2023-04-20,20.78,67.2492,107.9238,207.8662
2023-04-21,20.74,67.1197,107.9238,207.8662
2023-04-24,21.05,68.123,107.9238,207.8662
2023-04-25,20.09,65.0162,107.9238,207.8662
2023-04-26,19.83,64.1748,107.9238,207.8662
2023-04-27,19.29,62.4272,113.6816,219.8768
2023-04-28,19.64,63.5599,113.6816,219.8768
2023-05-02,19.2,62.1359,113.6816,219.8768
2023-05-03,19.1,61.8123,113.6816,219.8768
2023-05-04,19.16,62.0065,113.6816,219.8768
2023-05-05,19.83,64.1748,106.232,201.5756
2023-05-08,19.99,64.6926,106.232,201.5756
2023-05-09,19.8,64.0777,106.232,201.5756
2023-05-10,19.88,64.3366,106.232,201.5756
2023-05-11,19.56,63.301,106.232,201.5756
2023-05-12,19.66,63.6246,106.232,201.5756
2023-05-15,19.84,64.2071,106.232,201.5756
2023-05-16,19.48,63.0421,106.232,201.5756
2023-05-17,19.64,63.5599,106.232,201.5756
2023-05-18,19.43,62.8803,106.232,201.5756
2023-05-19,19.5,63.1068,106.232,201.5756
2023-05-23,19.77,63.9806,106.232,201.5756
2023-05-24,19.48,63.0421,106.232,201.5756
2023-05-25,19.08,61.7476,113.6816,219.8768
2023-05-26,19.36,62.6537,106.232,201.5756
2023-05-30,19.48,63.0421,106.232,201.5756
2023-05-31,19.24,62.2654,106.232,201.5756
2023-06-01,19.85,64.2395,106.232,201.5756
2023-06-02,20.57,66.5696,106.8548,202.794
2023-06-05,20.85,67.4757,107.0921,203.2582
2023-06-06,21.58,69.8382,107.1678,203.4063
2023-06-07,21.83,70.6472,107.1678,203.4063
2023-06-08,21.91,70.9061,107.1678,203.4063
2023-06-09,21.64,70.0324,107.1678,203.4063
2023-06-13,21.85,70.712,107.1678,203.4063
2023-06-14,21.76,70.4207,107.1678,203.4063
2023-06-15,22.0,71.1974,107.1678,203.4063
2023-06-16,22.02,71.2621,107.1678,203.4063
2023-06-20,21.66,70.0971,107.1678,203.4063
2023-06-21,21.64,70.0324,107.1678,203.4063
2023-06-22,21.5,69.5793,107.1678,203.4063
2023-06-23,21.03,68.0583,107.1678,203.4063
2023-06-26,21.19,68.5761,107.1678,203.4063
2023-06-27,21.24,68.7379,107.1678,203.4063
2023-06-28,21.25,68.7702,107.1678,203.4063
2023-06-29,20.89,67.6052,107.1258,203.3241
2023-06-30,20.94,67.767,107.1678,203.4063
2023-07-05,21.06,68.1553,107.1678,203.4063
2023-07-06,20.34,65.8252,107.1678,203.4063
2023-07-07,21.1,68.2848,107.2162,203.5254
2023-07-10,21.16,68.479,107.2885,203.7038
2023-07-11,21.3,68.932,107.4568,204.1186
2023-07-12,21.72,70.2913,107.9567,205.3518
2023-07-13,22.19,71.8123,108.5074,206.7124
2023-07-14,21.98,71.1327,108.2624,206.1069
2023-07-17,22.2,71.8447,108.519,206.7411
2023-07-18,22.51,72.8479,108.8772,207.6274
2023-07-19,22.66,73.3333,109.0492,208.0532
2023-07-21,22.65,73.301,109.0378,208.0249
2023-07-24,22.55,72.9773,108.9232,207.7411
2023-07-25,22.62,73.2039,109.0034,207.9398
2023-07-26,22.59,73.1068,108.9691,207.8547
2023-07-27,22.48,72.7508,108.8427,207.542
2023-07-28,22.76,73.657,109.1634,208.336
2023-07-31,23.05,74.5955,109.4924,209.1512
2023-08-01,22.54,72.945,109.4924,209.1512
2023-08-02,21.91,70.9061,106.2929,204.5112
2023-08-03,21.51,69.6117,104.2637,201.5508
2023-08-04,22.14,71.6505,107.4605,206.2084
2023-08-08,21.83,70.6472,105.8869,203.9201
2023-08-09,22.04,71.3269,106.9528,205.471
2023-08-10,21.97,71.1003,106.5974,204.9543
2023-08-11,21.86,70.7443,106.0392,204.1418
2023-08-14,21.35,69.0939,103.4525,200.3634
2023-08-15,20.89,67.6052,101.1218,196.9392
2023-08-16,20.72,67.055,100.2611,195.6698
2023-08-17,20.68,66.9256,100.0586,195.3708
2023-08-18,20.71,67.0227,100.2105,195.5951
2023-08-22,20.33,65.7929,98.6418,193.2744
2023-08-23,20.24,65.5016,98.6418,193.2744
2023-08-24,20.26,65.5663,98.6418,193.2744
2023-08-25,20.13,65.1456,98.6418,193.2744
2023-08-28,20.27,65.5987,98.6418,193.2744
2023-08-29,20.56,66.5372,99.4513,194.4731
2023-08-30,20.89,67.6052,101.1218,196.9392
2023-08-31,20.4,66.0194,98.6418,193.2744
2023-09-01,20.23,65.4693,98.6418,193.2744
2023-09-05,19.71,63.7864,98.6418,193.2744
2023-09-06,19.42,62.8479,98.6418,193.2744
2023-09-07,19.85,64.2395,98.6418,193.2744
2023-09-08,20.2,65.3722,98.6418,193.2744
2023-09-11,20.33,65.7929,98.771,193.8954
2023-09-12,20.54,66.4725,99.0407,195.1961
2023-09-13,20.54,66.4725,99.0407,195.1961
2023-09-14,20.85,67.4757,99.4353,197.1076
2023-09-15,20.87,67.5405,99.4606,197.2306
2023-09-18,21.2,68.6084,99.7252,198.5194
2023-09-19,21.15,68.4466,99.7252,198.5194
2023-09-20,21.37,69.1586,99.7252,198.5194
2023-09-21,20.88,67.5728,99.4732,197.2921
2023-09-22,20.88,67.5728,99.4732,197.2921
2023-09-25,20.86,67.5081,99.4479,197.1691
2023-09-26,20.51,66.3754,99.0023,195.0105
2023-09-27,20.61,66.699,99.1302,195.6286
2023-09-28,20.94,67.767,99.549,197.6607
2023-09-29,21.08,68.2201,99.7252,198.5194
2023-10-02,20.67,66.8932,99.7252,198.5194
2023-10-03,20.09,65.0162,99.3832,194.2671
2023-10-04,19.91,64.4337,99.3473,193.8256
2023-10-05,19.5,63.1068,99.3473,193.8256
2023-10-06,19.59,63.3981,99.3473,193.8256
2023-10-09,19.91,64.4337,99.3473,193.8256
2023-10-10,20.53,66.4401,99.6435,197.4957
2023-10-11,20.4,66.0194,99.5671,196.5435
2023-10-12,20.23,65.4693,99.4666,195.2962
2023-10-13,20.25,65.534,99.4784,195.4431
2023-10-17,20.69,66.9579,99.7252,198.5194
2023-10-18,20.61,66.699,99.6903,198.0809
2023-10-19,20.5,66.343,99.6259,197.2761
2023-10-20,20.41,66.0518,99.573,196.6168
2023-10-23,19.92,64.466,99.3473,193.8256
2023-10-24,19.93,64.4984,99.3473,193.8256
2023-10-25,20.02,64.7896,99.3473,193.8256
2023-10-26,20.25,65.534,99.4784,195.4431
2023-10-27,20.26,65.5663,99.4843,195.5165
2023-10-30,20.36,65.89,99.5435,196.2502
2023-10-31,20.03,64.822,99.3473,193.8256
2023-11-01,20.16,65.2427,99.3473,193.8256
2023-11-02,20.65,66.8285,99.6447,195.31
2023-11-03,21.15,68.4466,99.9419,196.8002
2023-11-07,20.43,66.1165,99.512,194.6465
2023-11-08,20.22,65.4369,99.3841,194.0086
2023-11-09,20.54,66.4725,99.5785,194.9789
2023-11-10,20.81,67.3463,99.7405,195.7895
2023-11-14,21.05,68.123,99.8829,196.5041
2023-11-15,20.88,67.5728,99.7822,195.9985
2023-11-16,20.57,66.5696,99.5966,195.0693
2023-11-17,21.03,68.0583,99.8711,196.4448
2023-11-20,21.36,69.1262,100.0648,197.4189
2023-11-21,21.13,68.3819,99.9301,196.7411
2023-11-22,21.52,69.644,100.1578,197.8875
2023-11-24,21.66,70.0971,100.2387,198.2956
2023-11-27,21.81,70.5825,100.2675,198.441
2023-11-28,22.02,71.2621,100.2675,198.441
2023-11-29,21.7,70.2265,100.2617,198.4119
2023-11-30,21.71,70.2589,100.2675,198.441
2023-12-01,22.18,71.7799,100.2675,198.441
2023-12-04,22.05,71.3592,100.2675,198.441
2023-12-05,21.9,70.8738,100.2675,198.441
2023-12-06,21.68,70.1618,100.2675,198.441
2023-12-07,21.78,70.4854,100.2675,198.441
2023-12-11,21.94,71.0032,100.2675,198.441
2023-12-12,21.86,70.7443,100.2675,198.441
2023-12-13,22.45,72.6537,102.562,200.3901
2023-12-14,22.89,74.0777,106.3528,203.5569
2023-12-15,22.88,74.0453,106.266,203.4851
2023-12-18,23.03,74.5307,107.5724,204.5621
2023-12-19,22.99,74.4013,107.2233,204.275
2023-12-20,22.98,74.3689,107.1361,204.2032
2023-12-21,23.1,74.7573,107.5724,204.5621
2023-12-22,23.39,75.6958,107.5724,204.5621
2023-12-26,24.12,78.0583,107.5724,204.5621
2023-12-27,24.32,78.7055,107.5724,204.5621
2023-12-28,23.03,74.5307,107.5724,204.5621
2024-01-02,23.28,75.3398,107.5724,204.5621
2024-01-03,23.01,74.466,107.5724,204.5621
2024-01-04,23.57,76.2783,114.5326,213.9121
2024-01-05,24.44,79.0939,116.2656,216.2144
2024-01-09,24.31,78.6731,116.2656,216.2144
2024-01-10,23.95,77.5081,116.2656,216.2144
2024-01-11,24.13,78.0906,116.2656,216.2144
2024-01-12,24.03,77.767,116.2656,216.2144
2024-01-16,23.78,76.9579,116.2656,216.2144
2024-01-17,23.67,76.6019,116.2656,216.2144
2024-01-18,23.58,76.3107,114.7789,214.2399
2024-01-19,23.51,76.0841,113.0637,211.9527
2024-01-22,23.73,76.7961,116.2656,216.2144
2024-01-23,23.41,75.7605,110.6492,208.7161
2024-01-24,23.15,74.9191,107.5724,204.5621
2024-01-25,23.29,75.3722,107.8066,204.8795
2024-01-26,23.64,76.5049,116.2656,216.2144
2024-01-29,23.7,76.699,116.2656,216.2144
2024-01-30,23.52,76.1165,113.3075,212.2784
2024-01-31,23.64,76.5049,116.2656,216.2144
2024-02-01,23.75,76.8608,116.2656,216.2144
2024-02-02,23.12,74.822,115.5225,212.519
2024-02-05,22.97,74.3366,115.5225,212.519
2024-02-06,23.07,74.6602,115.5225,212.519
2024-02-07,23.09,74.7249,115.5225,212.519
2024-02-08,23.09,74.7249,115.5225,212.519
2024-02-09,22.81,73.8188,115.5225,212.519
2024-02-12,22.83,73.8835,115.5225,212.519
2024-02-13,22.61,73.1715,115.5225,212.519
2024-02-14,22.43,72.589,115.5225,212.519
2024-02-15,22.72,73.5275,115.5225,212.519
2024-02-16,22.85,73.9482,115.5225,212.519
2024-02-20,22.54,72.945,115.5225,212.519
2024-02-21,22.96,74.3042,115.5225,212.519
2024-02-22,23.06,74.6278,115.5225,212.519
2024-02-23,23.17,74.9838,115.5225,212.519
2024-02-26,23.2,75.0809,115.5225,212.519
2024-02-27,23.31,75.4369,115.5225,212.519
2024-02-28,23.29,75.3722,115.5225,212.519
2024-02-29,23.42,75.7929,115.5225,212.519
2024-03-01,23.23,75.178,115.5225,212.519
2024-03-04,23.31,75.4369,115.6543,212.7437
2024-03-05,23.29,75.3722,115.6214,212.6876
2024-03-06,23.74,76.8285,116.3576,213.9429
2024-03-07,23.83,77.1197,116.5037,214.192
2024-03-08,23.8,77.0227,116.4551,214.109
2024-03-11,23.82,77.0874,116.4875,214.1644
2024-03-12,23.5,76.0518,115.9661,213.2755
2024-03-13,23.73,76.7961,116.3414,213.9152
2024-03-14,23.72,76.7638,116.3251,213.8875
2024-03-15,23.87,77.2492,116.5686,214.3025
2024-03-18,24.16,78.1877,117.0364,215.0998
2024-03-19,24.22,78.3819,117.1327,215.2639
2024-03-20,24.28,78.5761,117.2289,215.4277
2024-03-21,24.34,78.7702,117.3249,215.5913
2024-03-22,24.53,79.3851,117.6279,216.1074
2024-03-26,24.71,79.9676,117.9134,216.5938
2024-03-27,25.07,81.1327,118.4805,217.5593
2024-04-01,25.2,81.5534,118.4805,217.5593
2024-04-02,25.84,83.6246,121.6027,223.9333
2024-04-03,26.38,85.3722,121.6027,223.9333
2024-04-04,26.7,86.4078,121.6027,223.9333
2024-04-05,26.78,86.6667,121.6027,223.9333
2024-04-08,26.92,87.1197,121.6027,223.9333
2024-04-09,27.27,88.2524,121.6027,223.9333
2024-04-10,26.66,86.2783,121.6027,223.9333
2024-04-11,27.01,87.411,121.6027,223.9333
2024-04-12,26.4,85.4369,121.6027,223.9333
2024-04-15,25.69,83.1392,121.6027,223.9333
2024-04-16,25.49,82.4919,120.799,222.2907
2024-04-17,25.25,81.7152,118.8789,218.3717
2024-04-18,24.69,79.9029,118.4805,217.5593
2024-04-19,25.03,81.0032,118.4805,217.5593
2024-04-22,25.28,81.8123,119.1182,218.8598
2024-04-23,25.46,82.3948,120.5583,221.7991
2024-04-24,25.1,81.2298,118.4805,217.5593
2024-04-25,25.1,81.2298,118.4805,217.5593
2024-04-26,25.53,82.6214,121.1202,222.9471
2024-04-29,26.21,84.822,121.6027,223.9333
2024-04-30,25.59,82.8155,121.6027,223.9333
2024-05-02,25.83,83.5922,121.6027,223.9333
2024-05-03,25.82,83.5599,121.6027,223.9333
2024-05-06,26.32,85.178,125.3222,234.9005
2024-05-07,26.09,84.4337,123.5711,229.713
2024-05-08,26.05,84.3042,123.2675,228.818
2024-05-09,26.24,84.9191,124.7121,233.0882
2024-05-10,26.46,85.6311,126.3927,238.0926
2024-05-14,27.04,87.5081,128.2357,243.6258
2024-05-15,27.23,88.123,128.2357,243.6258
2024-05-16,27.28,88.2848,128.2357,243.6258
2024-05-17,27.55,89.1586,128.2357,243.6258
2024-05-20,27.74,89.7735,128.2357,243.6258
2024-05-21,27.87,90.1942,128.2357,243.6258
2024-05-22,27.1,87.7023,128.2357,243.6258
2024-05-23,26.95,87.2168,128.2357,243.6258
2024-05-24,26.88,86.9903,128.2357,243.6258
2024-05-28,26.96,87.2492,128.2357,243.6258
2024-05-29,26.59,86.0518,127.3897,241.0802
2024-05-30,26.8,86.7314,128.2357,243.6258
2024-05-31,26.7,86.4078,128.2357,243.6258
2024-06-04,26.44,85.5663,128.2357,243.6258
2024-06-05,26.45,85.5987,128.2357,243.6258
2024-06-06,26.35,85.2751,128.0481,243.3619
2024-06-07,26.27,85.0162,127.881,243.1267
2024-06-11,25.71,83.2039,126.7031,241.467
2024-06-12,25.42,82.2654,126.0874,240.5978
2024-06-13,24.82,80.3236,124.8007,238.7778
2024-06-14,24.57,79.5146,124.3678,238.1644
2024-06-17,24.49,79.2557,124.3678,238.1644
2024-06-18,24.93,80.6796,125.0379,239.1137
2024-06-20,24.6,79.6117,124.3678,238.1644
2024-06-21,24.51,79.3204,124.3678,238.1644
2024-06-24,25.17,81.4563,125.5534,239.8431
2024-06-25,24.9,80.5825,124.9732,239.0222
2024-06-26,24.98,80.8414,125.1455,239.266
2024-06-27,24.55,79.4498,124.3678,238.1644
2024-06-28,24.62,79.6764,124.3678,238.1644
2024-07-02,24.76,80.1294,124.3678,238.1644
2024-07-03,24.9,80.5825,124.3678,238.1644
2024-07-05,25.04,81.0356,124.3678,238.1644
2024-07-08,25.04,81.0356,124.3678,238.1644
2024-07-09,25.06,81.1003,124.3678,238.1644
2024-07-10,25.46,82.3948,124.3678,238.1644
2024-07-11,25.54,82.6537,124.3678,238.1644
2024-07-12,25.86,83.6893,124.3678,238.1644
2024-07-15,25.74,83.301,124.3678,238.1644
2024-07-16,25.43,82.2977,124.3678,238.1644
2024-07-17,25.33,81.9741,124.3678,238.1644
2024-07-18,24.84,80.3883,124.3678,238.1644
2024-07-19,24.91,80.6149,124.3678,238.1644
2024-07-22,25.18,81.4887,124.3678,238.1644
2024-07-23,25.13,81.3269,124.3678,238.1644
2024-07-24,24.59,79.5793,121.7449,233.4401
2024-07-25,24.75,80.0971,123.7072,236.9752
2024-07-26,24.75,80.0971,123.7072,236.9752
2024-07-29,24.4,78.9644,121.7449,233.4401
2024-07-30,24.31,78.6731,121.7449,233.4401
2024-07-31,24.72,80.0,121.7449,233.4401
2024-08-01,23.98,77.6052,121.7449,233.4401
2024-08-02,23.45,75.89,124.1433,236.8702
2024-08-05,22.98,74.3689,124.1433,236.8702
2024-08-06,23.13,74.8544,124.1433,236.8702
2024-08-08,23.72,76.7638,124.1433,236.8702
2024-08-09,23.89,77.3139,122.636,234.7165
2024-08-12,24.27,78.5437,121.7449,233.4401
2024-08-13,24.72,80.0,121.7449,233.4401
2024-08-14,24.91,80.6149,121.7449,233.4401
2024-08-15,25.03,81.0032,121.7449,233.4401
2024-08-16,24.73,80.0324,121.7449,233.4401
2024-08-20,24.78,80.1942,121.7449,233.4401
2024-08-21,24.7,79.9353,121.7449,233.4401
2024-08-22,24.45,79.1262,121.7449,233.4401
2024-08-23,24.6,79.6117,121.7449,233.4401
2024-08-26,24.75,80.0971,121.7449,233.4401
2024-08-27,24.58,79.5469,121.7449,233.4401
2024-08-28,24.19,78.2848,121.7449,233.4401
2024-08-29,23.99,77.6375,121.7449,233.4401
2024-08-30,23.74,76.8285,124.1433,236.8702
2024-09-03,23.49,76.0194,124.1433,236.8702
2024-09-04,23.55,76.2136,124.0952,236.7149
2024-09-05,23.5,76.0518,124.0471,236.5597
2024-09-06,23.29,75.3722,123.999,236.4046
2024-09-09,22.91,74.1424,123.951,236.2497
2024-09-10,22.47,72.7184,123.9029,236.0948
2024-09-11,22.63,73.2362,123.8549,235.94
2024-09-12,23.05,74.5955,123.8069,235.7853
2024-09-13,23.39,75.6958,123.759,235.6307
2024-09-16,23.11,74.7896,123.711,235.4763
2024-09-17,23.13,74.8544,123.6631,235.3219
2024-09-18,23.17,74.9838,123.6151,235.1676
2024-09-19,23.3,75.4045,123.5672,235.0134
2024-09-20,23.22,75.1456,123.5194,234.8594
2024-09-23,23.44,75.8576,123.4715,234.7054
2024-09-24,23.74,76.8285,123.4237,234.5515
2024-09-25,23.45,75.89,123.3758,234.3978
2024-09-26,23.83,77.1197,123.328,234.2441
2024-09-27,23.63,76.4725,123.2802,234.0905
2024-09-30,23.49,76.0194,123.2325,233.9371
2024-10-01,23.54,76.1812,123.2325,233.9371
2024-10-02,23.43,75.8252,124.327,236.7414
2024-10-03,23.43,75.8252,124.327,236.7414
2024-10-04,23.48,75.9871,123.8276,235.4609
2024-10-07,23.52,76.1165,123.4304,234.4435
2024-10-08,23.43,75.8252,124.327,236.7414
2024-10-09,23.49,76.0194,123.7281,235.206
2024-10-10,23.52,76.1165,123.4304,234.4435
2024-10-11,23.66,76.5696,123.2325,233.9371
2024-10-15,23.66,76.5696,123.2325,233.9371
2024-10-16,23.39,75.6958,124.7287,237.7728
2024-10-17,23.63,76.4725,123.2325,233.9371
2024-10-18,23.97,77.5728,123.2325,233.9371
2024-10-21,23.98,77.6052,123.2325,233.9371
2024-10-22,23.89,77.3139,123.2325,233.9371
2024-10-23,23.21,75.1133,126.5611,242.4924
2024-10-24,23.21,75.1133,126.5611,242.4924
2024-10-25,23.41,75.7605,124.5276,237.2564
2024-10-28,23.24,75.2104,126.2528,241.6968
2024-10-29,23.01,74.466,128.6459,247.8909
2024-10-30,22.91,74.1424,129.708,250.653
2024-10-31,22.91,74.1424,129.708,250.653
2024-11-01,22.78,73.7217,129.708,250.653
2024-11-05,23.01,74.466,129.9482,251.525
2024-11-06,23.08,74.6926,130.021,251.7892
2024-11-07,23.44,75.8576,130.3922,253.14
2024-11-08,23.14,74.8867,130.0832,252.0153
2024-11-12,22.82,73.8511,129.7499,250.8051
2024-11-13,22.4,72.4919,129.708,250.653
2024-11-14,22.65,73.301,129.708,250.653
2024-11-15,22.88,74.0453,129.8127,251.0328
2024-11-18,23.34,75.534,130.2895,252.7661
2024-11-19,23.36,75.5987,130.3101,252.841
2024-11-20,23.52,76.1165,130.4741,253.4383
2024-11-21,23.7,76.699,130.6574,254.1071
2024-11-22,23.7,76.699,130.6574,254.1071
2024-11-25,24.08,77.9288,130.8598,254.8464
2024-11-26,23.86,77.2168,130.8195,254.6988
2024-11-27,24.04,77.7994,130.8598,254.8464
2024-11-29,23.9,77.3463,130.8598,254.8464
2024-12-02,23.88,77.2816,130.8598,254.8464
2024-12-03,24.0,77.6699,130.8598,254.8464
2024-12-04,23.93,77.4434,130.8598,254.8464
2024-12-05,24.22,78.3819,130.8598,254.8464
2024-12-06,24.03,77.767,130.8598,254.8464
2024-12-09,24.21,78.3495,130.8598,254.8464
2024-12-10,24.17,78.2201,130.8598,254.8464
2024-12-11,24.42,79.0291,130.8598,254.8464
2024-12-12,24.3,78.6408,130.8598,254.8464
2024-12-13,24.18,78.2524,130.8598,254.8464
2024-12-16,24.07,77.8964,130.8598,254.8464
2024-12-17,24.03,77.767,130.8598,254.8464
2024-12-18,23.49,76.0194,131.9792,254.245
2024-12-19,23.36,75.5987,132.3586,254.0427
2024-12-20,23.44,75.8576,132.1247,254.1673
2024-12-23,23.29,75.3722,132.5642,253.9333
2024-12-24,23.76,76.8932,131.2013,254.6622
2024-12-26,23.67,76.6019,131.4591,254.5236
2024-12-27,23.64,76.5049,131.5453,254.4773
2024-12-30,22.6,73.1392,134.6425,252.8401
2025-01-02,23.28,75.3398,134.6425,252.8401
2025-01-03,23.42,75.7929,135.5105,254.643
2025-01-07,23.85,77.1845,138.1787,260.1931
2025-01-08,23.85,77.1845,138.1787,260.1931
2025-01-10,23.59,76.343,136.5649,256.835
2025-01-13,23.65,76.5372,136.9372,257.6093
2025-01-14,23.77,76.9256,137.682,259.1591
2025-01-15,23.9,77.3463,138.4892,260.8396
2025-01-16,23.63,76.4725,136.8131,257.3512
2025-01-17,23.73,76.7961,137.4337,258.6423
2025-01-21,23.85,77.1845,138.1787,260.1931
2025-01-22,23.93,77.4434,138.6755,261.2277
2025-01-23,24.33,78.7379,141.1613,266.4103
2025-01-24,24.6,79.6117,142.8409,269.9176
2025-01-27,24.69,79.9029,143.4011,271.0883
2025-01-28,25.05,81.068,145.6431,275.7788
2025-01-29,25.75,83.3333,149.3226,283.493
2025-01-30,26.18,84.7249,149.3226,283.493
2025-01-31,25.64,82.9773,149.3226,283.493
2025-02-03,25.58,82.7832,149.3226,283.493
2025-02-04,25.89,83.7864,150.7599,288.5297
2025-02-05,25.79,83.4628,150.2966,286.9019
2025-02-06,26.17,84.6926,152.055,293.103
2025-02-07,26.19,84.7573,152.1474,293.4305
2025-02-10,26.26,84.9838,152.4707,294.5778
2025-02-11,26.35,85.2751,152.8861,296.0549
2025-02-12,26.11,84.4984,151.7777,292.1211
2025-02-13,26.34,85.2427,152.8399,295.8907
2025-02-14,26.6,86.0841,154.0384,300.1703
2025-02-18,27.05,87.5404,156.1071,307.623
2025-02-19,27.49,88.9644,156.8409,310.2867
2025-02-20,28.07,90.8414,156.8409,310.2867
2025-02-21,27.74,89.7735,156.8409,310.2867
2025-02-24,27.94,90.4207,156.8409,310.2867
2025-02-25,27.86,90.1618,156.8409,310.2867
2025-02-26,27.82,90.0324,156.8409,310.2867
2025-02-27,27.4,88.6731,156.8409,310.2867
2025-02-28,27.21,88.0583,156.8409,310.2867
2025-03-03,26.7,86.4078,156.8409,310.2867
2025-03-04,26.39,85.4045,156.8409,310.2867
2025-03-05,26.98,87.3139,156.9737,309.9854
2025-03-06,27.03,87.4757,156.9973,309.932
2025-03-07,27.21,88.0583,157.0819,309.7405
2025-03-10,26.43,85.534,156.8409,310.2867
2025-03-11,26.66,86.2783,156.8409,310.2867
2025-03-12,27.08,87.6375,157.0209,309.8787
2025-03-13,27.01,87.411,156.9879,309.9534
2025-03-14,27.58,89.2557,157.217,309.4349
2025-03-17,28.05,90.7767,157.217,309.4349
2025-03-18,27.56,89.1909,157.217,309.4349
2025-03-19,27.43,88.7702,157.1845,309.5083
2025-03-20,27.18,87.9612,157.0678,309.7723
2025-03-21,27.18,87.9612,157.0678,309.7723
2025-03-25,27.7,89.644,157.217,309.4349
2025-03-26,27.64,89.4498,157.217,309.4349
2025-03-27,27.47,88.8997,157.2031,309.4663
2025-03-28,27.03,87.4757,156.9973,309.932
2025-03-31,27.5,88.9968,157.217,309.4349
2025-04-01,28.05,90.7767,157.217,309.4349
2025-04-02,28.29,91.5534,157.217,309.4349
2025-04-03,28.04,90.7443,157.2612,309.493
2025-04-04,26.37,85.3398,160.8383,314.1869
2025-04-07,25.63,82.945,160.8383,314.1869
2025-04-08,24.56,79.4822,160.8383,314.1869
2025-04-09,26.15,84.6278,160.8383,314.1869
2025-04-10,24.89,80.5502,160.8383,314.1869
2025-04-11,25.62,82.9126,160.8383,314.1869
2025-04-14,25.95,83.9806,160.8383,314.1869
2025-04-15,25.87,83.7217,160.8383,314.1869
2025-04-16,26.46,85.6311,160.8383,314.1869
2025-04-21,26.6,86.0841,160.8383,314.1869
2025-04-22,26.99,87.3463,160.8383,314.1869
2025-04-23,26.73,86.5049,160.8383,314.1869
2025-04-24,27.22,88.0906,160.8383,314.1869
2025-04-25,27.41,88.7055,160.099,313.2196
2025-04-28,27.5,88.9968,159.6865,312.6792
2025-04-29,27.66,89.5146,158.959,311.7253
2025-04-30,27.25,88.1877,160.8383,314.1869
2025-05-02,27.59,89.288,160.8383,314.1869
2025-05-05,27.5,88.9968,160.8383,314.1869
2025-05-06,27.68,89.5793,161.2552,313.9284
2025-05-07,27.8,89.9676,161.8105,313.5854
2025-05-08,28.37,91.8123,164.4417,311.9811
2025-05-09,28.49,92.2006,164.9943,311.6485
2025-05-12,28.63,92.6537,165.6383,311.2627
2025-05-13,29.28,94.7573,167.0163,310.4438
2025-05-14,29.3,94.822,167.0163,310.4438
2025-05-15,29.04,93.9806,167.0163,310.4438
2025-05-16,29.14,94.3042,167.0163,310.4438
2025-05-19,29.1,94.1748,167.0163,310.4438
2025-05-20,29.29,94.7896,167.0163,310.4438
2025-05-21,29.02,93.9159,167.0163,310.4438
2025-05-22,28.91,93.5599,166.9245,310.4981
2025-05-23,29.22,94.5631,167.0163,310.4438
2025-05-27,29.3,94.822,167.0163,310.4438
2025-05-28,29.37,95.0485,167.0163,310.4438
2025-05-29,29.38,95.0809,167.0163,310.4438
2025-05-30,28.93,93.6246,167.0163,310.4438
2025-06-03,29.55,95.6311,167.0163,310.4438
2025-06-04,29.69,96.0841,167.0163,310.4438
2025-06-05,29.79,96.4078,167.0163,310.4438
2025-06-06,29.85,96.6019,167.0163,310.4438
2025-06-09,29.45,95.3074,167.7464,311.8816
2025-06-10,29.11,94.2071,170.2719,316.8574
2025-06-11,29.49,95.4369,167.4537,311.3051
2025-06-12,29.45,95.3074,167.7464,311.8816
2025-06-13,29.42,95.2104,167.9666,312.3152
2025-06-16,29.43,95.2427,167.8931,312.1705
2025-06-17,29.3,94.822,168.8524,314.06
2025-06-18,29.57,95.6958,167.0163,310.4438
2025-06-20,29.41,95.178,168.0401,312.4599
2025-06-24,29.44,95.2751,167.8198,312.026
2025-06-25,29.72,96.1812,167.0163,310.4438
2025-06-26,30.01,97.1197,167.0163,310.4438
2025-06-27,28.77,93.1068,172.8658,321.9725
2025-07-01,29.26,94.6926,172.8658,321.9725
2025-07-02,29.63,95.89,172.8658,321.9725
2025-07-03,29.91,96.7961,172.8658,321.9725
2025-07-07,29.23,94.5955,172.6959,320.0362
2025-07-08,29.25,94.6602,172.8092,321.326
2025-07-09,29.04,93.9806,171.8726,310.7946
2025-07-10,29.14,94.3042,172.186,314.2854
2025-07-11,29.18,94.4337,172.4126,316.8306
2025-07-14,29.15,94.3366,172.2426,314.9201
2025-07-15,29.2,94.4984,172.5259,318.1097
2025-07-16,29.22,94.5631,172.6392,319.393
2025-07-17,29.88,96.699,172.8658,321.9725
2025-07-18,29.99,97.055,172.8658,321.9725
2025-07-21,29.79,96.4078,172.8658,321.9725
2025-07-22,29.5,95.4693,172.8658,321.9725
2025-07-23,29.72,96.1812,172.8658,321.9725
2025-07-24,29.3,94.822,172.8658,321.9725
2025-07-25,28.9526,93.6977,171.8726,310.7946
2025-07-28,29.05,94.0129,171.8726,310.7946
2025-07-29,29.457,95.3301,172.8658,321.9725
2025-07-30,29.25,94.6602,172.8092,321.326
2025-07-31,29.0847,94.1252,171.8726,310.7946
2025-08-01,29.24,94.6278,171.8726,310.7946
2025-08-04,29.72,96.1812,174.2112,314.9725
2025-08-05,29.94,96.8932,175.2809,316.8834
2025-08-06,30.3,98.0583,177.0284,320.0048
2025-08-08,30.7,99.3528,178.966,323.4652
2025-08-11,31.05,100.4854,180.6579,326.4864
2025-08-12,31.15,100.8091,181.1407,327.3485
2025-08-13,31.26,101.165,181.6714,328.2962
2025-08-14,31.13,100.7443,181.0441,327.1761
2025-08-15,31.35,101.4563,182.1055,329.0711
2025-08-19,31.38,101.5534,182.2501,329.3294
2025-08-20,31.44,101.7476,182.5393,329.8457
2025-08-21,31.4,101.6181,182.3465,329.5015
2025-08-22,31.86,103.1068,184.561,333.455
2025-08-25,31.76,102.7832,184.08,332.5964
2025-08-26,31.78,102.8479,184.1763,332.7682
2025-08-27,31.81,102.945,184.3205,333.0258
2025-08-28,31.87,103.1392,184.6091,333.5408
2025-08-29,31.98,103.4951,185.1378,334.4847
2025-09-02,31.96,103.4304,185.1378,334.4847
2025-09-03,31.9,103.2362,185.1378,334.4847
2025-09-04,32.32,104.5955,186.8579,337.4524
2025-09-05,32.59,105.4693,188.1458,339.6736
2025-09-08,32.78,106.0841,189.0509,341.2343
2025-09-09,32.74,105.9547,188.8604,340.9059
2025-09-10,32.83,106.246,189.289,341.6447
2025-09-11,32.98,106.7314,189.289,341.6447
2025-09-12,32.57,105.4045,188.0504,339.5092
2025-09-15,32.69,105.7929,188.6223,340.4952
2025-09-16,32.81,106.1812,189.1938,341.4806
2025-09-17,32.62,105.5663,188.2887,339.9201
2025-09-18,32.42,104.9191,187.3351,338.2755
2025-09-19,32.89,106.4401,189.289,341.6447
2025-09-22,33.35,107.9288,189.289,341.6447
2025-09-23,33.5241,108.4922,189.289,341.6447
2025-09-24,33.37,107.9935,189.289,341.6447
2025-09-25,33.1,107.1197,189.289,341.6447
2025-09-26,33.06,106.9903,189.289,341.6447
2025-09-29,32.69,105.7929,188.6223,340.4952
2025-09-30,32.83,106.246,189.289,341.6447
2025-10-01,32.82,106.2136,189.289,341.6447
2025-10-02,32.71,105.8576,189.289,341.6447
2025-10-03,32.8,106.1489,189.289,341.6447
2025-10-06,33.15,107.2816,192.2156,348.169
2025-10-07,32.85,106.3107,189.5544,342.2354
2025-10-08,32.99,106.7638,190.7947,344.9984
2025-10-09,33.13,107.2168,192.0378,347.7719
2025-10-10,32.43,104.9515,189.289,341.6447
2025-10-14,33.1,107.1197,191.7712,347.1767
2025-10-15,33.21,107.4757,192.7494,349.3614
2025-10-16,33.62,108.8026,196.4107,357.5614
2025-10-17,33.81,109.4175,198.1155,361.3918
2025-10-20,33.41,108.123,194.5324,353.3502
2025-10-21,32.99,106.7638,190.7947,344.9984
2025-10-22,33.21,107.4757,192.7494,349.3614
2025-10-23,33.8,109.3851,198.0257,361.1897
2025-10-27,34.7,112.2977,206.1693,379.5898
2025-10-28,34.65,112.1359,205.7138,378.5562
2025-10-29,34.79,112.589,206.9899,381.4534
2025-10-30,35.166,113.8058,210.4305,389.286
2025-10-31,35.17,113.8188,210.4672,389.3697
2025-11-04,35.325,114.3204,210.4672,389.3697
2025-11-05,36.09,116.7961,214.2708,395.0447
2025-11-06,36.67,118.6731,217.1457,399.3213
2025-11-07,37.12,120.1294,219.3711,402.6243
2025-11-10,37.42,121.1003,220.0626,403.6492
2025-11-11,37.73,122.1036,220.0626,403.6492
2025-11-12,37.93,122.7508,220.0626,403.6492
2025-11-13,37.18,120.3236,219.6675,403.0637
2025-11-14,36.84,119.2233,217.9869,400.5707
2025-11-18,37.14,120.1942,219.4699,402.7708
2025-11-19,37.09,120.0324,219.2229,402.4045
2025-11-20,36.36,117.6699,215.61,397.0383
2025-11-21,35.57,115.1133,211.6868,391.1915
2025-11-24,35.93,116.2783,213.4764,393.861
2025-11-25,36.08,116.7638,214.2211,394.9708
2025-11-26,36.79,119.0615,217.7396,400.2034
2025-11-28,37.26,120.5825,220.0626,403.6492
2025-12-01,37.0,119.7411,220.0626,403.6492
2025-12-02,37.281,120.6505,220.0626,403.6492
2025-12-03,37.4933,121.3375,220.0626,403.6492
2025-12-04,37.82,122.3948,220.0626,403.6492
2025-12-05,37.05,119.9029,220.0626,403.6492
2025-12-09,37.27,120.6149,220.0626,403.6492
2025-12-10,37.37,120.9385,220.0626,403.6492
2025-12-11,37.46,121.2298,220.0626,403.6492
2025-12-12,37.77,122.233,220.0626,403.6492
2025-12-15,37.52,121.4239,220.0626,403.6492
2025-12-16,36.87,119.3204,219.6579,403.6527
2025-12-17,36.37,117.7023,218.0949,403.666
2025-12-18,36.55,118.2848,218.6588,403.6612
2025-12-19,36.89,119.3851,219.7202,403.6522
2025-12-22,37.11,120.0971,220.0626,403.6492
2025-12-23,37.8,122.3301,220.0626,403.6492
2025-12-24,38.4,124.2718,220.0626,403.6492
2025-12-26,38.37,124.1748,220.0626,403.6492
2025-12-29,38.49,124.5631,220.0626,403.6492
2025-12-30,35.92,116.246,216.6795,403.6782
2026-01-02,35.32,114.3042,216.6795,403.6782
2026-01-05,37.1,120.0647,225.5566,422.7003
2026-01-06,37.59,121.6505,227.9864,427.9264
2026-01-07,37.13,120.1618,225.7055,423.0204
2026-01-08,37.86,122.5243,229.3229,430.8043
2026-01-09,37.95,122.8155,229.7679,431.7633
2026-01-13,38.87,125.7929,234.3067,441.5581
2026-01-14,39.07,126.4401,235.2907,443.6855
2026-01-15,39.4,127.5081,236.9124,447.1941
2026-01-16,40.24,130.2265,241.0291,456.1167
2026-01-20,41.24,133.4628,245.9096,466.7236
2026-01-21,42.15,136.4078,249.41,474.3504
2026-01-22,42.17,136.4725,249.41,474.3504
2026-01-23,42.91,138.8673,249.41,474.3504
2026-01-26,43.09,139.4498,249.41,474.3504
2026-01-27,43.62,141.165,249.41,474.3504
2026-01-28,43.14,139.6117,249.41,474.3504
2026-01-29,43.21,139.8382,249.41,474.3504
2026-01-30,41.96,135.7929,249.41,474.3504
2026-02-02,41.96,135.7929,249.41,474.3504
2026-02-03,42.12,136.3107,249.41,474.3504
2026-02-04,41.25,133.4951,244.6379,463.3483
2026-02-05,39.88,129.0615,235.4605,442.3198
2026-02-06,41.08,132.945,243.4969,460.7245
2026-02-09,41.81,135.3074,248.4009,472.0201
2026-02-10,41.66,134.822,247.3923,469.693
2026-02-11,41.25,133.4951,244.6379,463.3483
2026-02-12,40.13,129.8706,237.1321,446.1372
2026-02-13,41.12,133.0744,243.7653,461.3415
2026-02-17,41.19,133.301,244.2351,462.4218
2026-02-18,40.95,132.5243,242.6247,458.7208
2026-02-19,41.19,133.301,244.2351,462.4218
2026-02-20,41.55,134.466,246.653,467.9885
2026-02-23,42.42,137.2816,249.41,474.3504
2026-02-24,41.39,133.9482,245.578,465.5122
2026-02-25,41.0,132.6861,242.9601,459.4912
2026-02-26,39.3,127.1845,231.5876,433.4981
2026-02-27,38.92,125.9547,229.0543,427.7447
2026-03-02,37.36,120.9061,229.0543,427.7447
2026-03-03,36.48,118.0583,229.0543,427.7447
2026-03-04,37.2,120.3883,229.0543,427.7447
2026-03-05,36.88,119.3528,229.0543,427.7447
2026-03-06,36.6,118.4466,229.0543,427.7447
2026-03-09,37.4,121.0356,229.0478,428.1068
2026-03-10,38.54,124.7249,228.8649,438.3938
2026-03-11,38.71,125.2751,228.8382,439.9223
2026-03-12,38.15,123.4628,228.9269,434.8818
2026-03-13,37.41,121.068,229.0461,428.1973
2026-03-16,37.61,121.7152,229.0137,430.0066
2026-03-17,37.6,121.6828,229.0153,429.9162
2026-03-18,37.37,120.9385,229.0527,427.8352
2026-03-19,37.54,121.4887,229.025,429.3736
2026-03-20,37.27,120.6149,229.0543,427.7447
2026-03-24,37.98,122.9126,228.9541,433.3486
2026-03-25,38.67,125.1456,228.8445,439.5628
2026-03-26,38.37,124.1748,228.8919,436.8638
2026-03-27,38.15,123.4628,228.9269,434.8818
2026-03-30,38.9,125.89,228.8084,441.629
2026-03-31,39.56,128.0259,228.706,447.5441
2026-04-01,39.71,128.5113,228.706,447.5441
2026-04-06,40.0785,129.704,228.706,447.5441
2026-04-07,39.4089,127.5368,228.0417,445.9152
2026-04-08,39.6164,128.2084,228.4998,447.0384
2026-04-09,39.7765,128.7265,228.706,447.5441
2026-04-10,39.9067,129.1479,228.706,447.5441
2026-04-13,40.6915,131.6876,228.706,447.5441
2026-04-14,40.9001,132.3627,228.706,447.5441
2026-04-15,40.2978,130.4136,228.706,447.5441
2026-04-16,40.4384,130.8686,228.706,447.5441
2026-04-17,39.9048,129.1417,228.706,447.5441
2026-04-20,39.6853,128.4314,228.6516,447.4106
2026-04-21,39.6057,128.1737,228.4762,446.9804
2026-04-22,39.6314,128.2569,228.5329,447.1194
2026-04-23,39.0902,126.5055,227.3353,444.1843
2026-04-24,38.9795,126.1473,227.0891,443.5813
2026-04-27,38.2402,123.7546,225.4334,439.531
2026-04-28,37.8528,122.5009,224.7909,437.9615
2026-04-29,37.4654,121.2472,224.7909,437.9615
2026-04-30,37.9557,122.8339,224.7909,437.9615
2026-05-04,37.8075,122.3542,224.7909,437.9615
2026-05-05,37.8418,122.4653,224.8031,437.358
2026-05-06,38.1158,123.3521,224.8995,432.5906
2026-05-07,37.7444,122.1503,224.7909,437.9615
2026-05-08,36.9981,119.7351,224.7909,437.9615
2026-05-11,36.7643,118.9783,224.7909,437.9615
2026-05-12,36.4168,117.8538,224.7909,437.9615
2026-05-13,36.1542,117.0039,224.7909,437.9615
2026-05-14,36.9902,119.7094,224.7909,437.9615
2026-05-15,36.6406,118.5779,224.7909,437.9615
2026-05-19,36.7928,119.0706,224.7909,437.9615
2026-05-20,36.4433,117.9394,224.7909,437.9615
2026-05-21,36.6714,118.6777,224.7909,437.9615
2026-05-22,36.3611,117.6735,224.7909,437.9615
2026-05-25,37.2121,120.4277,224.7909,437.9615
2026-05-26,38.8638,125.7729,224.956,429.8277
2026-05-27,38.2769,123.8735,224.956,429.8277
